<rss version="2.0" xmlns:atom="http://www.w3.org/2005/Atom"><channel><title>Documentation – Manage Worksheets</title><link>https://docs2.aspose.com/cells/pythonjava/developerguide/worksheets/manage+worksheets/</link><description>Recent content in Manage Worksheets on Documentation</description><generator>Hugo -- gohugo.io</generator><atom:link href="https://docs2.aspose.com/cells/pythonjava/developerguide/worksheets/manage+worksheets/index.xml" rel="self" type="application/rss+xml"/></channel></rss>