<rss version="2.0" xmlns:atom="http://www.w3.org/2005/Atom"><channel><title>Documentation – Release Notes - 2013</title><link>https://docs2.aspose.com/cells/sharepoint/releasenotes/2013/</link><description>Recent content in Release Notes - 2013 on Documentation</description><generator>Hugo -- gohugo.io</generator><atom:link href="https://docs2.aspose.com/cells/sharepoint/releasenotes/2013/index.xml" rel="self" type="application/rss+xml"/><item><title>Sharepoint: Aspose.Cells for SharePoint 3.0.1 Release Notes</title><link>https://docs2.aspose.com/cells/sharepoint/releasenotes/2013/aspose.cells+for+sharepoint+3.0.1+release+notes/</link><pubDate>Mon, 01 Jan 0001 00:00:00 +0000</pubDate><guid>https://docs2.aspose.com/cells/sharepoint/releasenotes/2013/aspose.cells+for+sharepoint+3.0.1+release+notes/</guid><description>
&lt;p>Aspose.Cells for SharePoint : Aspose.Cells for SharePoint 3.0.1 Release Notes&lt;/p>
&lt;h1 id="asposecells-for-sharepoint--asposecells-for-sharepoint-301-release-notes">Aspose.Cells for SharePoint : Aspose.Cells for SharePoint 3.0.1 Release Notes&lt;/h1>
&lt;p>This page contains release notes for &lt;a href="http://www.aspose.com/downloads/cells/sharepoint/new-releases/aspose.cells-for-sharepoint-3.0.1/">Aspose.Cells for SharePoint 3.0.1&lt;/a>&lt;/p>
&lt;p>We are happy to announce Aspose.Cells for SharePoint v3.0.1!&lt;/p>
&lt;p>New Features&lt;/p>
&lt;p>SHAREPOINT-40018- Search in the document at SharePoint&lt;/p>
&lt;p>SHAREPOINT-40015- Add Aspose.Cells for SharePoint toolbar for SharePoint 2010&lt;/p>
&lt;p>Enhancements&lt;/p>
&lt;p>SHAREPOINT-40014&lt;/p>
&lt;ul>
&lt;li>Preview documents @ SharePoint&lt;/li>
&lt;/ul></description></item><item><title>Sharepoint: Aspose.Cells for SharePoint 3.0.2 Release Notes</title><link>https://docs2.aspose.com/cells/sharepoint/releasenotes/2013/aspose.cells+for+sharepoint+3.0.2+release+notes/</link><pubDate>Mon, 01 Jan 0001 00:00:00 +0000</pubDate><guid>https://docs2.aspose.com/cells/sharepoint/releasenotes/2013/aspose.cells+for+sharepoint+3.0.2+release+notes/</guid><description>
&lt;p>Aspose.Cells for SharePoint : Aspose.Cells for SharePoint 3.0.2 Release Notes&lt;/p>
&lt;h1 id="asposecells-for-sharepoint--asposecells-for-sharepoint-302-release-notes">Aspose.Cells for SharePoint : Aspose.Cells for SharePoint 3.0.2 Release Notes&lt;/h1>
&lt;p>This page contains release notes for &lt;a href="http://www.aspose.com/downloads/cells/sharepoint/new-releases/aspose.cells-for-sharepoint-3.0.2/">Aspose.Cells for SharePoint 3.0.2&lt;/a>&lt;/p>
&lt;p>New Features&lt;/p>
&lt;p>Enhancements&lt;/p>
&lt;ul>
&lt;li>Fixes an issue regarding the setting&lt;br>
Aspose.Total.SharePoint.License.wsp&lt;/li>
&lt;li>Destination&lt;br>
file extension does not change when new file type is selected from the&lt;br>
&amp;ldquo;Convert To:&amp;rdquo; drop down list)&lt;/li>
&lt;/ul></description></item></channel></rss>