<rss version="2.0" xmlns:atom="http://www.w3.org/2005/Atom"><channel><title>Documentation – Release Notes - 2019</title><link>https://docs2.aspose.com/cells/reportingservices/releasenotes/2019/</link><description>Recent content in Release Notes - 2019 on Documentation</description><generator>Hugo -- gohugo.io</generator><atom:link href="https://docs2.aspose.com/cells/reportingservices/releasenotes/2019/index.xml" rel="self" type="application/rss+xml"/><item><title>Reportingservices: Aspose.Cells for Reporting Services 19.9 Release Notes</title><link>https://docs2.aspose.com/cells/reportingservices/releasenotes/2019/aspose.cells+for+reporting+services+19.9+release+notes/</link><pubDate>Mon, 01 Jan 0001 00:00:00 +0000</pubDate><guid>https://docs2.aspose.com/cells/reportingservices/releasenotes/2019/aspose.cells+for+reporting+services+19.9+release+notes/</guid><description>
&lt;p>Aspose.Cells for Reporting Services : Aspose.Cells for Reporting Services 19.9 Release Notes&lt;/p>
&lt;h1 id="asposecells-for-reporting-services--asposecells-for-reporting-services-199-release-notes">Aspose.Cells for Reporting Services : Aspose.Cells for Reporting Services 19.9 Release Notes&lt;/h1>
&lt;p>This page contains release notes for Aspose.Cells for Reporting Services 19.9.&lt;/p>
&lt;div class="table table-striped" role="alert">
&lt;table>
&lt;thead>
&lt;tr>
&lt;th align="left">Key&lt;/th>
&lt;th align="left">Summary&lt;/th>
&lt;th align="left">Category&lt;/th>
&lt;/tr>
&lt;/thead>
&lt;tbody>
&lt;tr>
&lt;td align="left">CELLSRS-563&lt;/td>
&lt;td align="left">Define different passwords on different reports and different export formats.&lt;/td>
&lt;td align="left">New Feature&lt;/td>
&lt;/tr>
&lt;tr>
&lt;td align="left">CELLSRS-562&lt;/td>
&lt;td align="left">The border style is set from a formula in the exported reports.&lt;/td>
&lt;td align="left">Bug&lt;/td>
&lt;/tr>
&lt;tr>
&lt;td align="left">CELLSRS-559&lt;/td>
&lt;td align="left">Report created with the earlier version will not open.&lt;/td>
&lt;td align="left">Bug&lt;/td>
&lt;/tr>
&lt;tr>
&lt;td align="left">CELLSRS-550&lt;/td>
&lt;td align="left">Runtime error 429 when opening the report from Aspose.Cells RS client tool.&lt;/td>
&lt;td align="left">Bug&lt;/td>
&lt;/tr>
&lt;tr>
&lt;td align="left">CELLSRS-543&lt;/td>
&lt;td align="left">No rendering options after installing Aspose.Cells for Reporting Services.&lt;/td>
&lt;td align="left">Bug&lt;/td>
&lt;/tr>
&lt;/tbody>
&lt;/table>
&lt;/div></description></item><item><title>Reportingservices: Aspose.Cells for Reporting Services 19.5 Release Notes</title><link>https://docs2.aspose.com/cells/reportingservices/releasenotes/2019/aspose.cells+for+reporting+services+19.5+release+notes/</link><pubDate>Mon, 01 Jan 0001 00:00:00 +0000</pubDate><guid>https://docs2.aspose.com/cells/reportingservices/releasenotes/2019/aspose.cells+for+reporting+services+19.5+release+notes/</guid><description>
&lt;p>Aspose.Cells for Reporting Services : Aspose.Cells for Reporting Services 19.5 Release Notes&lt;/p>
&lt;h1 id="asposecells-for-reporting-services--asposecells-for-reporting-services-195-release-notes">Aspose.Cells for Reporting Services : Aspose.Cells for Reporting Services 19.5 Release Notes&lt;/h1>
&lt;p>This page contains release notes for Aspose.Cells for Reporting Services 19.5.&lt;/p>
&lt;div class="table table-striped" role="alert">
&lt;table>
&lt;thead>
&lt;tr>
&lt;th align="left">Key&lt;/th>
&lt;th align="left">Summary&lt;/th>
&lt;th align="left">Category&lt;/th>
&lt;/tr>
&lt;/thead>
&lt;tbody>
&lt;tr>
&lt;td align="left">CELLSRS-552&lt;/td>
&lt;td align="left">Support to export MarkDown format file.&lt;/td>
&lt;td align="left">New Feature&lt;/td>
&lt;/tr>
&lt;tr>
&lt;td align="left">CELLSRS-557&lt;/td>
&lt;td align="left">Macros are lost when publishing the report.&lt;/td>
&lt;td align="left">Bug&lt;/td>
&lt;/tr>
&lt;tr>
&lt;td align="left">CELLSRS-555&lt;/td>
&lt;td align="left">Fields cannot be added to a matrix report.&lt;/td>
&lt;td align="left">Bug&lt;/td>
&lt;/tr>
&lt;tr>
&lt;td align="left">CELLSRS-554&lt;/td>
&lt;td align="left">Report server URL is not saved in the client.&lt;/td>
&lt;td align="left">Bug&lt;/td>
&lt;/tr>
&lt;tr>
&lt;td align="left">CELLSRS-553&lt;/td>
&lt;td align="left">Publishing report fails for a shared data source.&lt;/td>
&lt;td align="left">Bug&lt;/td>
&lt;/tr>
&lt;tr>
&lt;td align="left">CELLSRS-551&lt;/td>
&lt;td align="left">Unable to open any exported files after update to version 19.3&lt;/td>
&lt;td align="left">Bug&lt;/td>
&lt;/tr>
&lt;tr>
&lt;td align="left">CELLSRS-549&lt;/td>
&lt;td align="left">Exception caught instantiating ACXLSX report server extension: &amp;ldquo;System.IO.FileLoadException: Could not load file or assembly&amp;rdquo;&lt;/td>
&lt;td align="left">Bug&lt;/td>
&lt;/tr>
&lt;/tbody>
&lt;/table>
&lt;/div></description></item><item><title>Reportingservices: Aspose.Cells for Reporting Services 19.3 Release Notes</title><link>https://docs2.aspose.com/cells/reportingservices/releasenotes/2019/aspose.cells+for+reporting+services+19.3+release+notes/</link><pubDate>Mon, 01 Jan 0001 00:00:00 +0000</pubDate><guid>https://docs2.aspose.com/cells/reportingservices/releasenotes/2019/aspose.cells+for+reporting+services+19.3+release+notes/</guid><description>
&lt;p>Aspose.Cells for Reporting Services : Aspose.Cells for Reporting Services 19.3 Release Notes&lt;/p>
&lt;h1 id="asposecells-for-reporting-services--asposecells-for-reporting-services-193-release-notes">Aspose.Cells for Reporting Services : Aspose.Cells for Reporting Services 19.3 Release Notes&lt;/h1>
&lt;p>This page contains release notes for Aspose.Cells for Reporting Services 19.3.&lt;/p>
&lt;div class="table table-striped" role="alert">
&lt;table>
&lt;thead>
&lt;tr>
&lt;th align="left">Key&lt;/th>
&lt;th align="left">Summary&lt;/th>
&lt;th align="left">Category&lt;/th>
&lt;/tr>
&lt;/thead>
&lt;tbody>
&lt;tr>
&lt;td align="left">CELLSRS-544&lt;/td>
&lt;td align="left">Aspose.Cells for Reporting Services supports to export XPS format.&lt;/td>
&lt;td align="left">New Feature&lt;/td>
&lt;/tr>
&lt;/tbody>
&lt;/table>
&lt;/div></description></item><item><title>Reportingservices: Aspose.Cells for Reporting Services 19.1 Release Notes</title><link>https://docs2.aspose.com/cells/reportingservices/releasenotes/2019/aspose.cells+for+reporting+services+19.1+release+notes/</link><pubDate>Mon, 01 Jan 0001 00:00:00 +0000</pubDate><guid>https://docs2.aspose.com/cells/reportingservices/releasenotes/2019/aspose.cells+for+reporting+services+19.1+release+notes/</guid><description>
&lt;p>Aspose.Cells for Reporting Services : Aspose.Cells for Reporting Services 19.1 Release Notes&lt;/p>
&lt;h1 id="asposecells-for-reporting-services--asposecells-for-reporting-services-191-release-notes">Aspose.Cells for Reporting Services : Aspose.Cells for Reporting Services 19.1 Release Notes&lt;/h1>
&lt;p>This page contains release notes for Aspose.Cells for Reporting Services 19.1.&lt;/p>
&lt;div class="table table-striped" role="alert">
&lt;table>
&lt;thead>
&lt;tr>
&lt;th align="left">Key&lt;/th>
&lt;th align="left">Summary&lt;/th>
&lt;th align="left">Category&lt;/th>
&lt;/tr>
&lt;/thead>
&lt;tbody>
&lt;tr>
&lt;td align="left">CELLSRS-511&lt;/td>
&lt;td align="left">Support Tablix Group Page Break (Aspose.Cells for Reporting Services report designer)&lt;/td>
&lt;td align="left">New Feature&lt;/td>
&lt;/tr>
&lt;tr>
&lt;td align="left">CELLSRS-531&lt;/td>
&lt;td align="left">Create Multiple Tabs using Aspose.Cells for Reporting Services&lt;/td>
&lt;td align="left">New Feature&lt;/td>
&lt;/tr>
&lt;/tbody>
&lt;/table>
&lt;/div></description></item></channel></rss>