<rss version="2.0" xmlns:atom="http://www.w3.org/2005/Atom"><channel><title>Documentation – Calculate Workbook Formulas</title><link>https://docs2.aspose.com/cells/cpp/developerguide/formulas/calculate+workbook+formulas/</link><description>Recent content in Calculate Workbook Formulas on Documentation</description><generator>Hugo -- gohugo.io</generator><atom:link href="https://docs2.aspose.com/cells/cpp/developerguide/formulas/calculate+workbook+formulas/index.xml" rel="self" type="application/rss+xml"/></channel></rss>