<rss version="2.0" xmlns:atom="http://www.w3.org/2005/Atom"><channel><title>Documentation – Make Use of Report Designer Client Tool</title><link>https://docs2.aspose.com/cells/reportingservices/gettingstarted/features/make+use+of+report+designer+client+tool/</link><description>Recent content in Make Use of Report Designer Client Tool on Documentation</description><generator>Hugo -- gohugo.io</generator><atom:link href="https://docs2.aspose.com/cells/reportingservices/gettingstarted/features/make+use+of+report+designer+client+tool/index.xml" rel="self" type="application/rss+xml"/></channel></rss>