<rss version="2.0" xmlns:atom="http://www.w3.org/2005/Atom"><channel><title>Documentation – Release Notes - 2012</title><link>https://docs2.aspose.com/cells/reportingservices/releasenotes/2012/</link><description>Recent content in Release Notes - 2012 on Documentation</description><generator>Hugo -- gohugo.io</generator><atom:link href="https://docs2.aspose.com/cells/reportingservices/releasenotes/2012/index.xml" rel="self" type="application/rss+xml"/><item><title>Reportingservices: Aspose.Cells for Reporting Services 1.8.0 Release Notes</title><link>https://docs2.aspose.com/cells/reportingservices/releasenotes/2012/aspose.cells+for+reporting+services+1.8.0+release+notes/</link><pubDate>Mon, 01 Jan 0001 00:00:00 +0000</pubDate><guid>https://docs2.aspose.com/cells/reportingservices/releasenotes/2012/aspose.cells+for+reporting+services+1.8.0+release+notes/</guid><description>
&lt;p>Aspose.Cells for Reporting Services : Aspose.Cells for Reporting Services 1.8.0 Release Notes&lt;/p>
&lt;h1 id="asposecells-for-reporting-services--asposecells-for-reporting-services-180-release-notes">Aspose.Cells for Reporting Services : Aspose.Cells for Reporting Services 1.8.0 Release Notes&lt;/h1>
&lt;p>This page contains release notes for &lt;a href="http://www.aspose.com/downloads/cells/reportingservices/new-releases/aspose.cells-for-reporting-services-1.8.0/">Aspose.Cells for Reporting Services 1.8.0&lt;/a>&lt;/p>
&lt;p>We are pleasedto announce Aspose.Cells for Reporting Services v1.8.0. It includes severalimprovements and resolves a number of fixes.&lt;/p>
&lt;p>General Features&lt;/p>
&lt;ul>
&lt;li>Support to Protect Workbook&lt;/li>
&lt;li>Support to Protect Worksheet&lt;/li>
&lt;li>Add Filter function to&lt;br>
Aspose.Cells for Reporting Services client component&lt;/li>
&lt;li>Include Office 2010 x64&lt;br>
support for Aspose.Cells for Reporting Services client component&lt;/li>
&lt;/ul>
&lt;p>Optimization / Performance&lt;/p>
&lt;ul>
&lt;li>Aspose.Cells for Reporting&lt;br>
Services is overall optimized regarding performance&lt;/li>
&lt;li>Pivot table feature / module&lt;br>
is further optimized&lt;/li>
&lt;/ul>
&lt;p>General Fixation and Enhancements&lt;/p>
&lt;p>We havefixed the following internal / general bugs and enhanced the modules:&lt;/p>
&lt;ul>
&lt;li>Herder background color bug&lt;/li>
&lt;li>Hide column issue&lt;/li>
&lt;li>Row merged algorithm module&lt;/li>
&lt;li>Page breaks issue&lt;/li>
&lt;li>Hyperlink and Bookmark Links bugs&lt;/li>
&lt;li>ETA bug / issue&lt;/li>
&lt;li>Row algorithm module&lt;/li>
&lt;li>Excel 2007 (Data Only) output&lt;br>
bug&lt;/li>
&lt;/ul>
&lt;p>All Fixes&lt;/p>
&lt;ul>
&lt;li>
&lt;p>Server Component - Fields are merged when rendered as XLSX&lt;/p>
&lt;/li>
&lt;li>
&lt;p>Server Component - Export issues by of Aspose.Cells for Reporting Services&lt;/p>
&lt;/li>
&lt;li>
&lt;p>Server Component - Hidden column is visible after rendering&lt;/p>
&lt;/li>
&lt;li>
&lt;p>Server Component - Column group headers are missing&lt;/p>
&lt;/li>
&lt;li>
&lt;p>Server Component - Page Break Implementation issue (XL#38567)&lt;/p>
&lt;/li>
&lt;li>
&lt;p>Server Component - Unable to publish the Report if a report contains ‘*’within formulas  &lt;/p>
&lt;/li>
&lt;/ul>
&lt;p>30962 - ServerComponent - Huge spacing or gap between two tablixes&lt;/p>
&lt;ul>
&lt;li>
&lt;p>Server Component – Cell’s Background Color Problem (XL#CCS) in the ReportingServices&lt;/p>
&lt;/li>
&lt;li>
&lt;p>Server Component - Dynamic Formula and Table Footers issue&lt;/p>
&lt;/li>
&lt;li>
&lt;p>ServerComponent - Generate an XLSX file instead of CSV if a user selects CSV exporttype&lt;/p>
&lt;/li>
&lt;li>
&lt;p>ServerComponent - Unable to export a Cross Tab report into MS Excel 2007&lt;/p>
&lt;/li>
&lt;li>
&lt;p>Server Component - CSV Export Encoding issue&lt;/p>
&lt;/li>
&lt;/ul></description></item></channel></rss>