<rss version="2.0" xmlns:atom="http://www.w3.org/2005/Atom"><channel><title>Documentation – Uninstalling Aspose.Cells for SharePoint</title><link>https://docs2.aspose.com/cells/sharepoint/productinformation/install/uninstalling+aspose.cells+for+sharepoint/</link><description>Recent content in Uninstalling Aspose.Cells for SharePoint on Documentation</description><generator>Hugo -- gohugo.io</generator><atom:link href="https://docs2.aspose.com/cells/sharepoint/productinformation/install/uninstalling+aspose.cells+for+sharepoint/index.xml" rel="self" type="application/rss+xml"/></channel></rss>