<rss version="2.0" xmlns:atom="http://www.w3.org/2005/Atom"><channel><title>Documentation – Converting Files</title><link>https://docs2.aspose.com/cells/pythonjava/developerguide/convertingfiles/</link><description>Recent content in Converting Files on Documentation</description><generator>Hugo -- gohugo.io</generator><atom:link href="https://docs2.aspose.com/cells/pythonjava/developerguide/convertingfiles/index.xml" rel="self" type="application/rss+xml"/><item><title>Pythonjava: Convert Excel to HTML</title><link>https://docs2.aspose.com/cells/pythonjava/developerguide/convertingfiles/convert+excel+to+html/</link><pubDate>Mon, 01 Jan 0001 00:00:00 +0000</pubDate><guid>https://docs2.aspose.com/cells/pythonjava/developerguide/convertingfiles/convert+excel+to+html/</guid><description>
&lt;p>Aspose.Cells for Python via Java : Convert Excel to HTML&lt;/p>
&lt;h1 id="asposecells-for-python-via-java--convert-excel-to-html">Aspose.Cells for Python via Java : Convert Excel to HTML&lt;/h1>
&lt;p>
&lt;div class="card my-3 border-top-0 border-right-0 border-bottom-0 border-left border-primary rounded" style="border-width:4px !important;">
&lt;div class="wrap border border-left-0 rounded">
&lt;div class="card-header border-0 bg-white pl-3 text-primary">
&lt;h3>Contents Summary&lt;/h3>
&lt;/div>
&lt;div class="card-body pt-1">
&lt;ul>
&lt;li>1 &lt;a href="#convert-excel-to-html">Convert Excel to HTML&lt;/a>&lt;/li>
&lt;/ul>
&lt;/div>
&lt;/div>
&lt;/div>
 &lt;/p>
&lt;p> &lt;/p>
&lt;h2 id="convert-excel-to-html">Convert Excel to HTML&lt;/h2>
&lt;p>Aspose.Cells for Python via Java API provides the ability to convert Excel files to HTML documents. For this, the API provides the &lt;a href="https://apireference.aspose.com/cells/python/asposecells.api/HtmlSaveOptions">HtmlSaveOptions&lt;/a> class which allows developers to control several aspects of the output HTML.&lt;/p>
&lt;p>The following code snippet demonstrates the use of &lt;a href="https://apireference.aspose.com/cells/python/asposecells.api/HtmlSaveOptions">HtmlSaveOptions&lt;/a> class to export Excel Files to HTML format.&lt;/p></description></item><item><title>Pythonjava: Convert Excel to Image</title><link>https://docs2.aspose.com/cells/pythonjava/developerguide/convertingfiles/convert+excel+to+image/</link><pubDate>Mon, 01 Jan 0001 00:00:00 +0000</pubDate><guid>https://docs2.aspose.com/cells/pythonjava/developerguide/convertingfiles/convert+excel+to+image/</guid><description>
&lt;p>Aspose.Cells for Python via Java : Convert Excel to Image&lt;/p>
&lt;h1 id="asposecells-for-python-via-java--convert-excel-to-image">Aspose.Cells for Python via Java : Convert Excel to Image&lt;/h1>
&lt;p>
&lt;div class="card my-3 border-top-0 border-right-0 border-bottom-0 border-left border-primary rounded" style="border-width:4px !important;">
&lt;div class="wrap border border-left-0 rounded">
&lt;div class="card-header border-0 bg-white pl-3 text-primary">
&lt;h3>Contents Summary&lt;/h3>
&lt;/div>
&lt;div class="card-body pt-1">
&lt;ul>
&lt;li>1 &lt;a href="#convert-excel-to-image">Convert Excel to Image&lt;/a>&lt;/li>
&lt;/ul>
&lt;/div>
&lt;/div>
&lt;/div>
 &lt;/p>
&lt;p> &lt;/p>
&lt;h2 id="convert-excel-to-image">Convert Excel to Image&lt;/h2>
&lt;p>Aspose.Cells for Python via Java supports converting Excel files to different image forms images. For this, the API provides the &lt;a href="https://apireference.aspose.com/cells/python/asposecells.api/SheetRender">SheetRender&lt;/a> and &lt;a href="https://apireference.aspose.com/cells/python/asposecells.api/ImageOrPrintOptions">ImageOrPrintOptions&lt;/a> classes. This class represents the worksheet that will be rendered to an image. The &lt;a href="https://apireference.aspose.com/cells/python/asposecells.api/SheetRender">SheetRender&lt;/a> class provides the &lt;a href="https://apireference.aspose.com/cells/python/asposecells.api/sheetrender#toImage(int,%20java.lang.String)">toImage()&lt;/a> method for converting a worksheet to an image file. BMP, PNG, JPEG, TIFF, and EMF formats are supported.&lt;/p>
&lt;p>The following code snippet demonstrates converting an Excel worksheet to a PNG image.&lt;/p></description></item><item><title>Pythonjava: Convert Excel to Markdown</title><link>https://docs2.aspose.com/cells/pythonjava/developerguide/convertingfiles/convert+excel+to+markdown/</link><pubDate>Mon, 01 Jan 0001 00:00:00 +0000</pubDate><guid>https://docs2.aspose.com/cells/pythonjava/developerguide/convertingfiles/convert+excel+to+markdown/</guid><description>
&lt;p>Aspose.Cells for Python via Java : Convert Excel to Markdown&lt;/p>
&lt;h1 id="asposecells-for-python-via-java--convert-excel-to-markdown">Aspose.Cells for Python via Java : Convert Excel to Markdown&lt;/h1>
&lt;p>
&lt;div class="card my-3 border-top-0 border-right-0 border-bottom-0 border-left border-primary rounded" style="border-width:4px !important;">
&lt;div class="wrap border border-left-0 rounded">
&lt;div class="card-header border-0 bg-white pl-3 text-primary">
&lt;h3>Contents Summary&lt;/h3>
&lt;/div>
&lt;div class="card-body pt-1">
&lt;ul>
&lt;li>1 &lt;a href="#convert-excel-to%C2%A0markdown">Convert Excel to Markdown&lt;/a>&lt;/li>
&lt;/ul>
&lt;/div>
&lt;/div>
&lt;/div>
 &lt;/p>
&lt;p> &lt;/p>
&lt;h2 id="convert-excel-tomarkdown">Convert Excel to Markdown&lt;/h2>
&lt;p>Aspose.Cells for Python via Java supports converting Excel files to Markdown format. To export the active worksheet to Markdown, pass &lt;a href="https://apireference.aspose.com/cells/python/asposecells.api/saveformat#MARKDOWN">SaveFormat.Markdown&lt;/a> as the second parameter of the &lt;a href="https://apireference.aspose.com/cells/python/asposecells.api/workbook#save(java.lang.String,%20int)">Workbook.Save&lt;/a> method. You may also use the &lt;a href="https://apireference.aspose.com/cells/python/asposecells.api/MarkdownSaveOptions">MarkdownSaveOptions&lt;/a> class to specify additional settings for exporting worksheets to Markdown.&lt;/p>
&lt;p>The following code example demonstrates exporting active worksheet to Markdown by using &lt;a href="https://apireference.aspose.com/cells/python/asposecells.api/saveformat#MARKDOWN">SaveFormat.Markdown&lt;/a> enumeration member. Please see the &lt;a href="https://docs.aspose.com/download/attachments/5013525/Book1.md?version=1&amp;amp;modificationDate=1557893527266&amp;amp;api=v2">output Markdown file&lt;/a> generated by the code for reference.&lt;/p></description></item><item><title>Pythonjava: Convert Excel to ODS</title><link>https://docs2.aspose.com/cells/pythonjava/developerguide/convertingfiles/convert+excel+to+ods/</link><pubDate>Mon, 01 Jan 0001 00:00:00 +0000</pubDate><guid>https://docs2.aspose.com/cells/pythonjava/developerguide/convertingfiles/convert+excel+to+ods/</guid><description>
&lt;p>Aspose.Cells for Python via Java : Convert Excel to ODS&lt;/p>
&lt;h1 id="asposecells-for-python-via-java--convert-excel-to-ods">Aspose.Cells for Python via Java : Convert Excel to ODS&lt;/h1>
&lt;p>
&lt;div class="card my-3 border-top-0 border-right-0 border-bottom-0 border-left border-primary rounded" style="border-width:4px !important;">
&lt;div class="wrap border border-left-0 rounded">
&lt;div class="card-header border-0 bg-white pl-3 text-primary">
&lt;h3>Contents Summary&lt;/h3>
&lt;/div>
&lt;div class="card-body pt-1">
&lt;ul>
&lt;li>1 &lt;a href="#convert-excel-to-ods">Convert Excel to ODS&lt;/a>
&lt;ul>
&lt;li>1.1 &lt;a href="#direct-conversion">Direct Conversion&lt;/a>&lt;/li>
&lt;li>1.2 &lt;a href="#save-the-ods-document-in-odf-1.1-or-1.2-specifications">Save the ODS document in ODF 1.1 or 1.2 Specifications&lt;/a>&lt;/li>
&lt;/ul>
&lt;/li>
&lt;/ul>
&lt;/div>
&lt;/div>
&lt;/div>
 &lt;/p>
&lt;p> &lt;/p>
&lt;h2 id="convert-excel-to-ods">Convert Excel to ODS&lt;/h2>
&lt;p>ODS files are created by the Calc program which is a part of the Apache OpenOffice Suite. ODS files store data that is organized in rows and columns and are formatted using the OASIS OpenDocument XML-based standard.&lt;/p>
&lt;p>Aspose.Cells for Python via Java supports working ODS files. The following examples demonstrate converting Excel to an ODS file.&lt;/p>
&lt;h3 id="direct-conversion">Direct Conversion&lt;/h3>
&lt;p>The simplest way to convert an Excel file to ODS is to load the workbook and save it by passing &lt;a href="https://apireference.aspose.com/cells/python/asposecells.api/saveformat#ODS">SaveFormat.ODS&lt;/a> as the second parameter of the &lt;a href="https://apireference.aspose.com/cells/python/asposecells.api/workbook#save(java.lang.String,%20int)">Workbook.save&lt;/a> method.&lt;/p>
&lt;p>The following code snippet demonstrated converting Excel directly to ODS&lt;/p>
&lt;h3 id="save-the-ods-document-in-odf-11-or-12-specifications">Save the ODS document in ODF 1.1 or 1.2 Specifications&lt;/h3>
&lt;p>Aspose.Cells for Python via Java supports saving ODS files in ODF 1.1 and ODF 1.2 specifications. For this, the API provides &lt;a href="https://apireference.aspose.com/cells/python/asposecells.api/odssaveoptions#IsStrictSchema11">OdsSaveOptions.setStrictSchema11()&lt;/a> property. Setting this property to &lt;strong>true&lt;/strong> will save the file with the ODF 1.1 specification. The default value of &lt;a href="https://apireference.aspose.com/cells/python/asposecells.api/odssaveoptions#IsStrictSchema11">OdsSaveOptions.setStrictSchema11()&lt;/a> is &lt;strong>false&lt;/strong>, so the ODS file saved without special settings is saved with ODF 1.2 specification.&lt;/p>
&lt;p>The following code snippet demonstrated saving ODS files with ODF 1.1 and 1.2 specifications.&lt;/p></description></item><item><title>Pythonjava: Convert Excel to PDF</title><link>https://docs2.aspose.com/cells/pythonjava/developerguide/convertingfiles/convert+excel+to+pdf/</link><pubDate>Mon, 01 Jan 0001 00:00:00 +0000</pubDate><guid>https://docs2.aspose.com/cells/pythonjava/developerguide/convertingfiles/convert+excel+to+pdf/</guid><description>
&lt;p>Aspose.Cells for Python via Java : Convert Excel to PDF&lt;/p>
&lt;h1 id="asposecells-for-python-via-java--convert-excel-to-pdf">Aspose.Cells for Python via Java : Convert Excel to PDF&lt;/h1>
&lt;p>
&lt;div class="card my-3 border-top-0 border-right-0 border-bottom-0 border-left border-primary rounded" style="border-width:4px !important;">
&lt;div class="wrap border border-left-0 rounded">
&lt;div class="card-header border-0 bg-white pl-3 text-primary">
&lt;h3>Contents Summary&lt;/h3>
&lt;/div>
&lt;div class="card-body pt-1">
&lt;ul>
&lt;li>1 &lt;a href="#convert-excel-to-pdf">Convert Excel to PDF&lt;/a>
&lt;ul>
&lt;li>1.1 &lt;a href="#direct-conversion">Direct Conversion&lt;/a>&lt;/li>
&lt;li>1.2 &lt;a href="#advanced-conversion">Advanced Conversion&lt;/a>&lt;/li>
&lt;/ul>
&lt;/li>
&lt;/ul>
&lt;/div>
&lt;/div>
&lt;/div>
 &lt;/p>
&lt;p> &lt;/p>
&lt;h2 id="convert-excel-to-pdf">Convert Excel to PDF&lt;/h2>
&lt;p>PDF documents are widely used as a standard format of exchanging documents between organizations, government sectors, and individuals. Software developers are often asked to devise a way to easily convert Microsoft Excel files into PDF documents. Aspose.Cells for Python via Java API provides the ability to convert Excel files to PDF documents (including PDF/A). Aspose.Cell&amp;rsquo;s converts spreadsheets to PDF with a high degree of accuracy and fidelity.&lt;/p>
&lt;h3 id="direct-conversion">Direct Conversion&lt;/h3>
&lt;p>To save an Excel file directly to PDF, you may use the &lt;a href="https://apireference.aspose.com/cells/python/asposecells.api/workbook#save(java.lang.String,%20com.aspose.cells.SaveOptions)">Workbook.save&lt;/a> method and pass &lt;a href="https://apireference.aspose.com/cells/python/asposecells.api/saveformat#PDF">SaveFormat.PDF&lt;/a> as the second parameter.&lt;/p>
&lt;p>The following code snippet demonstrates the use of &lt;a href="https://apireference.aspose.com/cells/python/asposecells.api/saveformat#PDF">SaveFormat.PDF&lt;/a> and the &lt;a href="https://apireference.aspose.com/cells/python/asposecells.api/workbook#save(java.lang.String,%20com.aspose.cells.SaveOptions)">Workbook.save&lt;/a> method to convert Excel to PDF format.&lt;/p>
&lt;h3 id="advanced-conversion">Advanced Conversion&lt;/h3>
&lt;p>To have more control over the conversion to PDF, the API provides the &lt;a href="https://apireference.aspose.com/cells/python/asposecells.api/PdfSaveOptions">PdfSaveOptions&lt;/a> class. The &lt;a href="https://apireference.aspose.com/cells/python/asposecells.api/PdfSaveOptions">PdfSaveOptions&lt;/a> class can be used to set different attributes for the conversion. Setting different properties of the &lt;a href="https://apireference.aspose.com/cells/python/asposecells.api/PdfSaveOptions">PdfSaveOptions&lt;/a> class will give you control over the Print, Font, Security, and Compression settings for the resultant PDF file. The most notable property is the &lt;a href="https://apireference.aspose.com/cells/python/asposecells.api/pdfsaveoptions#Compliance">Compliance&lt;/a> that enables you to save the Excel files to PDF/A compliant PDF files.&lt;/p>
&lt;p>if your spreadsheet contains formulas, call the &lt;a href="https://apireference.aspose.com/cells/python/asposecells.api/workbook#calculateFormula()">Workbook.calculateFormula&lt;/a> method just before rendering the spreadsheet to PDF. This ensures that the formula dependent values are recalculated and the correct values are rendered in the PDF.&lt;/p></description></item><item><title>Pythonjava: Convert Excel to SVG</title><link>https://docs2.aspose.com/cells/pythonjava/developerguide/convertingfiles/convert+excel+to+svg/</link><pubDate>Mon, 01 Jan 0001 00:00:00 +0000</pubDate><guid>https://docs2.aspose.com/cells/pythonjava/developerguide/convertingfiles/convert+excel+to+svg/</guid><description>
&lt;p>Aspose.Cells for Python via Java : Convert Excel to SVG&lt;/p>
&lt;h1 id="asposecells-for-python-via-java--convert-excel-to-svg">Aspose.Cells for Python via Java : Convert Excel to SVG&lt;/h1>
&lt;p>
&lt;div class="card my-3 border-top-0 border-right-0 border-bottom-0 border-left border-primary rounded" style="border-width:4px !important;">
&lt;div class="wrap border border-left-0 rounded">
&lt;div class="card-header border-0 bg-white pl-3 text-primary">
&lt;h3>Contents Summary&lt;/h3>
&lt;/div>
&lt;div class="card-body pt-1">
&lt;ul>
&lt;li>1 &lt;a href="#convert-excel-to-svg">Convert Excel to SVG&lt;/a>&lt;/li>
&lt;/ul>
&lt;/div>
&lt;/div>
&lt;/div>
 &lt;/p>
&lt;p> &lt;/p>
&lt;h2 id="convert-excel-to-svg">Convert Excel to SVG&lt;/h2>
&lt;p>SVG(&lt;strong>Scalable Vector Graphics)&lt;/strong> is a specification based on XML standards for two-dimensional vector graphics. It is an open standard that has been under development by the World Wide Web Consortium (W3C) since 1999.&lt;/p>
&lt;p>Aspose.Cells for Python via Java supports converting Excel files to SVG images. For this, the API provides the &lt;a href="https://apireference.aspose.com/cells/python/asposecells.api/SheetRender">SheetRender&lt;/a>, &lt;a href="https://apireference.aspose.com/cells/python/asposecells.api/ImageOrPrintOptions">ImageOrPrintOptions&lt;/a>, and &lt;a href="https://apireference.aspose.com/cells/python/asposecells.api/WorkbookRender">WorkbookRender&lt;/a> classes.&lt;/p>
&lt;p>The following code snippet demonstrates converting an Excel worksheet to an SVG image.&lt;/p></description></item></channel></rss>