<rss version="2.0" xmlns:atom="http://www.w3.org/2005/Atom"><channel><title>Documentation – Cut and Paste Cells</title><link>https://docs2.aspose.com/cells/pythonjava/developerguide/worksheets/cut+and+paste+cells/</link><description>Recent content in Cut and Paste Cells on Documentation</description><generator>Hugo -- gohugo.io</generator><atom:link href="https://docs2.aspose.com/cells/pythonjava/developerguide/worksheets/cut+and+paste+cells/index.xml" rel="self" type="application/rss+xml"/></channel></rss>