<rss version="2.0" xmlns:atom="http://www.w3.org/2005/Atom"><channel><title>Documentation – Add Hyperlinks to the Cells</title><link>https://docs2.aspose.com/cells/cpp/developerguide/data/add+hyperlinks+to+the+cells/</link><description>Recent content in Add Hyperlinks to the Cells on Documentation</description><generator>Hugo -- gohugo.io</generator><atom:link href="https://docs2.aspose.com/cells/cpp/developerguide/data/add+hyperlinks+to+the+cells/index.xml" rel="self" type="application/rss+xml"/></channel></rss>