<rss version="2.0" xmlns:atom="http://www.w3.org/2005/Atom"><channel><title>Documentation – Installing Aspose.Cells for JasperReports</title><link>https://docs2.aspose.com/cells/jasperreports/installation/installing+aspose.cells+for+jasperreports/</link><description>Recent content in Installing Aspose.Cells for JasperReports on Documentation</description><generator>Hugo -- gohugo.io</generator><atom:link href="https://docs2.aspose.com/cells/jasperreports/installation/installing+aspose.cells+for+jasperreports/index.xml" rel="self" type="application/rss+xml"/></channel></rss>