<rss version="2.0" xmlns:atom="http://www.w3.org/2005/Atom"><channel><title>Documentation – Get Hyperlinks in Range</title><link>https://docs2.aspose.com/cells/pythonjava/developerguide/worksheets/get+hyperlinks+in+range/</link><description>Recent content in Get Hyperlinks in Range on Documentation</description><generator>Hugo -- gohugo.io</generator><atom:link href="https://docs2.aspose.com/cells/pythonjava/developerguide/worksheets/get+hyperlinks+in+range/index.xml" rel="self" type="application/rss+xml"/></channel></rss>