<rss version="2.0" xmlns:atom="http://www.w3.org/2005/Atom"><channel><title>Documentation – Installing Aspose.Cells for SharePoint License</title><link>https://docs2.aspose.com/cells/sharepoint/productinformation/license/installing+aspose.cells+for+sharepoint+license/</link><description>Recent content in Installing Aspose.Cells for SharePoint License on Documentation</description><generator>Hugo -- gohugo.io</generator><atom:link href="https://docs2.aspose.com/cells/sharepoint/productinformation/license/installing+aspose.cells+for+sharepoint+license/index.xml" rel="self" type="application/rss+xml"/></channel></rss>