<rss version="2.0" xmlns:atom="http://www.w3.org/2005/Atom"><channel><title>Documentation – HTML</title><link>https://docs2.aspose.com/cells/pythonjava/developerguide/html/</link><description>Recent content in HTML on Documentation</description><generator>Hugo -- gohugo.io</generator><atom:link href="https://docs2.aspose.com/cells/pythonjava/developerguide/html/index.xml" rel="self" type="application/rss+xml"/><item><title>Pythonjava: Convert Excel to HTML with headings</title><link>https://docs2.aspose.com/cells/pythonjava/developerguide/html/convert+excel+to+html+with+headings/</link><pubDate>Mon, 01 Jan 0001 00:00:00 +0000</pubDate><guid>https://docs2.aspose.com/cells/pythonjava/developerguide/html/convert+excel+to+html+with+headings/</guid><description>
&lt;p>Aspose.Cells for Python via Java : Convert Excel to HTML with headings&lt;/p>
&lt;h1 id="asposecells-for-python-via-java--convert-excel-to-html-with-headings">Aspose.Cells for Python via Java : Convert Excel to HTML with headings&lt;/h1>
&lt;p>
&lt;div class="card my-3 border-top-0 border-right-0 border-bottom-0 border-left border-primary rounded" style="border-width:4px !important;">
&lt;div class="wrap border border-left-0 rounded">
&lt;div class="card-header border-0 bg-white pl-3 text-primary">
&lt;h3>Contents Summary&lt;/h3>
&lt;/div>
&lt;div class="card-body pt-1">
&lt;ul>
&lt;li>1 &lt;a href="#convert-excel-to-html-with-headings">Convert Excel to HTML with headings&lt;/a>&lt;/li>
&lt;li>2 &lt;a href="#sample-code">Sample Code&lt;/a>&lt;/li>
&lt;/ul>
&lt;/div>
&lt;/div>
&lt;/div>
 &lt;/p>
&lt;h2 id="convert-excel-to-html-with-headings">Convert Excel to HTML with headings&lt;/h2>
&lt;p>Aspose.Cells provides the option to export row and column headings while converting Excel to HTML. This can be achieved by using &lt;a href="https://apireference.aspose.com/cells/python/asposecells.api/htmlsaveoptions#ExportHeadings">HtmlSaveOptions.ExportHeadings&lt;/a> property provided by the API. The default value of &lt;a href="https://apireference.aspose.com/cells/python/asposecells.api/htmlsaveoptions#ExportHeadings">HtmlSaveOptions.ExportHeadings&lt;/a> is &lt;strong>False&lt;/strong>. Pass &lt;strong>True&lt;/strong> as the parameter to render headings in the output HTML file. The following image shows the output file generated by the following code.&lt;/p>
&lt;p>&lt;img src="https://docs.aspose.com/download/attachments/101122961/PrintHeadings.jpg?version=1&amp;amp;modificationDate=1581094872380&amp;amp;api=v2" alt="">&lt;/p>
&lt;p>The following sample code demonstrates using the &lt;a href="https://apireference.aspose.com/cells/python/asposecells.api/htmlsaveoptions#ExportHeadings">HtmlSaveOptions.ExportHeadings&lt;/a> property to render headings in the output HTML file.&lt;/p>
&lt;h2 id="sample-code">Sample Code&lt;/h2>
&lt;h2 id="attachments">Attachments:&lt;/h2>
&lt;p>&lt;img src="https://docs2.aspose.com/cells/pythonjava/images/icons/bullet_blue.gif" alt=""> &lt;a href="https://docs2.aspose.com/cells/pythonjava/attachments/106202318/106365186.xlsx">sampleSelfClosingTags_out.xlsx&lt;/a> (application/vnd.openxmlformats-officedocument.spreadsheetml.sheet)&lt;/p></description></item><item><title>Pythonjava: Disable Downlevel Revealed Comments while saving to HTML</title><link>https://docs2.aspose.com/cells/pythonjava/developerguide/html/disable+downlevel+revealed+comments+while+saving+to+html/</link><pubDate>Mon, 01 Jan 0001 00:00:00 +0000</pubDate><guid>https://docs2.aspose.com/cells/pythonjava/developerguide/html/disable+downlevel+revealed+comments+while+saving+to+html/</guid><description>
&lt;p>Aspose.Cells for Python via Java : Disable Downlevel Revealed Comments while saving to HTML&lt;/p>
&lt;h1 id="asposecells-for-python-via-java--disable-downlevel-revealed-comments-while-saving-to-html">Aspose.Cells for Python via Java : Disable Downlevel Revealed Comments while saving to HTML&lt;/h1>
&lt;p>
&lt;div class="card my-3 border-top-0 border-right-0 border-bottom-0 border-left border-primary rounded" style="border-width:4px !important;">
&lt;div class="wrap border border-left-0 rounded">
&lt;div class="card-header border-0 bg-white pl-3 text-primary">
&lt;h3>Contents Summary&lt;/h3>
&lt;/div>
&lt;div class="card-body pt-1">
&lt;ul>
&lt;li>1 &lt;a href="#disable-downlevel-revealed-comments-while-saving-to-html">Disable Downlevel Revealed Comments while saving to HTML&lt;/a>&lt;/li>
&lt;li>2 &lt;a href="#sample-code">Sample Code&lt;/a>&lt;/li>
&lt;/ul>
&lt;/div>
&lt;/div>
&lt;/div>
 &lt;/p>
&lt;h2 id="disable-downlevel-revealed-comments-while-saving-to-html">Disable Downlevel Revealed Comments while saving to HTML&lt;/h2>
&lt;p>When Excel file is converted to HTML, Aspose.Cells adds Downlevel-revealed conditional comments in the output HTML file. These conditional comments are mostly relevant to old versions of Internet Explorer and are irrelevant in the modern browsers. For additional information on Downlevel-revealed conditional comments, please visit the following link&lt;/p>
&lt;p>&lt;a href="https://en.wikipedia.org/wiki/Conditional_comment#Downlevel-revealed_conditional_comment">Conditional comment - Downlevel-revealed conditional comment&lt;/a>&lt;/p>
&lt;p>To remove Downlevel-revealed conditional comments, Aspose.Cells provides the &lt;a href="https://apireference.aspose.com/cells/python/asposecells.api/htmlsaveoptions#DisableDownlevelRevealedComments">HtmlSaveOptions.DisableDownlevelRevealedComments&lt;/a> property. Setting the &lt;a href="https://apireference.aspose.com/cells/python/asposecells.api/htmlsaveoptions#DisableDownlevelRevealedComments">HtmlSaveOptions.DisableDownlevelRevealedComments&lt;/a> property to **True **will remove the Downlevel-revealed conditional comments in the output HTML file.&lt;/p>
&lt;p>The following image shows the Downlevel-revealed conditional comments which will be removed in the output HTML file&lt;/p>
&lt;p>&lt;img src="https://docs.aspose.com/download/attachments/50266308/Disable-Downlevel-Revealed-Comments.png?version=1&amp;amp;modificationDate=1503518199337&amp;amp;api=v2" alt="">&lt;/p>
&lt;h2 id="sample-code">Sample Code&lt;/h2>
&lt;h2 id="attachments">Attachments:&lt;/h2>
&lt;p>&lt;img src="https://docs2.aspose.com/cells/pythonjava/images/icons/bullet_blue.gif" alt=""> &lt;a href="https://docs2.aspose.com/cells/pythonjava/attachments/106202320/106365187.xlsx">sampleSelfClosingTags_out.xlsx&lt;/a> (application/vnd.openxmlformats-officedocument.spreadsheetml.sheet)&lt;/p></description></item><item><title>Pythonjava: Exclude Unused Styles during Excel to HTML conversion</title><link>https://docs2.aspose.com/cells/pythonjava/developerguide/html/exclude+unused+styles+during+excel+to+html+conversion/</link><pubDate>Mon, 01 Jan 0001 00:00:00 +0000</pubDate><guid>https://docs2.aspose.com/cells/pythonjava/developerguide/html/exclude+unused+styles+during+excel+to+html+conversion/</guid><description>
&lt;p>Aspose.Cells for Python via Java : Exclude Unused Styles during Excel to HTML conversion&lt;/p>
&lt;h1 id="asposecells-for-python-via-java--exclude-unused-styles-during-excel-to-html-conversion">Aspose.Cells for Python via Java : Exclude Unused Styles during Excel to HTML conversion&lt;/h1>
&lt;p>
&lt;div class="card my-3 border-top-0 border-right-0 border-bottom-0 border-left border-primary rounded" style="border-width:4px !important;">
&lt;div class="wrap border border-left-0 rounded">
&lt;div class="card-header border-0 bg-white pl-3 text-primary">
&lt;h3>Contents Summary&lt;/h3>
&lt;/div>
&lt;div class="card-body pt-1">
&lt;ul>
&lt;li>1 &lt;a href="#exclude-unused-styles-during-excel-to-html-conversion">Exclude Unused Styles during Excel to HTML conversion&lt;/a>&lt;/li>
&lt;/ul>
&lt;/div>
&lt;/div>
&lt;/div>
 &lt;/p>
&lt;p> &lt;/p>
&lt;h2 id="exclude-unused-styles-during-excel-to-html-conversion">Exclude Unused Styles during Excel to HTML conversion&lt;/h2>
&lt;p>Microsoft Excel files may contain many unused styles. When these files are exported to HTML format, the unused styles are also exported. This results in the increased size of the output HTML. Aspose.Cells for Python via Java supports excluding these styles during the conversion of Excel file to HTML. For this, the API provides the &lt;a href="https://apireference.aspose.com/cells/python/asposecells.api/htmlsaveoptions#ExcludeUnusedStyles">HtmlSaveOptions.ExcludeUnusedStyles&lt;/a> property. Setting the value of &lt;a href="https://apireference.aspose.com/cells/python/asposecells.api/htmlsaveoptions#ExcludeUnusedStyles">HtmlSaveOptions.ExcludeUnusedStyles&lt;/a> property to &lt;strong>True&lt;/strong> will exclude all unused styles from the output HTML.&lt;/p>
&lt;p>The following screenshot shows unused styles in the HTML file which will be removed by setting the value of &lt;a href="https://apireference.aspose.com/cells/python/asposecells.api/htmlsaveoptions#ExcludeUnusedStyles">HtmlSaveOptions.ExcludeUnusedStyles&lt;/a> property to &lt;strong>True&lt;/strong>.&lt;/p>
&lt;p>&lt;img src="https://docs.aspose.com/download/attachments/61540998/HtmlSaveOptions-Exclude-Unused-Styles.png?version=1&amp;amp;modificationDate=1517307631543&amp;amp;api=v2" alt="">&lt;/p>
&lt;p>The following sample code demonstrates removing unused styles during Excel to HTML conversion.&lt;/p></description></item><item><title>Pythonjava: Get HTML5 string from Cell</title><link>https://docs2.aspose.com/cells/pythonjava/developerguide/html/get+html5+string+from+cell/</link><pubDate>Mon, 01 Jan 0001 00:00:00 +0000</pubDate><guid>https://docs2.aspose.com/cells/pythonjava/developerguide/html/get+html5+string+from+cell/</guid><description>
&lt;p>Aspose.Cells for Python via Java : Get HTML5 string from Cell&lt;/p>
&lt;h1 id="asposecells-for-python-via-java--get-html5-string-from-cell">Aspose.Cells for Python via Java : Get HTML5 string from Cell&lt;/h1>
&lt;p>
&lt;div class="card my-3 border-top-0 border-right-0 border-bottom-0 border-left border-primary rounded" style="border-width:4px !important;">
&lt;div class="wrap border border-left-0 rounded">
&lt;div class="card-header border-0 bg-white pl-3 text-primary">
&lt;h3>Contents Summary&lt;/h3>
&lt;/div>
&lt;div class="card-body pt-1">
&lt;ul>
&lt;li>1 &lt;a href="#get-html5-string-from-cell">Get HTML5 string from Cell&lt;/a>&lt;/li>
&lt;li>2 &lt;a href="#sample-code">Sample Code&lt;/a>&lt;/li>
&lt;li>3 &lt;a href="#output">Output&lt;/a>&lt;/li>
&lt;/ul>
&lt;/div>
&lt;/div>
&lt;/div>
 &lt;/p>
&lt;h2 id="get-html5-string-from-cell">Get HTML5 string from Cell&lt;/h2>
&lt;p>Using Aspose.Cells for Python via Java, you can get the HTML string form the cell. This can be achieved by using the &lt;a href="https://apireference.aspose.com/cells/python/asposecells.api/cell#getHtmlString(boolean)">getHtmlString(boolean html5)&lt;/a> method provided by the API. If you pass **false **as a parameter, it will return you Normal HTML but if you pass **true **as a parameter, it will return HTML5 string.&lt;/p>
&lt;p>The following sample code creates a workbook object and adds some text in cell A1 of the first worksheet. It then gets the Normal HTML and HTML5 string from cell A1 using the &lt;a href="https://apireference.aspose.com/cells/python/asposecells.api/cell#getHtmlString(boolean)">getHtmlString(boolean html5)&lt;/a> method and prints them.&lt;/p>
&lt;h2 id="sample-code">Sample Code&lt;/h2>
&lt;p>The following is the output generated by the above-provided code snippet.&lt;/p>
&lt;h2 id="output">Output&lt;/h2>
&lt;div class="position-relative">
&lt;div class="position-absolute" style="right:0;">
&lt;button class="btn btn-light" data-clipboard-target="#clipboard_9a716351b0">
Copy
&lt;/button>
&lt;/div>
&lt;div id="clipboard_9a716351b0">
&lt;div class="highlight">&lt;pre style="background-color:#f8f8f8;-moz-tab-size:4;-o-tab-size:4;tab-size:4">&lt;code class="language-cs" data-lang="cs">
&lt;span style="color:#000">Normal&lt;/span>&lt;span style="color:#000;font-weight:bold">:&lt;/span>
&lt;span style="color:#000;font-weight:bold">&amp;lt;&lt;/span>&lt;span style="color:#000">Font&lt;/span> &lt;span style="color:#000">Style&lt;/span>&lt;span style="color:#000;font-weight:bold">=&lt;/span>&lt;span style="color:#4e9a06">&amp;#34;FONT-FAMILY: Arial;FONT-SIZE: 10pt;COLOR: #000000;&amp;#34;&lt;/span>&lt;span style="color:#000;font-weight:bold">&amp;gt;&lt;/span>&lt;span style="color:#000">This&lt;/span> &lt;span style="color:#204a87;font-weight:bold">is&lt;/span> &lt;span style="color:#000">some&lt;/span> &lt;span style="color:#000">text&lt;/span>&lt;span style="color:#000;font-weight:bold">.&amp;lt;/&lt;/span>&lt;span style="color:#000">Font&lt;/span>&lt;span style="color:#000;font-weight:bold">&amp;gt;&lt;/span>
&lt;span style="color:#000">Html5&lt;/span>&lt;span style="color:#000;font-weight:bold">:&lt;/span>
&lt;span style="color:#000;font-weight:bold">&amp;lt;&lt;/span>&lt;span style="color:#000">div&lt;/span> &lt;span style="color:#000">Style&lt;/span>&lt;span style="color:#000;font-weight:bold">=&lt;/span>&lt;span style="color:#4e9a06">&amp;#34;FONT-FAMILY: Arial;FONT-SIZE: 10pt;COLOR: #000000;&amp;#34;&lt;/span>&lt;span style="color:#000;font-weight:bold">&amp;gt;&lt;/span>&lt;span style="color:#000">This&lt;/span> &lt;span style="color:#204a87;font-weight:bold">is&lt;/span> &lt;span style="color:#000">some&lt;/span> &lt;span style="color:#000">text&lt;/span>&lt;span style="color:#000;font-weight:bold">.&amp;lt;/&lt;/span>&lt;span style="color:#000">div&lt;/span>&lt;span style="color:#000;font-weight:bold">&amp;gt;&lt;/span>
&lt;/code>&lt;/pre>&lt;/div>
&lt;/div>
&lt;/div>
&lt;h2 id="attachments">Attachments:&lt;/h2>
&lt;p>&lt;img src="https://docs2.aspose.com/cells/pythonjava/images/icons/bullet_blue.gif" alt=""> &lt;a href="https://docs2.aspose.com/cells/pythonjava/attachments/106202316/106365185.xlsx">sampleSelfClosingTags_out.xlsx&lt;/a> (application/vnd.openxmlformats-officedocument.spreadsheetml.sheet)&lt;/p></description></item><item><title>Pythonjava: Recognize self-closing tags</title><link>https://docs2.aspose.com/cells/pythonjava/developerguide/html/recognize+self-closing+tags/</link><pubDate>Mon, 01 Jan 0001 00:00:00 +0000</pubDate><guid>https://docs2.aspose.com/cells/pythonjava/developerguide/html/recognize+self-closing+tags/</guid><description>
&lt;p>Aspose.Cells for Python via Java : Recognize self-closing tags&lt;/p>
&lt;h1 id="asposecells-for-python-via-java--recognize-self-closing-tags">Aspose.Cells for Python via Java : Recognize self-closing tags&lt;/h1>
&lt;p>HTML can have variety of tags formatting for empty tags like &lt;td>&lt;/td> or &lt;td/>. Aspose.Cells supports both these formats. This feature can be tested by converting the attached sample HTML file to Excel file. The sample HTML file and output files can be downloaded from the following links for testing.&lt;/p>
&lt;p>&lt;a href="https://docs-qa.aspose.com/download/attachments/74580177/sampleSelfClosingTags.html?version=1&amp;amp;modificationDate=1541371875771&amp;amp;api=v2">Source File&lt;/a>&lt;/p>
&lt;p>&lt;a href="https://docs2.aspose.com/cells/pythonjava/attachments/106202307/106365184.xlsx">Output File&lt;/a>&lt;/p>
&lt;h2 id="attachments">Attachments:&lt;/h2>
&lt;p>&lt;img src="https://docs2.aspose.com/cells/pythonjava/images/icons/bullet_blue.gif" alt=""> &lt;a href="https://docs2.aspose.com/cells/pythonjava/attachments/106202307/106365184.xlsx">sampleSelfClosingTags_out.xlsx&lt;/a> (application/vnd.openxmlformats-officedocument.spreadsheetml.sheet)&lt;/p></description></item><item><title>Pythonjava: Export Comments while Saving Excel file to HTML</title><link>https://docs2.aspose.com/cells/pythonjava/developerguide/html/export+comments+while+saving+excel+file+to+html/</link><pubDate>Mon, 01 Jan 0001 00:00:00 +0000</pubDate><guid>https://docs2.aspose.com/cells/pythonjava/developerguide/html/export+comments+while+saving+excel+file+to+html/</guid><description>
&lt;p>Aspose.Cells for Python via Java : Export Comments while Saving Excel file to HTML&lt;/p>
&lt;h1 id="asposecells-for-python-via-java--export-comments-while-saving-excel-file-to-html">Aspose.Cells for Python via Java : Export Comments while Saving Excel file to HTML&lt;/h1>
&lt;p>
&lt;div class="card my-3 border-top-0 border-right-0 border-bottom-0 border-left border-primary rounded" style="border-width:4px !important;">
&lt;div class="wrap border border-left-0 rounded">
&lt;div class="card-header border-0 bg-white pl-3 text-primary">
&lt;h3>Contents Summary&lt;/h3>
&lt;/div>
&lt;div class="card-body pt-1">
&lt;ul>
&lt;li>1 &lt;a href="#export-comments-while-saving-excel-file-to-html">Export Comments while Saving Excel file to HTML&lt;/a>&lt;/li>
&lt;/ul>
&lt;/div>
&lt;/div>
&lt;/div>
 &lt;/p>
&lt;p> &lt;/p>
&lt;h2 id="export-comments-while-saving-excel-file-to-html">Export Comments while Saving Excel file to HTML&lt;/h2>
&lt;p>When Excel is converted to HTML, comments are not exported. Aspose.Cells for Python via Java provides the feature to export comments during Excel to HTML conversion. To achieve this, the API provides the &lt;a href="https://apireference.aspose.com/cells/python/asposecells.api/htmlsaveoptions#IsExportComments">HtmlSaveOptions.IsExportComments&lt;/a> property. Setting the value of &lt;a href="https://apireference.aspose.com/cells/python/asposecells.api/htmlsaveoptions#IsExportComments">HtmlSaveOptions.IsExportComments&lt;/a> property to &lt;strong>True&lt;/strong> will export comments in the output HTML.&lt;/p>
&lt;p>The following screenshot shows the output HTML file generated by the sample code snippet.&lt;/p>
&lt;p>&lt;img src="https://docs.aspose.com/download/attachments/50266320/Export-Comments-while-Saving-Excel-file-to-Html.png?version=1&amp;amp;modificationDate=1503518468491&amp;amp;api=v2" alt="">&lt;/p>
&lt;p>The following sample code demonstrates exporting comments during Excel to HTML conversion.&lt;/p></description></item><item><title>Pythonjava: Export print area range to HTML</title><link>https://docs2.aspose.com/cells/pythonjava/developerguide/html/export+print+area+range+to+html/</link><pubDate>Mon, 01 Jan 0001 00:00:00 +0000</pubDate><guid>https://docs2.aspose.com/cells/pythonjava/developerguide/html/export+print+area+range+to+html/</guid><description>
&lt;p>Aspose.Cells for Python via Java : Export print area range to HTML&lt;/p>
&lt;h1 id="asposecells-for-python-via-java--export-print-area-range-to-html">Aspose.Cells for Python via Java : Export print area range to HTML&lt;/h1>
&lt;p>
&lt;div class="card my-3 border-top-0 border-right-0 border-bottom-0 border-left border-primary rounded" style="border-width:4px !important;">
&lt;div class="wrap border border-left-0 rounded">
&lt;div class="card-header border-0 bg-white pl-3 text-primary">
&lt;h3>Contents Summary&lt;/h3>
&lt;/div>
&lt;div class="card-body pt-1">
&lt;ul>
&lt;li>1 &lt;a href="#export-print-area-range-to-html">Export print area range to HTML&lt;/a>&lt;/li>
&lt;/ul>
&lt;/div>
&lt;/div>
&lt;/div>
 &lt;/p>
&lt;p> &lt;/p>
&lt;h2 id="export-print-area-range-to-html">Export print area range to HTML&lt;/h2>
&lt;p>Aspose.Cells for Python via Java supports exporting only the print area i.e. selected range of cells instead of the entire she&amp;rsquo;st to HTML. For this, the API provides the &lt;a href="https://apireference.aspose.com/cells/python/asposecells.api/htmlsaveoptions#ExportPrintAreaOnly">HtmlSaveOptions.ExportPrintAreaOnly&lt;/a> property. Setting this property to &lt;strong>True&lt;/strong> will only export the print area.&lt;/p>
&lt;p>The following sample code demonstrates the use of the &lt;a href="https://apireference.aspose.com/cells/python/asposecells.api/htmlsaveoptions#ExportPrintAreaOnly">HtmlSaveOptions.ExportPrintAreaOnly&lt;/a> property to export only the print area to HTML.&lt;/p></description></item><item><title>Pythonjava: Excel with unsupported border style to HTML</title><link>https://docs2.aspose.com/cells/pythonjava/developerguide/html/excel+with+unsupported+border+style+to+html/</link><pubDate>Mon, 01 Jan 0001 00:00:00 +0000</pubDate><guid>https://docs2.aspose.com/cells/pythonjava/developerguide/html/excel+with+unsupported+border+style+to+html/</guid><description>
&lt;p>Aspose.Cells for Python via Java : Excel with unsupported border style to HTML&lt;/p>
&lt;h1 id="asposecells-for-python-via-java--excel-with-unsupported-border-style-to-html">Aspose.Cells for Python via Java : Excel with unsupported border style to HTML&lt;/h1>
&lt;p>
&lt;div class="card my-3 border-top-0 border-right-0 border-bottom-0 border-left border-primary rounded" style="border-width:4px !important;">
&lt;div class="wrap border border-left-0 rounded">
&lt;div class="card-header border-0 bg-white pl-3 text-primary">
&lt;h3>Contents Summary&lt;/h3>
&lt;/div>
&lt;div class="card-body pt-1">
&lt;ul>
&lt;li>1 &lt;a href="#excel-with-unsupported-border-style-to-html">Excel with unsupported border style to HTML&lt;/a>&lt;/li>
&lt;/ul>
&lt;/div>
&lt;/div>
&lt;/div>
 &lt;/p>
&lt;p> &lt;/p>
&lt;h2 id="excel-with-unsupported-border-style-to-html">Excel with unsupported border style to HTML&lt;/h2>
&lt;p>Microsoft Excel supports some type of dashed borders that are not supported by Web Browsers. When such files are converted to HTML using Aspose.Cells, those borders are removed. However, Aspose.Cells for Python via Java supports displaying similar borders with &lt;a href="https://apireference.aspose.com/cells/python/asposecells.api/htmlsaveoptions#ExportSimilarBorderStyle">HtmlSaveOptions.ExportSimilarBorderStyle&lt;/a> property. You may set the value of &lt;a href="https://apireference.aspose.com/cells/python/asposecells.api/htmlsaveoptions#ExportSimilarBorderStyle">HtmlSaveOptions.ExportSimilarBorderStyle&lt;/a> property to &lt;strong>True&lt;/strong> to export unsupported borders.&lt;/p>
&lt;p>The following sample code loads the &lt;a href="https://docs.aspose.com/download/attachments/64454886/sampleExportSimilarBorderStyle.xlsx?version=1&amp;amp;modificationDate=1522151988853&amp;amp;api=v2">sample Excel file&lt;/a> that contains some unsupported borders as shown in the following screenshot. The screenshot further illustrates the effect of &lt;a href="https://apireference.aspose.com/cells/python/asposecells.api/htmlsaveoptions#ExportSimilarBorderStyle">HtmlSaveOptions.ExportSimilarBorderStyle&lt;/a> property inside the &lt;a href="https://docs.aspose.com/download/attachments/64454886/outputExportSimilarBorderStyle.zip?version=1&amp;amp;modificationDate=1522151939950&amp;amp;api=v2">output HTML&lt;/a>.&lt;/p>
&lt;p>&lt;img src="https://docs.aspose.com/download/attachments/64454886/Export-Similar-Border-Style.png?version=1&amp;amp;modificationDate=1522151881518&amp;amp;api=v2" alt="">&lt;/p></description></item></channel></rss>