<rss version="2.0" xmlns:atom="http://www.w3.org/2005/Atom"><channel><title>Documentation – Mismatch Chart Types</title><link>https://docs2.aspose.com/cells/reportingservices/newfeatures/supportforeditablecharts/mismatch+chart+types/</link><description>Recent content in Mismatch Chart Types on Documentation</description><generator>Hugo -- gohugo.io</generator><atom:link href="https://docs2.aspose.com/cells/reportingservices/newfeatures/supportforeditablecharts/mismatch+chart+types/index.xml" rel="self" type="application/rss+xml"/></channel></rss>