<rss version="2.0" xmlns:atom="http://www.w3.org/2005/Atom"><channel><title>Documentation – High Fidelity to the Report Design</title><link>https://docs2.aspose.com/cells/jasperreports/gettingstarted/featuretour/high+fidelity+to+the+report+design/</link><description>Recent content in High Fidelity to the Report Design on Documentation</description><generator>Hugo -- gohugo.io</generator><atom:link href="https://docs2.aspose.com/cells/jasperreports/gettingstarted/featuretour/high+fidelity+to+the+report+design/index.xml" rel="self" type="application/rss+xml"/></channel></rss>