<rss version="2.0" xmlns:atom="http://www.w3.org/2005/Atom"><channel><title>Documentation – Aspose.Cells.ReportingServices Client Issues</title><link>https://docs2.aspose.com/cells/reportingservices/faqs/clientissues/</link><description>Recent content in Aspose.Cells.ReportingServices Client Issues on Documentation</description><generator>Hugo -- gohugo.io</generator><atom:link href="https://docs2.aspose.com/cells/reportingservices/faqs/clientissues/index.xml" rel="self" type="application/rss+xml"/><item><title>Reportingservices: Automation Error</title><link>https://docs2.aspose.com/cells/reportingservices/faqs/clientissues/automation+error/</link><pubDate>Mon, 01 Jan 0001 00:00:00 +0000</pubDate><guid>https://docs2.aspose.com/cells/reportingservices/faqs/clientissues/automation+error/</guid><description>
&lt;p>Aspose.Cells for Reporting Services : Automation Error&lt;/p>
&lt;h1 id="asposecells-for-reporting-services--automation-error">Aspose.Cells for Reporting Services : Automation Error&lt;/h1>
&lt;h5 id="description">Description&lt;/h5>
&lt;p>When Microsoft Excel 2003 loads Aspose.Cells.ReportingServices.Client add-ins, Microsoft Excel produces an automation error:&lt;/p>
&lt;p>&lt;img src="https://docs2.aspose.com/cells/reportingservices/attachments/6094880/6193264.png" alt="">&lt;/p>
&lt;h5 id="solution">Solution&lt;/h5>
&lt;ul>
&lt;li>Update to Office 2003 (KB907417)&lt;/li>
&lt;li>Update to Office 2003 SP1&lt;/li>
&lt;/ul>
&lt;h2 id="attachments">Attachments:&lt;/h2>
&lt;p>&lt;img src="https://docs2.aspose.com/cells/reportingservices/images/icons/bullet_blue.gif" alt=""> &lt;a href="https://docs2.aspose.com/cells/reportingservices/attachments/6094880/6193264.png">Automation error-001.png&lt;/a> (image/png)&lt;/p></description></item><item><title>Reportingservices: Data Source Error</title><link>https://docs2.aspose.com/cells/reportingservices/faqs/clientissues/data+source+error/</link><pubDate>Mon, 01 Jan 0001 00:00:00 +0000</pubDate><guid>https://docs2.aspose.com/cells/reportingservices/faqs/clientissues/data+source+error/</guid><description>
&lt;p>Aspose.Cells for Reporting Services : Data Source Error&lt;/p>
&lt;h1 id="asposecells-for-reporting-services--data-source-error">Aspose.Cells for Reporting Services : Data Source Error&lt;/h1>
&lt;h5 id="description">Description&lt;/h5>
&lt;p>When publishing a report, Aspose.Cells.ReportingServices Client generates an error:&lt;/p>
&lt;p>&lt;img src="https://docs2.aspose.com/cells/reportingservices/attachments/6094874/6193258.png" alt="">&lt;/p>
&lt;h5 id="solution">Solution&lt;/h5>
&lt;ol>
&lt;li>
&lt;p>Click &lt;strong>Data Source Setup&lt;/strong>.&lt;/p>
&lt;/li>
&lt;li>
&lt;p>Select &lt;strong>Share data source&lt;/strong>.&lt;/p>
&lt;/li>
&lt;li>
&lt;p>Re-publish the report.&lt;/p>
&lt;p>&lt;img src="https://docs2.aspose.com/cells/reportingservices/attachments/6094874/6193259.png" alt="">&lt;/p>
&lt;/li>
&lt;/ol>
&lt;h2 id="attachments">Attachments:&lt;/h2>
&lt;p>&lt;img src="https://docs2.aspose.com/cells/reportingservices/images/icons/bullet_blue.gif" alt=""> &lt;a href="https://docs2.aspose.com/cells/reportingservices/attachments/6094874/6193258.png">Data Source error-001.png&lt;/a> (image/png)&lt;br>
&lt;img src="https://docs2.aspose.com/cells/reportingservices/images/icons/bullet_blue.gif" alt=""> &lt;a href="https://docs2.aspose.com/cells/reportingservices/attachments/6094874/6193259.png">Data Source error-002.png&lt;/a> (image/png)&lt;/p></description></item><item><title>Reportingservices: Office 2000 XP Installation Question</title><link>https://docs2.aspose.com/cells/reportingservices/faqs/clientissues/office+2000+xp+installation+question/</link><pubDate>Mon, 01 Jan 0001 00:00:00 +0000</pubDate><guid>https://docs2.aspose.com/cells/reportingservices/faqs/clientissues/office+2000+xp+installation+question/</guid><description>
&lt;p>Aspose.Cells for Reporting Services : Office 2000, XP Installation Question&lt;/p>
&lt;h1 id="asposecells-for-reporting-services--office-2000-xp-installation-question">Aspose.Cells for Reporting Services : Office 2000, XP Installation Question&lt;/h1>
&lt;h5 id="description">Description&lt;/h5>
&lt;p>When Microsoft Excel 2002 or Microsoft Excel 2000 loads Aspose.Cells.ReportingServices.Client add-ins, Microsoft Excel produces an automation error.&lt;/p>
&lt;h5 id="solution">Solution&lt;/h5>
&lt;p>Install &lt;strong>lockbackRegKey.msi&lt;/strong>. This fixes the CLR issue on Office machines older than Office 2003.&lt;/p></description></item><item><title>Reportingservices: Configuring Aspose.Cells.ReportingServices Client Report Server URL</title><link>https://docs2.aspose.com/cells/reportingservices/faqs/clientissues/configuring+aspose.cells.reportingservices+client+report+server+url/</link><pubDate>Mon, 01 Jan 0001 00:00:00 +0000</pubDate><guid>https://docs2.aspose.com/cells/reportingservices/faqs/clientissues/configuring+aspose.cells.reportingservices+client+report+server+url/</guid><description>
&lt;p>Aspose.Cells for Reporting Services : Configuring Aspose.Cells.ReportingServices Client Report Server URL&lt;/p>
&lt;h1 id="asposecells-for-reporting-services--configuring-asposecellsreportingservices-client-report-server-url">Aspose.Cells for Reporting Services : Configuring Aspose.Cells.ReportingServices Client Report Server URL&lt;/h1>
&lt;p>To configure a client Report Server URL:&lt;/p>
&lt;ol>
&lt;li>
&lt;p>Click the &lt;strong>Open Remote Report&lt;/strong> button and get the &lt;strong>Retrieve Report&lt;/strong> dialog box.&lt;/p>
&lt;p>&lt;img src="https://docs2.aspose.com/cells/reportingservices/attachments/6094854/6193254.png" alt="">&lt;/p>
&lt;/li>
&lt;li>
&lt;p>Click the &lt;strong>Config&lt;/strong> button and get &lt;strong>Report Server URL Setup&lt;/strong> dialog.&lt;/p>
&lt;p>&lt;img src="https://docs2.aspose.com/cells/reportingservices/attachments/6094854/88211612.png" alt="">&lt;/p>
&lt;/li>
&lt;li>
&lt;p>Input report server configuration information (URL, user name and password).&lt;/p>
&lt;ul>
&lt;li>The Report Server URL must be in the format ‘&lt;a href="http://host/ReportServer">http://host/ReportServer&lt;/a>’. For example &lt;a href="http://172.16.204.11/ReportServer">http://172.16.204.11/ReportServer&lt;/a>.&lt;/li>
&lt;li>The user name is the Window Server user name. For example, Administrator.&lt;/li>
&lt;li>The password is the Window Server user password. For example, 123456.&lt;/li>
&lt;li>The default value of the Domain is null.&lt;/li>
&lt;/ul>
&lt;/li>
&lt;li>
&lt;p>Click the &lt;strong>Test&lt;/strong> button to check configuration information.&lt;/p>
&lt;/li>
&lt;li>
&lt;p>Click &lt;strong>Save&lt;/strong> and save the report server configuration information.&lt;/p>
&lt;p>&lt;img src="https://docs2.aspose.com/cells/reportingservices/attachments/6094854/88211611.png" alt="">&lt;/p>
&lt;/li>
&lt;li>
&lt;p>Click &lt;strong>Modify&lt;/strong> button to modify configuration information.&lt;/p>
&lt;/li>
&lt;/ol>
&lt;h2 id="attachments">Attachments:&lt;/h2>
&lt;p>&lt;img src="https://docs2.aspose.com/cells/reportingservices/images/icons/bullet_blue.gif" alt=""> &lt;a href="https://docs2.aspose.com/cells/reportingservices/attachments/6094854/6193254.png">How to Configure Aspose.Cells.ReportingServices Client Report Server URL-001.png&lt;/a> (image/png)&lt;br>
&lt;img src="https://docs2.aspose.com/cells/reportingservices/images/icons/bullet_blue.gif" alt=""> &lt;a href="https://docs2.aspose.com/cells/reportingservices/attachments/6094854/6193255.png">How to Configure Aspose.Cells.ReportingServices Client Report Server URL-002.png&lt;/a> (image/png)&lt;br>
&lt;img src="https://docs2.aspose.com/cells/reportingservices/images/icons/bullet_blue.gif" alt=""> &lt;a href="https://docs2.aspose.com/cells/reportingservices/attachments/6094854/88211611.png">ReportServerURLSetup.png&lt;/a> (image/png)&lt;br>
&lt;img src="https://docs2.aspose.com/cells/reportingservices/images/icons/bullet_blue.gif" alt=""> &lt;a href="https://docs2.aspose.com/cells/reportingservices/attachments/6094854/88211612.png">ReportServerURLSetup1.png&lt;/a> (image/png)&lt;/p></description></item><item><title>Reportingservices: Checking the Aspose.Cells.ReportingServices Version</title><link>https://docs2.aspose.com/cells/reportingservices/faqs/clientissues/checking+the+aspose.cells.reportingservices+version/</link><pubDate>Mon, 01 Jan 0001 00:00:00 +0000</pubDate><guid>https://docs2.aspose.com/cells/reportingservices/faqs/clientissues/checking+the+aspose.cells.reportingservices+version/</guid><description>
&lt;p>Aspose.Cells for Reporting Services : Checking the Aspose.Cells.ReportingServices Version&lt;/p>
&lt;h1 id="asposecells-for-reporting-services--checking-the-asposecellsreportingservices-version">Aspose.Cells for Reporting Services : Checking the Aspose.Cells.ReportingServices Version&lt;/h1>
&lt;p>To check the Aspose.Cells.ReportingServices version:&lt;/p>
&lt;ol>
&lt;li>Open Aspose.Cells.ReportingServices installation folder.&lt;/li>
&lt;li>Select the “Bin” folder and open it.&lt;/li>
&lt;li>Select the &lt;strong>Aspose.Cells.ReportingServices.dll&lt;/strong> file and check its properties.&lt;/li>
&lt;li>Click the version tab and get the version information.&lt;/li>
&lt;/ol></description></item><item><title>Reportingservices: Runtime Error 429</title><link>https://docs2.aspose.com/cells/reportingservices/faqs/clientissues/runtime+error+429/</link><pubDate>Mon, 01 Jan 0001 00:00:00 +0000</pubDate><guid>https://docs2.aspose.com/cells/reportingservices/faqs/clientissues/runtime+error+429/</guid><description>
&lt;p>Aspose.Cells for Reporting Services : Runtime Error 429&lt;/p>
&lt;h1 id="asposecells-for-reporting-services--runtime-error-429">Aspose.Cells for Reporting Services : Runtime Error 429&lt;/h1>
&lt;h5 id="description">Description&lt;/h5>
&lt;p>Run-time error: &amp;lsquo;429&amp;rsquo;&lt;br>
ActiveX component can&amp;rsquo;t create object&lt;br>
The line causing the error is:&lt;br>
Set AsposeClientTools = CreateObject(&amp;ldquo;Aspose.Cells.ReportingServices.Client.AsposeClient&amp;rdquo;).&lt;/p>
&lt;h5 id="solution">Solution&lt;/h5>
&lt;p>Re-register &lt;strong>Aspose.Cells.ReportingServices.Client.dll&lt;/strong> using the &lt;strong>Regasm.exe&lt;/strong> utility:&lt;/p>
&lt;ol>
&lt;li>
&lt;p>Run cmd.exe as administrator.&lt;/p>
&lt;/li>
&lt;li>
&lt;p>cd $(Aspose.Cells for Reporting Services installation folder).&lt;/p>
&lt;/li>
&lt;li>
&lt;p>Execute &lt;strong>regasm.exe&lt;/strong> to register &lt;strong>Aspose.Cells.ReportingServices.Client.dll&lt;/strong> manually.&lt;/p>
&lt;p>&amp;hellip;%WINDIR%\Microsoft.NET\Framework\v2.0.50727\regasm Aspose.Cells.ReportingServices.Client.dll /tlb Aspose.Cells.ReportingServices.Client.tlb /codebase&lt;/p>
&lt;/li>
&lt;/ol>
&lt;p>Please check the running environment for your system. For example:&lt;/p>
&lt;ul>
&lt;li>
&lt;p>If your Microsoft Office is x64, run the command&lt;/p>
&lt;p>@: &amp;hellip;%WINDIR%\Microsoft.NET\Framework64\v2.0.50727\regasm.exe&lt;/p>
&lt;/li>
&lt;li>
&lt;p>If your Microsoft Office is x86, run the command&lt;/p>
&lt;p>@: &amp;hellip;%WINDIR%\Microsoft.NET\Framework\v2.0.50727\regasm.exe&lt;/p>
&lt;/li>
&lt;/ul>
&lt;p>Please refer to the following example/command:&lt;/p>
&lt;p>&amp;hellip;%WINDIR%\Microsoft.NET\Framework\v2.0.50727\regasm &amp;ldquo;C:\Program Files (x86)\Aspose\Aspose.Cells for Reporting Services\Bin\Aspose.Cells.ReportingServices.Client.dll&amp;rdquo; /tlb Aspose.Cells.ReportingServices.Client.tlb /codebase&lt;/p></description></item><item><title>Reportingservices: DeviceInfo in rsreportserver.config</title><link>https://docs2.aspose.com/cells/reportingservices/faqs/clientissues/deviceinfo+in+rsreportserver.config/</link><pubDate>Mon, 01 Jan 0001 00:00:00 +0000</pubDate><guid>https://docs2.aspose.com/cells/reportingservices/faqs/clientissues/deviceinfo+in+rsreportserver.config/</guid><description>
&lt;p>Aspose.Cells for Reporting Services : DeviceInfo in rsreportserver.config&lt;/p>
&lt;h1 id="asposecells-for-reporting-services--deviceinfo-in-rsreportserverconfig">Aspose.Cells for Reporting Services : DeviceInfo in rsreportserver.config&lt;/h1></description></item><item><title>Reportingservices: How to Load Aspose.Cells for Reporting Services Add-Ins for Excel x64</title><link>https://docs2.aspose.com/cells/reportingservices/faqs/clientissues/how+to+load+aspose.cells+for+reporting+services+add-ins+for+excel+x64/</link><pubDate>Mon, 01 Jan 0001 00:00:00 +0000</pubDate><guid>https://docs2.aspose.com/cells/reportingservices/faqs/clientissues/how+to+load+aspose.cells+for+reporting+services+add-ins+for+excel+x64/</guid><description>
&lt;p>Aspose.Cells for Reporting Services : How to Load Aspose.Cells for Reporting Services Add-Ins for Excel x64&lt;/p>
&lt;h1 id="asposecells-for-reporting-services--how-to-load-asposecells-for-reporting-services-add-ins-for-excel-x64">Aspose.Cells for Reporting Services : How to Load Aspose.Cells for Reporting Services Add-Ins for Excel x64&lt;/h1>
&lt;p>When installed, Aspose.Cells for Reporting Services is registered as a 32-bit component by default. It cannot correctly load Excel add-ins in Microsoft Excel x64. So you need re-register the Aspose.Cells.ReportingServices.dll as a 64-bit component(s).&lt;/p></description></item></channel></rss>