<rss version="2.0" xmlns:atom="http://www.w3.org/2005/Atom"><channel><title>Documentation – Multiple Format Support</title><link>https://docs2.aspose.com/cells/sharepoint/productinformation/features/multiple+format+support/</link><description>Recent content in Multiple Format Support on Documentation</description><generator>Hugo -- gohugo.io</generator><atom:link href="https://docs2.aspose.com/cells/sharepoint/productinformation/features/multiple+format+support/index.xml" rel="self" type="application/rss+xml"/></channel></rss>