<rss version="2.0" xmlns:atom="http://www.w3.org/2005/Atom"><channel><title>Documentation – FAQs</title><link>https://docs2.aspose.com/cells/reportingservices/faqs/</link><description>Recent content in FAQs on Documentation</description><generator>Hugo -- gohugo.io</generator><atom:link href="https://docs2.aspose.com/cells/reportingservices/faqs/index.xml" rel="self" type="application/rss+xml"/><item><title>Reportingservices: Aspose.Cells.ReportingServices Client Issues</title><link>https://docs2.aspose.com/cells/reportingservices/faqs/clientissues/</link><pubDate>Mon, 01 Jan 0001 00:00:00 +0000</pubDate><guid>https://docs2.aspose.com/cells/reportingservices/faqs/clientissues/</guid><description>
&lt;p>Aspose.Cells for Reporting Services : Aspose.Cells.ReportingServices Client Issues&lt;/p>
&lt;h1 id="asposecells-for-reporting-services--asposecellsreportingservices-client-issues">Aspose.Cells for Reporting Services : Aspose.Cells.ReportingServices Client Issues&lt;/h1>
&lt;h6 id="this-section-includes-the-following-topics">This section includes the following topics:&lt;/h6>
&lt;ul>
&lt;li>&lt;a href="https://docs2.aspose.com/cells/reportingservices/faqs/clientissues/automation+error">Automation Error&lt;/a>&lt;/li>
&lt;li>&lt;a href="https://docs2.aspose.com/cells/reportingservices/faqs/clientissues/data+source+error">Data Source Error&lt;/a>&lt;/li>
&lt;li>&lt;a href="https://docs2.aspose.com/cells/reportingservices/faqs/clientissues/office+2000+xp+installation+question">Office 2000, XP Installation Question&lt;/a>&lt;/li>
&lt;li>&lt;a href="https://docs2.aspose.com/cells/reportingservices/faqs/clientissues/configuring+aspose.cells.reportingservices+client+report+server+url">Configuring Aspose.Cells.ReportingServices Client Report Server URL&lt;/a>&lt;/li>
&lt;li>&lt;a href="https://docs2.aspose.com/cells/reportingservices/faqs/clientissues/checking+the+aspose.cells.reportingservices+version">Checking the Aspose.Cells.ReportingServices Version&lt;/a>&lt;/li>
&lt;li>&lt;a href="https://docs2.aspose.com/cells/reportingservices/faqs/clientissues/runtime+error+429">Runtime Error 429&lt;/a>&lt;/li>
&lt;li>&lt;a href="https://docs2.aspose.com/cells/reportingservices/faqs/clientissues/deviceinfo+in+rsreportserver.config">DeviceInfo in rsreportserver.config&lt;/a>&lt;/li>
&lt;li>&lt;a href="https://docs2.aspose.com/cells/reportingservices/faqs/clientissues/how+to+load+aspose.cells+for+reporting+services+add-ins+for+excel+x64">How to Load Aspose.Cells for Reporting Services Add-Ins for Excel x64&lt;/a>&lt;/li>
&lt;/ul>
&lt;h2 id="attachments">Attachments:&lt;/h2>
&lt;p>&lt;img src="https://docs2.aspose.com/cells/reportingservices/images/icons/bullet_blue.gif" alt=""> &lt;a href="https://docs2.aspose.com/cells/reportingservices/attachments/6094878/6193257.png">Automation error-001.png&lt;/a> (image/png)&lt;br>
&lt;img src="https://docs2.aspose.com/cells/reportingservices/images/icons/bullet_blue.gif" alt=""> &lt;a href="https://docs2.aspose.com/cells/reportingservices/attachments/6094878/6193260.png">Data Source error-001.png&lt;/a> (image/png)&lt;br>
&lt;img src="https://docs2.aspose.com/cells/reportingservices/images/icons/bullet_blue.gif" alt=""> &lt;a href="https://docs2.aspose.com/cells/reportingservices/attachments/6094878/6193253.png">Data Source error-002.png&lt;/a> (image/png)&lt;br>
&lt;img src="https://docs2.aspose.com/cells/reportingservices/images/icons/bullet_blue.gif" alt=""> &lt;a href="https://docs2.aspose.com/cells/reportingservices/attachments/6094878/6193256.png">How to Configure Aspose.Cells.ReportingServices Client Report Server URL-001.png&lt;/a> (image/png)&lt;br>
&lt;img src="https://docs2.aspose.com/cells/reportingservices/images/icons/bullet_blue.gif" alt=""> &lt;a href="https://docs2.aspose.com/cells/reportingservices/attachments/6094878/6193249.png">How to Configure Aspose.Cells.ReportingServices Client Report Server URL-002.png&lt;/a> (image/png)&lt;/p></description></item><item><title>Reportingservices: Performance Configuration</title><link>https://docs2.aspose.com/cells/reportingservices/faqs/performance+configuration/</link><pubDate>Mon, 01 Jan 0001 00:00:00 +0000</pubDate><guid>https://docs2.aspose.com/cells/reportingservices/faqs/performance+configuration/</guid><description>
&lt;p>Aspose.Cells for Reporting Services : Performance Configuration&lt;/p>
&lt;h1 id="asposecells-for-reporting-services--performance-configuration">Aspose.Cells for Reporting Services : Performance Configuration&lt;/h1>
&lt;p>Users can optimize performance to a certain extent. You can configure some attributes and parameters in the &lt;strong>Aspose.Cells.ReportingServices.xml&lt;/strong> file as described below.&lt;/p>
&lt;h3 id="performance-section">Performance Section&lt;/h3>
&lt;p>This shows the Performance section as it is by default.&lt;/p>
&lt;p>&lt;strong>XML&lt;/strong>&lt;/p>
&lt;div class="position-relative">
&lt;div class="position-absolute" style="right:0;">
&lt;button class="btn btn-light" data-clipboard-target="#clipboard_02da3f9443">
Copy
&lt;/button>
&lt;/div>
&lt;div id="clipboard_02da3f9443">
&lt;div class="highlight">&lt;pre style="background-color:#f8f8f8;-moz-tab-size:4;-o-tab-size:4;tab-size:4">&lt;code class="language-xml" data-lang="xml">
&lt;span style="color:#204a87;font-weight:bold">&amp;lt;Performance&lt;/span> &lt;span style="color:#c4a000">value=&lt;/span>&lt;span style="color:#4e9a06">&amp;#34;ON&amp;#34;&lt;/span> &lt;span style="color:#c4a000">IsAutoRowFit =&lt;/span>&lt;span style="color:#4e9a06">&amp;#34;True&amp;#34;&lt;/span> &lt;span style="color:#c4a000">IsMerged=&lt;/span>&lt;span style="color:#4e9a06">&amp;#34;True&amp;#34;&lt;/span> &lt;span style="color:#c4a000">IsSetStyle=&lt;/span>&lt;span style="color:#4e9a06">&amp;#34;True&amp;#34;&lt;/span> &lt;span style="color:#c4a000">IsConditionalFormatting =&lt;/span>&lt;span style="color:#4e9a06">&amp;#34;False&amp;#34;&lt;/span>&lt;span style="color:#204a87;font-weight:bold">&amp;gt;&lt;/span>
&lt;span style="color:#204a87;font-weight:bold">&amp;lt;Report&lt;/span> &lt;span style="color:#c4a000">name=&lt;/span>&lt;span style="color:#4e9a06">&amp;#34;&amp;#34;&lt;/span>&lt;span style="color:#204a87;font-weight:bold">&amp;gt;&lt;/span>
&lt;span style="color:#204a87;font-weight:bold">&amp;lt;AutoRowFit&lt;/span> &lt;span style="color:#c4a000">value=&lt;/span>&lt;span style="color:#4e9a06">&amp;#34;True&amp;#34;&lt;/span>&lt;span style="color:#204a87;font-weight:bold">/&amp;gt;&lt;/span>
&lt;span style="color:#204a87;font-weight:bold">&amp;lt;SetStyle&lt;/span> &lt;span style="color:#c4a000">value=&lt;/span>&lt;span style="color:#4e9a06">&amp;#34;True&amp;#34;&lt;/span>&lt;span style="color:#204a87;font-weight:bold">/&amp;gt;&lt;/span>
&lt;span style="color:#204a87;font-weight:bold">&amp;lt;Merged&lt;/span> &lt;span style="color:#c4a000">value=&lt;/span>&lt;span style="color:#4e9a06">&amp;#34;True&amp;#34;&lt;/span>&lt;span style="color:#204a87;font-weight:bold">/&amp;gt;&lt;/span>
&lt;span style="color:#204a87;font-weight:bold">&amp;lt;ConditionalFormatting&lt;/span> &lt;span style="color:#c4a000">value=&lt;/span>&lt;span style="color:#4e9a06">&amp;#34;True&amp;#34;&lt;/span>&lt;span style="color:#204a87;font-weight:bold">/&amp;gt;&lt;/span>
&lt;span style="color:#204a87;font-weight:bold">&amp;lt;/Report&amp;gt;&lt;/span>
&lt;span style="color:#204a87;font-weight:bold">&amp;lt;/Performance&amp;gt;&lt;/span>
&lt;/code>&lt;/pre>&lt;/div>
&lt;/div>
&lt;/div>
&lt;h3 id="performance-parameters">Performance Parameters&lt;/h3>
&lt;ul>
&lt;li>
&lt;p>&lt;code>LimitCellsNumberForMerged&lt;/code> – The default value of the parameter is 1000000. The parameter value is set by the client and is not effected by the performance parameter&amp;rsquo;s switch. Please refer to the following configuration.&lt;/p>
&lt;p>&lt;strong>XML&lt;/strong>&lt;/p>
&lt;/li>
&lt;/ul>
&lt;div class="position-relative">
&lt;div class="position-absolute" style="right:0;">
&lt;button class="btn btn-light" data-clipboard-target="#clipboard_04537114bf">
Copy
&lt;/button>
&lt;/div>
&lt;div id="clipboard_04537114bf">
&lt;div class="highlight">&lt;pre style="background-color:#f8f8f8;-moz-tab-size:4;-o-tab-size:4;tab-size:4">&lt;code class="language-xml" data-lang="xml">
&lt;span style="color:#204a87;font-weight:bold">&amp;lt;Performance&lt;/span> &lt;span style="color:#c4a000">value=&lt;/span>&lt;span style="color:#4e9a06">&amp;#34;ON&amp;#34;&lt;/span> &lt;span style="color:#c4a000">IsAutoRowFit =&lt;/span>&lt;span style="color:#4e9a06">&amp;#34;True&amp;#34;&lt;/span> &lt;span style="color:#c4a000">IsMerged=&lt;/span>&lt;span style="color:#4e9a06">&amp;#34;True&amp;#34;&lt;/span> &lt;span style="color:#c4a000">LimitCellsNumberForMerged=&lt;/span>&lt;span style="color:#4e9a06">&amp;#34;10000&amp;#34;&lt;/span> &lt;span style="color:#c4a000">IsSetStyle=&lt;/span>&lt;span style="color:#4e9a06">&amp;#34;True&amp;#34;&lt;/span> &lt;span style="color:#c4a000">IsConditionalFormatting =&lt;/span>&lt;span style="color:#4e9a06">&amp;#34;True&amp;#34;&lt;/span>&lt;span style="color:#204a87;font-weight:bold">&amp;gt;&lt;/span>
&lt;/code>&lt;/pre>&lt;/div>
&lt;/div>
&lt;/div>
&lt;ul>
&lt;li>&lt;code>IsAutoRowFit&lt;/code> – Can be either true or false:
&lt;ul>
&lt;li>
&lt;p>When the &lt;code>Performance&lt;/code> parameter is set to ‘off’, the default value is false.&lt;/p>
&lt;/li>
&lt;li>
&lt;p>When the &lt;code>Performance&lt;/code> parameter is set to ‘on’, the default value is true.&lt;/p>
&lt;/li>
&lt;li>
&lt;p>When the &lt;code>Performance&lt;/code> parameter is set to ‘on’, a sub-element report can re-set the report’s &lt;code>AutoRowFile&lt;/code> paramter.&lt;br>
Please refer to the following configuration.&lt;/p>
&lt;p>&lt;strong>XML&lt;/strong>&lt;/p>
&lt;/li>
&lt;/ul>
&lt;/li>
&lt;/ul>
&lt;div class="position-relative">
&lt;div class="position-absolute" style="right:0;">
&lt;button class="btn btn-light" data-clipboard-target="#clipboard_7b515411c8">
Copy
&lt;/button>
&lt;/div>
&lt;div id="clipboard_7b515411c8">
&lt;div class="highlight">&lt;pre style="background-color:#f8f8f8;-moz-tab-size:4;-o-tab-size:4;tab-size:4">&lt;code class="language-xml" data-lang="xml">
&lt;span style="color:#204a87;font-weight:bold">&amp;lt;Performance&lt;/span> &lt;span style="color:#c4a000">value=&lt;/span>&lt;span style="color:#4e9a06">&amp;#34;ON&amp;#34;&lt;/span> &lt;span style="color:#c4a000">IsAutoRowFit =&lt;/span>&lt;span style="color:#4e9a06">&amp;#34;True&amp;#34;&lt;/span> &lt;span style="color:#c4a000">IsMerged=&lt;/span>&lt;span style="color:#4e9a06">&amp;#34;True&amp;#34;&lt;/span> &lt;span style="color:#c4a000">IsSetStyle=&lt;/span>&lt;span style="color:#4e9a06">&amp;#34;True&amp;#34;&lt;/span> &lt;span style="color:#c4a000">IsConditionalFormatting =&lt;/span>&lt;span style="color:#4e9a06">&amp;#34;True&amp;#34;&lt;/span>&lt;span style="color:#204a87;font-weight:bold">&amp;gt;&lt;/span>
&lt;span style="color:#204a87;font-weight:bold">&amp;lt;Report&lt;/span> &lt;span style="color:#c4a000">name=&lt;/span>&lt;span style="color:#4e9a06">&amp;#34;Test&amp;#34;&lt;/span>&lt;span style="color:#204a87;font-weight:bold">&amp;gt;&lt;/span>
&lt;span style="color:#204a87;font-weight:bold">&amp;lt;AutoRowFit&lt;/span> &lt;span style="color:#c4a000">value=&lt;/span>&lt;span style="color:#4e9a06">&amp;#34;False&amp;#34;&lt;/span>&lt;span style="color:#204a87;font-weight:bold">/&amp;gt;&lt;/span>
&lt;span style="color:#204a87;font-weight:bold">&amp;lt;SetStyle&lt;/span> &lt;span style="color:#c4a000">value=&lt;/span>&lt;span style="color:#4e9a06">&amp;#34;True&amp;#34;&lt;/span>&lt;span style="color:#204a87;font-weight:bold">/&amp;gt;&lt;/span>
&lt;span style="color:#204a87;font-weight:bold">&amp;lt;Merged&lt;/span> &lt;span style="color:#c4a000">value=&lt;/span>&lt;span style="color:#4e9a06">&amp;#34;True&amp;#34;&lt;/span>&lt;span style="color:#204a87;font-weight:bold">/&amp;gt;&lt;/span>
&lt;span style="color:#204a87;font-weight:bold">&amp;lt;ConditionalFormatting&lt;/span> &lt;span style="color:#c4a000">value=&lt;/span>&lt;span style="color:#4e9a06">&amp;#34;True&amp;#34;&lt;/span>&lt;span style="color:#204a87;font-weight:bold">/&amp;gt;&lt;/span>
&lt;span style="color:#204a87;font-weight:bold">&amp;lt;/Report&amp;gt;&lt;/span>
&lt;span style="color:#204a87;font-weight:bold">&amp;lt;/Performance&amp;gt;&lt;/span>
&lt;/code>&lt;/pre>&lt;/div>
&lt;/div>
&lt;/div>
&lt;ul>
&lt;li>&lt;code>IsMerged&lt;/code> – Can be either true or false:
&lt;ul>
&lt;li>
&lt;p>When the &lt;code>Performance&lt;/code> parameter is set to ‘off’, the default value is false.&lt;/p>
&lt;/li>
&lt;li>
&lt;p>When the &lt;code>Performance&lt;/code> parameter is set to ‘on’, the default value is true.&lt;/p>
&lt;/li>
&lt;li>
&lt;p>When the &lt;code>Performance&lt;/code> parameter is set to ‘on’, a sub-element report can re-set the report’s &lt;code>AutoRowFile&lt;/code> paramter.&lt;br>
Please refer to the following configuration.&lt;/p>
&lt;p>&lt;strong>XML&lt;/strong>&lt;/p>
&lt;/li>
&lt;/ul>
&lt;/li>
&lt;/ul>
&lt;div class="position-relative">
&lt;div class="position-absolute" style="right:0;">
&lt;button class="btn btn-light" data-clipboard-target="#clipboard_8c57f0da80">
Copy
&lt;/button>
&lt;/div>
&lt;div id="clipboard_8c57f0da80">
&lt;div class="highlight">&lt;pre style="background-color:#f8f8f8;-moz-tab-size:4;-o-tab-size:4;tab-size:4">&lt;code class="language-xml" data-lang="xml">
&lt;span style="color:#204a87;font-weight:bold">&amp;lt;Performance&lt;/span> &lt;span style="color:#c4a000">value=&lt;/span>&lt;span style="color:#4e9a06">&amp;#34;ON&amp;#34;&lt;/span> &lt;span style="color:#c4a000">IsAutoRowFit =&lt;/span>&lt;span style="color:#4e9a06">&amp;#34;True&amp;#34;&lt;/span> &lt;span style="color:#c4a000">IsMerged=&lt;/span>&lt;span style="color:#4e9a06">&amp;#34;True&amp;#34;&lt;/span> &lt;span style="color:#c4a000">IsSetStyle=&lt;/span>&lt;span style="color:#4e9a06">&amp;#34;True&amp;#34;&lt;/span> &lt;span style="color:#c4a000">IsConditionalFormatting =&lt;/span>&lt;span style="color:#4e9a06">&amp;#34;True&amp;#34;&lt;/span>&lt;span style="color:#204a87;font-weight:bold">&amp;gt;&lt;/span>
&lt;span style="color:#204a87;font-weight:bold">&amp;lt;Report&lt;/span> &lt;span style="color:#c4a000">name=&lt;/span>&lt;span style="color:#4e9a06">&amp;#34;&amp;#34;&lt;/span>&lt;span style="color:#204a87;font-weight:bold">&amp;gt;&lt;/span>
&lt;span style="color:#204a87;font-weight:bold">&amp;lt;AutoRowFit&lt;/span> &lt;span style="color:#c4a000">value=&lt;/span>&lt;span style="color:#4e9a06">&amp;#34;True&amp;#34;&lt;/span>&lt;span style="color:#204a87;font-weight:bold">/&amp;gt;&lt;/span>
&lt;span style="color:#204a87;font-weight:bold">&amp;lt;SetStyle&lt;/span> &lt;span style="color:#c4a000">value=&lt;/span>&lt;span style="color:#4e9a06">&amp;#34;True&amp;#34;&lt;/span>&lt;span style="color:#204a87;font-weight:bold">/&amp;gt;&lt;/span>
&lt;span style="color:#204a87;font-weight:bold">&amp;lt;Merged&lt;/span> &lt;span style="color:#c4a000">value=&lt;/span>&lt;span style="color:#4e9a06">&amp;#34;False&amp;#34;&lt;/span>&lt;span style="color:#204a87;font-weight:bold">/&amp;gt;&lt;/span>
&lt;span style="color:#204a87;font-weight:bold">&amp;lt;ConditionalFormatting&lt;/span> &lt;span style="color:#c4a000">value=&lt;/span>&lt;span style="color:#4e9a06">&amp;#34;True&amp;#34;&lt;/span>&lt;span style="color:#204a87;font-weight:bold">/&amp;gt;&lt;/span>
&lt;span style="color:#204a87;font-weight:bold">&amp;lt;/Report&amp;gt;&lt;/span>
&lt;span style="color:#204a87;font-weight:bold">&amp;lt;/Performance&amp;gt;&lt;/span>
&lt;/code>&lt;/pre>&lt;/div>
&lt;/div>
&lt;/div>
&lt;ul>
&lt;li>&lt;code>IsSetStyle&lt;/code> – Can be either true or false:
&lt;ul>
&lt;li>
&lt;p>When the &lt;code>Performance&lt;/code> parameter is set to ‘off’, the default value is false.&lt;/p>
&lt;/li>
&lt;li>
&lt;p>When the &lt;code>Performance&lt;/code> parameter is set to ‘on’, the default value is true.&lt;/p>
&lt;/li>
&lt;li>
&lt;p>When the &lt;code>Performance&lt;/code> parameter is set to ‘on’, a sub-element report can re-set the report’s &lt;code>AutoRowFile&lt;/code> paramter.&lt;br>
Please refer to the following configuration.&lt;/p>
&lt;p>&lt;strong>XML&lt;/strong>&lt;/p>
&lt;/li>
&lt;/ul>
&lt;/li>
&lt;/ul>
&lt;div class="position-relative">
&lt;div class="position-absolute" style="right:0;">
&lt;button class="btn btn-light" data-clipboard-target="#clipboard_e32f48d5fe">
Copy
&lt;/button>
&lt;/div>
&lt;div id="clipboard_e32f48d5fe">
&lt;div class="highlight">&lt;pre style="background-color:#f8f8f8;-moz-tab-size:4;-o-tab-size:4;tab-size:4">&lt;code class="language-xml" data-lang="xml">
&lt;span style="color:#204a87;font-weight:bold">&amp;lt;Performance&lt;/span> &lt;span style="color:#c4a000">value=&lt;/span>&lt;span style="color:#4e9a06">&amp;#34;ON&amp;#34;&lt;/span> &lt;span style="color:#c4a000">IsAutoRowFit =&lt;/span>&lt;span style="color:#4e9a06">&amp;#34;True&amp;#34;&lt;/span> &lt;span style="color:#c4a000">IsMerged=&lt;/span>&lt;span style="color:#4e9a06">&amp;#34;True&amp;#34;&lt;/span> &lt;span style="color:#c4a000">IsSetStyle=&lt;/span>&lt;span style="color:#4e9a06">&amp;#34;True&amp;#34;&lt;/span> &lt;span style="color:#c4a000">IsConditionalFormatting =&lt;/span>&lt;span style="color:#4e9a06">&amp;#34;True&amp;#34;&lt;/span>&lt;span style="color:#204a87;font-weight:bold">&amp;gt;&lt;/span>
&lt;span style="color:#204a87;font-weight:bold">&amp;lt;Report&lt;/span> &lt;span style="color:#c4a000">name=&lt;/span>&lt;span style="color:#4e9a06">&amp;#34;&amp;#34;&lt;/span>&lt;span style="color:#204a87;font-weight:bold">&amp;gt;&lt;/span>
&lt;span style="color:#204a87;font-weight:bold">&amp;lt;AutoRowFit&lt;/span> &lt;span style="color:#c4a000">value=&lt;/span>&lt;span style="color:#4e9a06">&amp;#34;True&amp;#34;&lt;/span>&lt;span style="color:#204a87;font-weight:bold">/&amp;gt;&lt;/span>
&lt;span style="color:#204a87;font-weight:bold">&amp;lt;SetStyle&lt;/span> &lt;span style="color:#c4a000">value=&lt;/span>&lt;span style="color:#4e9a06">&amp;#34;False&amp;#34;&lt;/span>&lt;span style="color:#204a87;font-weight:bold">/&amp;gt;&lt;/span>
&lt;span style="color:#204a87;font-weight:bold">&amp;lt;Merged&lt;/span> &lt;span style="color:#c4a000">value=&lt;/span>&lt;span style="color:#4e9a06">&amp;#34;True&amp;#34;&lt;/span>&lt;span style="color:#204a87;font-weight:bold">/&amp;gt;&lt;/span>
&lt;span style="color:#204a87;font-weight:bold">&amp;lt;ConditionalFormatting&lt;/span> &lt;span style="color:#c4a000">value=&lt;/span>&lt;span style="color:#4e9a06">&amp;#34;True&amp;#34;&lt;/span>&lt;span style="color:#204a87;font-weight:bold">/&amp;gt;&lt;/span>
&lt;span style="color:#204a87;font-weight:bold">&amp;lt;/Report&amp;gt;&lt;/span>
&lt;span style="color:#204a87;font-weight:bold">&amp;lt;/Performance&amp;gt;&lt;/span>
&lt;/code>&lt;/pre>&lt;/div>
&lt;/div>
&lt;/div>
&lt;ul>
&lt;li>IsConditionalFormatting – Can be either true or false:
&lt;ul>
&lt;li>
&lt;p>When the &lt;code>Performance&lt;/code> parameter is set to ‘off’, the default value is false.&lt;/p>
&lt;/li>
&lt;li>
&lt;p>When the &lt;code>Performance&lt;/code> parameter is set to ‘on’, the default value is true.&lt;/p>
&lt;/li>
&lt;li>
&lt;p>When the &lt;code>Performance&lt;/code> parameter is set to ‘on’, sub-element report can re-set point report’s &lt;code>AutoRowFile&lt;/code> paramter.&lt;/p>
&lt;/li>
&lt;li>
&lt;p>When the &lt;code>IsSetStyle&lt;/code> parameter is set to false, the value of the &lt;code>Performance&lt;/code> parameter is invalid.&lt;br>
Please refer to the following configuration.&lt;/p>
&lt;p>&lt;strong>XML&lt;/strong>&lt;/p>
&lt;/li>
&lt;/ul>
&lt;/li>
&lt;/ul>
&lt;div class="position-relative">
&lt;div class="position-absolute" style="right:0;">
&lt;button class="btn btn-light" data-clipboard-target="#clipboard_553d5cd029">
Copy
&lt;/button>
&lt;/div>
&lt;div id="clipboard_553d5cd029">
&lt;div class="highlight">&lt;pre style="background-color:#f8f8f8;-moz-tab-size:4;-o-tab-size:4;tab-size:4">&lt;code class="language-xml" data-lang="xml">
&lt;span style="color:#204a87;font-weight:bold">&amp;lt;Performance&lt;/span> &lt;span style="color:#c4a000">value=&lt;/span>&lt;span style="color:#4e9a06">&amp;#34;ON&amp;#34;&lt;/span> &lt;span style="color:#c4a000">IsAutoRowFit =&lt;/span>&lt;span style="color:#4e9a06">&amp;#34;True&amp;#34;&lt;/span> &lt;span style="color:#c4a000">IsMerged=&lt;/span>&lt;span style="color:#4e9a06">&amp;#34;True&amp;#34;&lt;/span> &lt;span style="color:#c4a000">IsSetStyle=&lt;/span>&lt;span style="color:#4e9a06">&amp;#34;True&amp;#34;&lt;/span> &lt;span style="color:#c4a000">IsConditionalFormatting =&lt;/span>&lt;span style="color:#4e9a06">&amp;#34;True&amp;#34;&lt;/span>&lt;span style="color:#204a87;font-weight:bold">&amp;gt;&lt;/span>
&lt;span style="color:#204a87;font-weight:bold">&amp;lt;Report&lt;/span> &lt;span style="color:#c4a000">name=&lt;/span>&lt;span style="color:#4e9a06">&amp;#34;&amp;#34;&lt;/span>&lt;span style="color:#204a87;font-weight:bold">&amp;gt;&lt;/span>
&lt;span style="color:#204a87;font-weight:bold">&amp;lt;AutoRowFit&lt;/span> &lt;span style="color:#c4a000">value=&lt;/span>&lt;span style="color:#4e9a06">&amp;#34;True&amp;#34;&lt;/span>&lt;span style="color:#204a87;font-weight:bold">/&amp;gt;&lt;/span>
&lt;span style="color:#204a87;font-weight:bold">&amp;lt;SetStyle&lt;/span> &lt;span style="color:#c4a000">value=&lt;/span>&lt;span style="color:#4e9a06">&amp;#34;True&amp;#34;&lt;/span>&lt;span style="color:#204a87;font-weight:bold">/&amp;gt;&lt;/span>
&lt;span style="color:#204a87;font-weight:bold">&amp;lt;Merged&lt;/span> &lt;span style="color:#c4a000">value=&lt;/span>&lt;span style="color:#4e9a06">&amp;#34;True&amp;#34;&lt;/span>&lt;span style="color:#204a87;font-weight:bold">/&amp;gt;&lt;/span>
&lt;span style="color:#204a87;font-weight:bold">&amp;lt;ConditionalFormatting&lt;/span> &lt;span style="color:#c4a000">value=&lt;/span>&lt;span style="color:#4e9a06">&amp;#34;False&amp;#34;&lt;/span>&lt;span style="color:#204a87;font-weight:bold">/&amp;gt;&lt;/span>
&lt;span style="color:#204a87;font-weight:bold">&amp;lt;/Report&amp;gt;&lt;/span>
&lt;span style="color:#204a87;font-weight:bold">&amp;lt;/Performance&amp;gt;&lt;/span>
&lt;/code>&lt;/pre>&lt;/div>
&lt;/div>
&lt;/div></description></item><item><title>Reportingservices: Setting Conditional Formatting for Report Item</title><link>https://docs2.aspose.com/cells/reportingservices/faqs/setting+conditional+formatting+for+report+item/</link><pubDate>Mon, 01 Jan 0001 00:00:00 +0000</pubDate><guid>https://docs2.aspose.com/cells/reportingservices/faqs/setting+conditional+formatting+for+report+item/</guid><description>
&lt;p>Aspose.Cells for Reporting Services : Setting Conditional Formatting for Report Item&lt;/p>
&lt;h1 id="asposecells-for-reporting-services--setting-conditional-formatting-for-report-item">Aspose.Cells for Reporting Services : Setting Conditional Formatting for Report Item&lt;/h1>
&lt;p>To set conditional formatting for report items:&lt;/p>
&lt;ol>
&lt;li>
&lt;p>Create and open a report definition file in Microsoft Excel.&lt;br>
(For the purposes of this article, we&amp;rsquo;ll use the test case (Company Sales 2008.rdl).&lt;/p>
&lt;/li>
&lt;li>
&lt;p>Select the Sale List worksheet.&lt;/p>
&lt;p>&lt;img src="https://docs2.aspose.com/cells/reportingservices/attachments/6094858/6193250.png" alt="">&lt;/p>
&lt;/li>
&lt;li>
&lt;p>Select cell I6 and add conditional formatting to this cell for the table report item.&lt;/p>
&lt;ul>
&lt;li>Format cells that are less than 1000 with light red fill with dark red text.&lt;/li>
&lt;li>Format cells that are greater than 1000 with light yellow fill with dark yellow text.&lt;/li>
&lt;/ul>
&lt;/li>
&lt;li>
&lt;p>Set more conditional formatting for one cell.&lt;/p>
&lt;p>&lt;img src="https://docs2.aspose.com/cells/reportingservices/attachments/6094858/6193251.png" alt="">&lt;/p>
&lt;p>&lt;img src="https://docs2.aspose.com/cells/reportingservices/attachments/6094858/6193252.png" alt="">&lt;/p>
&lt;/li>
&lt;li>
&lt;p>Save, publish and review the report.&lt;/p>
&lt;p>&lt;img src="https://docs2.aspose.com/cells/reportingservices/attachments/6094858/6193271.png" alt="">&lt;/p>
&lt;/li>
&lt;li>
&lt;p>Add conditional formatting for this cell for matrix report item or textbox report item.&lt;/p>
&lt;p>&lt;img src="https://docs2.aspose.com/cells/reportingservices/attachments/6094858/6193270.png" alt="">&lt;/p>
&lt;/li>
&lt;li>
&lt;p>Save, publish and review the report.&lt;/p>
&lt;p>&lt;img src="https://docs2.aspose.com/cells/reportingservices/attachments/6094858/6193273.png" alt="">&lt;/p>
&lt;/li>
&lt;/ol>
&lt;h2 id="attachments">Attachments:&lt;/h2>
&lt;p>&lt;img src="https://docs2.aspose.com/cells/reportingservices/images/icons/bullet_blue.gif" alt=""> &lt;a href="https://docs2.aspose.com/cells/reportingservices/attachments/6094858/6193250.png">How to set Conditional Formatting for Report Item-001.png&lt;/a> (image/png)&lt;br>
&lt;img src="https://docs2.aspose.com/cells/reportingservices/images/icons/bullet_blue.gif" alt=""> &lt;a href="https://docs2.aspose.com/cells/reportingservices/attachments/6094858/6193251.png">How to set Conditional Formatting for Report Item-002.png&lt;/a> (image/png)&lt;br>
&lt;img src="https://docs2.aspose.com/cells/reportingservices/images/icons/bullet_blue.gif" alt=""> &lt;a href="https://docs2.aspose.com/cells/reportingservices/attachments/6094858/6193252.png">How to set Conditional Formatting for Report Item-003.png&lt;/a> (image/png)&lt;br>
&lt;img src="https://docs2.aspose.com/cells/reportingservices/images/icons/bullet_blue.gif" alt=""> &lt;a href="https://docs2.aspose.com/cells/reportingservices/attachments/6094858/6193271.png">How to set Conditional Formatting for Report Item-004.png&lt;/a> (image/png)&lt;br>
&lt;img src="https://docs2.aspose.com/cells/reportingservices/images/icons/bullet_blue.gif" alt=""> &lt;a href="https://docs2.aspose.com/cells/reportingservices/attachments/6094858/6193270.png">How to set Conditional Formatting for Report Item-005.png&lt;/a> (image/png)&lt;br>
&lt;img src="https://docs2.aspose.com/cells/reportingservices/images/icons/bullet_blue.gif" alt=""> &lt;a href="https://docs2.aspose.com/cells/reportingservices/attachments/6094858/6193273.png">How to set Conditional Formatting for Report Item-006.png&lt;/a> (image/png)&lt;/p></description></item><item><title>Reportingservices: Configuring Encryption</title><link>https://docs2.aspose.com/cells/reportingservices/faqs/configuring+encryption/</link><pubDate>Mon, 01 Jan 0001 00:00:00 +0000</pubDate><guid>https://docs2.aspose.com/cells/reportingservices/faqs/configuring+encryption/</guid><description>
&lt;p>Aspose.Cells for Reporting Services : Configuring Encryption&lt;/p>
&lt;h1 id="asposecells-for-reporting-services--configuring-encryption">Aspose.Cells for Reporting Services : Configuring Encryption&lt;/h1>
&lt;p>Aspose.Cells for Reporting Services supports encryption and you may render encrypted Microsoft Excel files.&lt;/p>
&lt;h3 id="types-of-encryption">Types of Encryption&lt;/h3>
&lt;p>Aspose.Cells for Reporting Services supports encryption when exporting Excel files. It supports three encryption types:&lt;/p>
&lt;ul>
&lt;li>XOR&lt;/li>
&lt;li>WEAK ENCRYPTION&lt;/li>
&lt;li>Microsoft Strong Cryptographic Provider&lt;/li>
&lt;/ul>
&lt;h3 id="configuring-information">Configuring Information&lt;/h3>
&lt;p>There is configuring information for encryption in the &lt;strong>Aspose.Cells.ReportingServices.xml&lt;/strong> file. When the value of &lt;code>Encryption&lt;/code> is set to &amp;ldquo;off&amp;rdquo;, the Aspose.Cells.ReportingServices turns encryption off.&lt;/p>
&lt;p>&lt;strong>XML&lt;/strong>&lt;/p>
&lt;div class="position-relative">
&lt;div class="position-absolute" style="right:0;">
&lt;button class="btn btn-light" data-clipboard-target="#clipboard_68283c858d">
Copy
&lt;/button>
&lt;/div>
&lt;div id="clipboard_68283c858d">
&lt;div class="highlight">&lt;pre style="background-color:#f8f8f8;-moz-tab-size:4;-o-tab-size:4;tab-size:4">&lt;code class="language-xml" data-lang="xml">
&lt;span style="color:#204a87;font-weight:bold">&amp;lt;Encryption&lt;/span> &lt;span style="color:#c4a000">value=&lt;/span>&lt;span style="color:#4e9a06">&amp;#34;off&amp;#34;&lt;/span>&lt;span style="color:#204a87;font-weight:bold">&amp;gt;&lt;/span>
&lt;span style="color:#204a87;font-weight:bold">&amp;lt;Report&lt;/span> &lt;span style="color:#c4a000">name=&lt;/span>&lt;span style="color:#4e9a06">&amp;#34;&amp;#34;&lt;/span> &lt;span style="color:#204a87;font-weight:bold">&amp;gt;&lt;/span>
&lt;span style="color:#204a87;font-weight:bold">&amp;lt;Password&lt;/span> &lt;span style="color:#c4a000">value=&lt;/span>&lt;span style="color:#4e9a06">&amp;#34;&amp;#34;&lt;/span>&lt;span style="color:#204a87;font-weight:bold">/&amp;gt;&lt;/span>
&lt;span style="color:#204a87;font-weight:bold">&amp;lt;EncryptionType&lt;/span> &lt;span style="color:#c4a000">value=&lt;/span>&lt;span style="color:#4e9a06">&amp;#34;Microsoft Strong Cryptographic Provider&amp;#34;&lt;/span>&lt;span style="color:#204a87;font-weight:bold">/&amp;gt;&lt;/span>
&lt;span style="color:#204a87;font-weight:bold">&amp;lt;KeyLength&lt;/span> &lt;span style="color:#c4a000">value=&lt;/span>&lt;span style="color:#4e9a06">&amp;#34;128&amp;#34;&lt;/span>&lt;span style="color:#204a87;font-weight:bold">/&amp;gt;&lt;/span>
&lt;span style="color:#204a87;font-weight:bold">&amp;lt;/Report&amp;gt;&lt;/span>
&lt;span style="color:#204a87;font-weight:bold">&amp;lt;/ Encryption &amp;gt;&lt;/span>
&lt;/code>&lt;/pre>&lt;/div>
&lt;/div>
&lt;/div>
&lt;p>When &lt;code>Encryption&lt;/code> is set to &amp;ldquo;on&amp;rdquo;, Aspose.Cells.ReportingServices turns on encryption.&lt;/p>
&lt;div class="position-relative">
&lt;div class="position-absolute" style="right:0;">
&lt;button class="btn btn-light" data-clipboard-target="#clipboard_bec7021604">
Copy
&lt;/button>
&lt;/div>
&lt;div id="clipboard_bec7021604">
&lt;div class="highlight">&lt;pre style="background-color:#f8f8f8;-moz-tab-size:4;-o-tab-size:4;tab-size:4">&lt;code class="language-cs" data-lang="cs">
&lt;span style="color:#000;font-weight:bold">&amp;lt;&lt;/span>&lt;span style="color:#000">Encryption&lt;/span> &lt;span style="color:#204a87;font-weight:bold">value&lt;/span>&lt;span style="color:#000;font-weight:bold">=&lt;/span>&lt;span style="color:#4e9a06">&amp;#34;on&amp;#34;&lt;/span>&lt;span style="color:#000;font-weight:bold">&amp;gt;&lt;/span>
&lt;/code>&lt;/pre>&lt;/div>
&lt;/div>
&lt;/div>
&lt;p>There are four parameters in the Encryption section: ReportName, Password, EncryptionType and KeyLength.&lt;/p>
&lt;ul>
&lt;li>
&lt;p>&lt;code>ReportName&lt;/code> – Sets the report that needs encryption settings. A report uses the same encryption way when the parameter is blank.&lt;/p>
&lt;/li>
&lt;li>
&lt;p>&lt;code>Password&lt;/code> – Sets the password. It cannot be left blank.&lt;/p>
&lt;/li>
&lt;li>
&lt;p>&lt;code>EncryptionType&lt;/code> – Sets encryption type. It cannot be left blank.&lt;/p>
&lt;/li>
&lt;li>
&lt;p>&lt;code>KeyLength&lt;/code> – Sets the key length. It cannot be left blank.&lt;/p>
&lt;p>&lt;strong>XML&lt;/strong>&lt;/p>
&lt;/li>
&lt;/ul>
&lt;div class="position-relative">
&lt;div class="position-absolute" style="right:0;">
&lt;button class="btn btn-light" data-clipboard-target="#clipboard_4d729230ff">
Copy
&lt;/button>
&lt;/div>
&lt;div id="clipboard_4d729230ff">
&lt;div class="highlight">&lt;pre style="background-color:#f8f8f8;-moz-tab-size:4;-o-tab-size:4;tab-size:4">&lt;code class="language-xml" data-lang="xml">
&lt;span style="color:#204a87;font-weight:bold">&amp;lt;Encryption&lt;/span> &lt;span style="color:#c4a000">value=&lt;/span>&lt;span style="color:#4e9a06">&amp;#34;on&amp;#34;&lt;/span>&lt;span style="color:#204a87;font-weight:bold">&amp;gt;&lt;/span>
&lt;span style="color:#204a87;font-weight:bold">&amp;lt;Report&lt;/span> &lt;span style="color:#c4a000">name=&lt;/span>&lt;span style="color:#4e9a06">&amp;#34;Test&amp;#34;&lt;/span> &lt;span style="color:#204a87;font-weight:bold">&amp;gt;&lt;/span>
&lt;span style="color:#204a87;font-weight:bold">&amp;lt;Password&lt;/span> &lt;span style="color:#c4a000">value=&lt;/span>&lt;span style="color:#4e9a06">&amp;#34;12345&amp;#34;&lt;/span>&lt;span style="color:#204a87;font-weight:bold">/&amp;gt;&lt;/span>
&lt;span style="color:#204a87;font-weight:bold">&amp;lt;EncryptionType&lt;/span> &lt;span style="color:#c4a000">value=&lt;/span>&lt;span style="color:#4e9a06">&amp;#34;Microsoft Strong Cryptographic Provider&amp;#34;&lt;/span>&lt;span style="color:#204a87;font-weight:bold">/&amp;gt;&lt;/span>
&lt;span style="color:#204a87;font-weight:bold">&amp;lt;KeyLength&lt;/span> &lt;span style="color:#c4a000">value=&lt;/span>&lt;span style="color:#4e9a06">&amp;#34;128&amp;#34;&lt;/span>&lt;span style="color:#204a87;font-weight:bold">/&amp;gt;&lt;/span>
&lt;span style="color:#204a87;font-weight:bold">&amp;lt;/Report&amp;gt;&lt;/span>
&lt;span style="color:#204a87;font-weight:bold">&amp;lt;Report&lt;/span> &lt;span style="color:#c4a000">name=&lt;/span>&lt;span style="color:#4e9a06">&amp;#34;&amp;#34;&lt;/span> &lt;span style="color:#204a87;font-weight:bold">&amp;gt;&lt;/span>
&lt;span style="color:#204a87;font-weight:bold">&amp;lt;Password&lt;/span> &lt;span style="color:#c4a000">value=&lt;/span>&lt;span style="color:#4e9a06">&amp;#34;123456&amp;#34;&lt;/span>&lt;span style="color:#204a87;font-weight:bold">/&amp;gt;&lt;/span>
&lt;span style="color:#204a87;font-weight:bold">&amp;lt;EncryptionType&lt;/span> &lt;span style="color:#c4a000">value=&lt;/span>&lt;span style="color:#4e9a06">&amp;#34;XOR&amp;#34;&lt;/span>&lt;span style="color:#204a87;font-weight:bold">/&amp;gt;&lt;/span>
&lt;span style="color:#204a87;font-weight:bold">&amp;lt;KeyLength&lt;/span> &lt;span style="color:#c4a000">value=&lt;/span>&lt;span style="color:#4e9a06">&amp;#34;128&amp;#34;&lt;/span>&lt;span style="color:#204a87;font-weight:bold">/&amp;gt;&lt;/span>
&lt;span style="color:#204a87;font-weight:bold">&amp;lt;/Report&amp;gt;&lt;/span>
&lt;span style="color:#204a87;font-weight:bold">&amp;lt;/Encryption&amp;gt;&lt;/span>
&lt;/code>&lt;/pre>&lt;/div>
&lt;/div>
&lt;/div></description></item></channel></rss>