<rss version="2.0" xmlns:atom="http://www.w3.org/2005/Atom"><channel><title>Documentation – Release Notes - 2014</title><link>https://docs2.aspose.com/cells/sharepoint/releasenotes/2014/</link><description>Recent content in Release Notes - 2014 on Documentation</description><generator>Hugo -- gohugo.io</generator><atom:link href="https://docs2.aspose.com/cells/sharepoint/releasenotes/2014/index.xml" rel="self" type="application/rss+xml"/><item><title>Sharepoint: Aspose.Cells for SharePoint 3.1.0 Release Notes</title><link>https://docs2.aspose.com/cells/sharepoint/releasenotes/2014/aspose.cells+for+sharepoint+3.1.0+release+notes/</link><pubDate>Mon, 01 Jan 0001 00:00:00 +0000</pubDate><guid>https://docs2.aspose.com/cells/sharepoint/releasenotes/2014/aspose.cells+for+sharepoint+3.1.0+release+notes/</guid><description>
&lt;p>Aspose.Cells for SharePoint : Aspose.Cells for SharePoint 3.1.0 Release Notes&lt;/p>
&lt;h1 id="asposecells-for-sharepoint--asposecells-for-sharepoint-310-release-notes">Aspose.Cells for SharePoint : Aspose.Cells for SharePoint 3.1.0 Release Notes&lt;/h1>
&lt;p>This page contains release notes for &lt;a href="http://www.aspose.com/downloads/cells/sharepoint/new-releases/aspose.cells-for-sharepoint-3.1.0/">Aspose.Cells for SharePoint 3.1.0&lt;/a>&lt;/p>
&lt;p>Please welcome a new release of Aspose.Cells for SharePoint 3.1.0.&lt;/p>
&lt;p>Major Features&lt;/p>
&lt;p>Aspose.Cells for Share Point supports SharePoint 2013.&lt;/p>
&lt;p>(SHAREPOINT-40023) SharePoint 2013 Supported&lt;/p></description></item></channel></rss>