<rss version="2.0" xmlns:atom="http://www.w3.org/2005/Atom"><channel><title>Documentation – Creating New Query Using Existing Data Source</title><link>https://docs2.aspose.com/cells/reportingservices/userguide/datasourcesandqueries/creating+new+query+using+existing+data+source/</link><description>Recent content in Creating New Query Using Existing Data Source on Documentation</description><generator>Hugo -- gohugo.io</generator><atom:link href="https://docs2.aspose.com/cells/reportingservices/userguide/datasourcesandqueries/creating+new+query+using+existing+data+source/index.xml" rel="self" type="application/rss+xml"/></channel></rss>