<rss version="2.0" xmlns:atom="http://www.w3.org/2005/Atom"><channel><title>Documentation – Exporting .jrprint Files to XLS Formats</title><link>https://docs2.aspose.com/cells/jasperreports/userguide/exporting+.jrprint+files+to+xls+formats/</link><description>Recent content in Exporting .jrprint Files to XLS Formats on Documentation</description><generator>Hugo -- gohugo.io</generator><atom:link href="https://docs2.aspose.com/cells/jasperreports/userguide/exporting+.jrprint+files+to+xls+formats/index.xml" rel="self" type="application/rss+xml"/></channel></rss>