<rss version="2.0" xmlns:atom="http://www.w3.org/2005/Atom"><channel><title>Documentation – Read and Write XLSB File Format</title><link>https://docs2.aspose.com/cells/cpp/developerguide/ld-sv-cvt/read+and+write+xlsb+file+format/</link><description>Recent content in Read and Write XLSB File Format on Documentation</description><generator>Hugo -- gohugo.io</generator><atom:link href="https://docs2.aspose.com/cells/cpp/developerguide/ld-sv-cvt/read+and+write+xlsb+file+format/index.xml" rel="self" type="application/rss+xml"/></channel></rss>