<rss version="2.0" xmlns:atom="http://www.w3.org/2005/Atom"><channel><title>Documentation – Easy and Lightweight Deployment</title><link>https://docs2.aspose.com/cells/jasperreports/gettingstarted/featuretour/easy+and+lightweight+deployment/</link><description>Recent content in Easy and Lightweight Deployment on Documentation</description><generator>Hugo -- gohugo.io</generator><atom:link href="https://docs2.aspose.com/cells/jasperreports/gettingstarted/featuretour/easy+and+lightweight+deployment/index.xml" rel="self" type="application/rss+xml"/></channel></rss>