<rss version="2.0" xmlns:atom="http://www.w3.org/2005/Atom"><channel><title>Documentation – License Aspose.Cells for SharePoint</title><link>https://docs2.aspose.com/cells/sharepoint/productinformation/license/</link><description>Recent content in License Aspose.Cells for SharePoint on Documentation</description><generator>Hugo -- gohugo.io</generator><atom:link href="https://docs2.aspose.com/cells/sharepoint/productinformation/license/index.xml" rel="self" type="application/rss+xml"/><item><title>Sharepoint: Installing Aspose.Cells for SharePoint License</title><link>https://docs2.aspose.com/cells/sharepoint/productinformation/license/installing+aspose.cells+for+sharepoint+license/</link><pubDate>Mon, 01 Jan 0001 00:00:00 +0000</pubDate><guid>https://docs2.aspose.com/cells/sharepoint/productinformation/license/installing+aspose.cells+for+sharepoint+license/</guid><description>
&lt;p>Aspose.Cells for SharePoint : Installing Aspose.Cells for SharePoint License&lt;/p>
&lt;h1 id="asposecells-for-sharepoint--installing-asposecells-for-sharepoint-license">Aspose.Cells for SharePoint : Installing Aspose.Cells for SharePoint License&lt;/h1>
&lt;p>Once you are happy with your &lt;a href="https://docs2.aspose.com/cells/sharepoint/productinformation/evaluate+aspose.cells">evaluation&lt;/a>, &lt;a href="http://www.aspose.com/purchase/default.aspx">buy a license&lt;/a>.&lt;/p>
&lt;p>Before buying, make sure that you understand and agree to the license subscription terms.&lt;/p>
&lt;p>The license is emailed to you when the order has been paid. The license is a ZIP archive containing a regular SharePoint solution package.&lt;/p>
&lt;p>The license ZIP contains:&lt;/p>
&lt;ul>
&lt;li>&lt;strong>Aspose.Cells.SharePoint.License.wsp&lt;/strong> – SharePoint solution package file. The Aspose.Cells for SharePoint license is packaged as a SharePoint solution to facilitate deployment and retraction across the server farm.&lt;/li>
&lt;li>&lt;strong>readme.txt&lt;/strong> – License installation instructions. License installation is performed from the server console via the &lt;strong>stsadm.exe&lt;/strong>. The steps required to install the license are given below.&lt;/li>
&lt;/ul>
&lt;h4 id="installing-the-license">Installing the License&lt;/h4>
&lt;p>Paths are omitted for clarity. Add the actual path to &lt;strong>stsadm.exe&lt;/strong> and/or solution file when executing the steps below.&lt;/p>
&lt;ol>
&lt;li>Run stsadm to add the solution to the SharePoint solution store:&lt;br>
&lt;code>stsadm.exe -o addsolution -filename Aspose.Cells.SharePoint.License.wsp&lt;/code>&lt;/li>
&lt;li>Deploy the solution to all servers in the farm:&lt;br>
&lt;code>stsadm.exe -o deploysolution -name Aspose.Cells.SharePoint.License.wsp -immediate -force&lt;/code>&lt;/li>
&lt;li>Execute administrative timer jobs to complete the deployment immediately:&lt;br>
&lt;code>stsadm.exe -o execadmsvcjobs&lt;/code>&lt;/li>
&lt;/ol>
&lt;p>You will receive a warning when running the deployment step if the Windows SharePoint Services Administration service has not been started. &lt;strong>Stsadm.exe&lt;/strong> relies on this service and Windows SharePoint Timer Service to replicate solution data across the farm. If these services are not running on your server farm, you may need to deploy the license separately to each server.&lt;/p></description></item><item><title>Sharepoint: Testing a License</title><link>https://docs2.aspose.com/cells/sharepoint/productinformation/license/testing+a+license/</link><pubDate>Mon, 01 Jan 0001 00:00:00 +0000</pubDate><guid>https://docs2.aspose.com/cells/sharepoint/productinformation/license/testing+a+license/</guid><description>
&lt;p>Aspose.Cells for SharePoint : Testing a License&lt;/p>
&lt;h1 id="asposecells-for-sharepoint--testing-a-license">Aspose.Cells for SharePoint : Testing a License&lt;/h1>
&lt;p>To test that a license has been installed correctly, convert any document into desired format. If the document contains no evaluation warning, the license was activated successfully.&lt;/p></description></item><item><title>Sharepoint: Uninstalling Aspose.Cells for SharePoint License</title><link>https://docs2.aspose.com/cells/sharepoint/productinformation/license/uninstalling+aspose.cells+for+sharepoint+license/</link><pubDate>Mon, 01 Jan 0001 00:00:00 +0000</pubDate><guid>https://docs2.aspose.com/cells/sharepoint/productinformation/license/uninstalling+aspose.cells+for+sharepoint+license/</guid><description>
&lt;p>Aspose.Cells for SharePoint : Uninstalling Aspose.Cells for SharePoint License&lt;/p>
&lt;h1 id="asposecells-for-sharepoint--uninstalling-asposecells-for-sharepoint-license">Aspose.Cells for SharePoint : Uninstalling Aspose.Cells for SharePoint License&lt;/h1>
&lt;p>To uninstall Aspose.Cells for SharePoint license, please use the steps below from the server console.&lt;/p>
&lt;ol>
&lt;li>Retract the license solution from the farm:&lt;br>
&lt;code>stsadm.exe -o retractsolution -name Aspose.Cells.SharePoint.License.wsp -immediate&lt;/code>&lt;/li>
&lt;li>Execute administrative timer jobs to complete the retraction immediately:&lt;br>
&lt;code>stsadm.exe -o execadmsvcjobs&lt;/code>&lt;/li>
&lt;li>Wait for the retraction to complete.&lt;br>
You can use Central Administration to check if the retraction has completed by going to &lt;strong>Central Administration&lt;/strong>, then &lt;strong>Operations&lt;/strong> and &lt;strong>Solution Management&lt;/strong>.&lt;/li>
&lt;li>Remove the solution from the SharePoint solution store:&lt;br>
&lt;code>stsadm.exe -o deletesolution -name Aspose.Cells.SharePoint.License.wsp&lt;/code>&lt;/li>
&lt;/ol></description></item></channel></rss>