<rss version="2.0" xmlns:atom="http://www.w3.org/2005/Atom"><channel><title>Documentation – Read and Write Table with Query Table Data Source</title><link>https://docs2.aspose.com/cells/pythonjava/developerguide/tables/read+and+write+table+with+query+table+data+source/</link><description>Recent content in Read and Write Table with Query Table Data Source on Documentation</description><generator>Hugo -- gohugo.io</generator><atom:link href="https://docs2.aspose.com/cells/pythonjava/developerguide/tables/read+and+write+table+with+query+table+data+source/index.xml" rel="self" type="application/rss+xml"/></channel></rss>