<rss version="2.0" xmlns:atom="http://www.w3.org/2005/Atom"><channel><title>Documentation – Release Notes - 2010</title><link>https://docs2.aspose.com/cells/reportingservices/releasenotes/2010/</link><description>Recent content in Release Notes - 2010 on Documentation</description><generator>Hugo -- gohugo.io</generator><atom:link href="https://docs2.aspose.com/cells/reportingservices/releasenotes/2010/index.xml" rel="self" type="application/rss+xml"/><item><title>Reportingservices: Aspose.Cells for Reporting Services 1.5.3 Release Notes</title><link>https://docs2.aspose.com/cells/reportingservices/releasenotes/2010/aspose.cells+for+reporting+services+1.5.3+release+notes/</link><pubDate>Mon, 01 Jan 0001 00:00:00 +0000</pubDate><guid>https://docs2.aspose.com/cells/reportingservices/releasenotes/2010/aspose.cells+for+reporting+services+1.5.3+release+notes/</guid><description>
&lt;p>Aspose.Cells for Reporting Services : Aspose.Cells for Reporting Services 1.5.3 Release Notes&lt;/p>
&lt;h1 id="asposecells-for-reporting-services--asposecells-for-reporting-services-153-release-notes">Aspose.Cells for Reporting Services : Aspose.Cells for Reporting Services 1.5.3 Release Notes&lt;/h1>
&lt;p>This page contains release notes for &lt;a href="http://www.aspose.com/downloads/cells/reportingservices/new-releases/aspose.cells-for-reporting-services-1.5.3/">Aspose.Cells for Reporting Services 1.5.3&lt;/a>&lt;/p>
&lt;p>We are happy to announce Aspose.Cells for Reporting Services v1.5.3!&lt;/p>
&lt;p>What’s changed?&lt;/p>
&lt;p>·         Supports ODS export format.&lt;/p>
&lt;p>·         Supports XLSB export format.&lt;/p>
&lt;p>·         11 fixes and enhancements.&lt;/p></description></item><item><title>Reportingservices: Aspose.Cells for Reporting Services 1.5.2 Release Notes</title><link>https://docs2.aspose.com/cells/reportingservices/releasenotes/2010/aspose.cells+for+reporting+services+1.5.2+release+notes/</link><pubDate>Mon, 01 Jan 0001 00:00:00 +0000</pubDate><guid>https://docs2.aspose.com/cells/reportingservices/releasenotes/2010/aspose.cells+for+reporting+services+1.5.2+release+notes/</guid><description>
&lt;p>Aspose.Cells for Reporting Services : Aspose.Cells for Reporting Services 1.5.2 Release Notes&lt;/p>
&lt;h1 id="asposecells-for-reporting-services--asposecells-for-reporting-services-152-release-notes">Aspose.Cells for Reporting Services : Aspose.Cells for Reporting Services 1.5.2 Release Notes&lt;/h1>
&lt;p>This page contains release notes for &lt;a href="http://www.aspose.com/downloads/cells/reportingservices/new-releases/aspose.cells-for-reporting-services-1.5.2/">Aspose.Cells for Reporting Services 1.5.2&lt;/a>&lt;/p>
&lt;p>We are happy to announce Aspose.Cells for Reporting Services 1.5.2!&lt;/p>
&lt;p>What’s changed?&lt;/p>
&lt;ul>
&lt;li>Optimizes rendering for large data report.&lt;/li>
&lt;li>Fixes an installation issue for Windows 7.&lt;/li>
&lt;li>Resolves paging for Tablix report item.&lt;/li>
&lt;li>Handles rendering more groups for Tablix.&lt;/li>
&lt;li>Reduces memory use rate.&lt;/li>
&lt;/ul>
&lt;p>Issues Resolved in Aspose.Cells for Reporting Services 1.5.2.&lt;/p>
&lt;div class="table table-striped" role="alert">
&lt;table>
&lt;thead>
&lt;tr>
&lt;th align="left">Issue ID&lt;/th>
&lt;th align="left">Component&lt;/th>
&lt;th align="left">Summary&lt;/th>
&lt;/tr>
&lt;/thead>
&lt;tbody>
&lt;tr>
&lt;td align="left">16478&lt;/td>
&lt;td align="left">Server Component&lt;/td>
&lt;td align="left">Problem in header row of matrix report after export in XLSX file&lt;/td>
&lt;/tr>
&lt;tr>
&lt;td align="left">16170&lt;/td>
&lt;td align="left">Server Component&lt;/td>
&lt;td align="left">Aspose.Cells for Reporting Services - Various Issues&lt;/td>
&lt;/tr>
&lt;tr>
&lt;td align="left">16248&lt;/td>
&lt;td align="left">Server Component&lt;/td>
&lt;td align="left">XLSX export not working properly&lt;/td>
&lt;/tr>
&lt;tr>
&lt;td align="left">16239&lt;/td>
&lt;td align="left">Server Component&lt;/td>
&lt;td align="left">Renaming drop down options in Report Viewer&lt;/td>
&lt;/tr>
&lt;tr>
&lt;td align="left">16202&lt;/td>
&lt;td align="left">Server Component&lt;/td>
&lt;td align="left">Not working correctly when exporting to excel 2007&lt;/td>
&lt;/tr>
&lt;tr>
&lt;td align="left">16169&lt;/td>
&lt;td align="left">Server Component&lt;/td>
&lt;td align="left">Support for SSRS Rendering extensions in SharePoint Integrated Mode?&lt;/td>
&lt;/tr>
&lt;tr>
&lt;td align="left">15972&lt;/td>
&lt;td align="left">Server Component&lt;/td>
&lt;td align="left">Matrix table headers are not coming after export into XLSX file&lt;/td>
&lt;/tr>
&lt;/tbody>
&lt;/table>
&lt;/div></description></item><item><title>Reportingservices: Aspose.Cells for Reporting Services 1.5.1 Release Notes</title><link>https://docs2.aspose.com/cells/reportingservices/releasenotes/2010/aspose.cells+for+reporting+services+1.5.1+release+notes/</link><pubDate>Mon, 01 Jan 0001 00:00:00 +0000</pubDate><guid>https://docs2.aspose.com/cells/reportingservices/releasenotes/2010/aspose.cells+for+reporting+services+1.5.1+release+notes/</guid><description>
&lt;p>Aspose.Cells for Reporting Services : Aspose.Cells for Reporting Services 1.5.1 Release Notes&lt;/p>
&lt;h1 id="asposecells-for-reporting-services--asposecells-for-reporting-services-151-release-notes">Aspose.Cells for Reporting Services : Aspose.Cells for Reporting Services 1.5.1 Release Notes&lt;/h1>
&lt;p>This page contains release notes for &lt;a href="http://www.aspose.com/downloads/cells/reportingservices/new-releases/aspose.cells-for-reporting-services-1.5.1/">Aspose.Cells for Reporting Services 1.5.1&lt;/a>&lt;/p>
&lt;p>We are happy to announce Aspose.Cells for Reporting Services version 1.5.1!&lt;/p>
&lt;p>What’s changed?&lt;/p>
&lt;ul>
&lt;li>Enhances rendering of editable Charts for SQL Server Reporting Services 2008.&lt;/li>
&lt;li>Sets the Performance configuration as the default configuration.&lt;/li>
&lt;/ul></description></item></channel></rss>