<rss version="2.0" xmlns:atom="http://www.w3.org/2005/Atom"><channel><title>Documentation – Release Notes - 2017</title><link>https://docs2.aspose.com/cells/sharepoint/releasenotes/2017/</link><description>Recent content in Release Notes - 2017 on Documentation</description><generator>Hugo -- gohugo.io</generator><atom:link href="https://docs2.aspose.com/cells/sharepoint/releasenotes/2017/index.xml" rel="self" type="application/rss+xml"/><item><title>Sharepoint: Aspose.Cells for SharePoint 17.9 Release Notes</title><link>https://docs2.aspose.com/cells/sharepoint/releasenotes/2017/aspose.cells+for+sharepoint+17.9+release+notes/</link><pubDate>Mon, 01 Jan 0001 00:00:00 +0000</pubDate><guid>https://docs2.aspose.com/cells/sharepoint/releasenotes/2017/aspose.cells+for+sharepoint+17.9+release+notes/</guid><description>
&lt;p>Aspose.Cells for SharePoint : Aspose.Cells for SharePoint 17.9 Release Notes&lt;/p>
&lt;h1 id="asposecells-for-sharepoint--asposecells-for-sharepoint-179-release-notes">Aspose.Cells for SharePoint : Aspose.Cells for SharePoint 17.9 Release Notes&lt;/h1>
&lt;p>This page contains release notes for &lt;a href="https://downloads.aspose.com/cells/sharepoint/new-releases/aspose.cells-for-sharepoint-17.9/">Aspose.Cells for SharePoint 17.9&lt;/a>.&lt;/p>
&lt;div class="table table-striped" role="alert">
&lt;table>
&lt;thead>
&lt;tr>
&lt;th align="left">Key&lt;/th>
&lt;th align="left">Summary&lt;/th>
&lt;th align="left">Category&lt;/th>
&lt;/tr>
&lt;/thead>
&lt;tbody>
&lt;tr>
&lt;td align="left">CELLSSP-68&lt;/td>
&lt;td align="left">Add watermark to multiple files&lt;/td>
&lt;td align="left">New Feature&lt;/td>
&lt;/tr>
&lt;/tbody>
&lt;/table>
&lt;/div></description></item><item><title>Sharepoint: Aspose.Cells for SharePoint 17.8 Release Notes</title><link>https://docs2.aspose.com/cells/sharepoint/releasenotes/2017/aspose.cells+for+sharepoint+17.8+release+notes/</link><pubDate>Mon, 01 Jan 0001 00:00:00 +0000</pubDate><guid>https://docs2.aspose.com/cells/sharepoint/releasenotes/2017/aspose.cells+for+sharepoint+17.8+release+notes/</guid><description>
&lt;p>Aspose.Cells for SharePoint : Aspose.Cells for SharePoint 17.8 Release Notes&lt;/p>
&lt;h1 id="asposecells-for-sharepoint--asposecells-for-sharepoint-178-release-notes">Aspose.Cells for SharePoint : Aspose.Cells for SharePoint 17.8 Release Notes&lt;/h1>
&lt;p>This page contains release notes for &lt;a href="https://downloads.aspose.com/cells/sharepoint/new-releases/-aspose.cells-for-sharepoint-17.8/">Aspose.Cells for SharePoint 17.8&lt;/a>.&lt;/p>
&lt;div class="table table-striped" role="alert">
&lt;table>
&lt;thead>
&lt;tr>
&lt;th align="left">Key&lt;/th>
&lt;th align="left">Summary&lt;/th>
&lt;th align="left">Category&lt;/th>
&lt;/tr>
&lt;/thead>
&lt;tbody>
&lt;tr>
&lt;td align="left">CELLSSP-61&lt;/td>
&lt;td align="left">Add footer to multiple files&lt;/td>
&lt;td align="left">New Feature&lt;/td>
&lt;/tr>
&lt;tr>
&lt;td align="left">CELLSSP-60&lt;/td>
&lt;td align="left">Aspose.Cells for SharePoint 2016 Ribbon menu disabled&lt;/td>
&lt;td align="left">Bug&lt;/td>
&lt;/tr>
&lt;tr>
&lt;td align="left">CELLSSP-62&lt;/td>
&lt;td align="left">Issue with Aspose.Cells for SharePoint 2016 multi-file preview&lt;/td>
&lt;td align="left">Bug&lt;/td>
&lt;/tr>
&lt;/tbody>
&lt;/table>
&lt;/div></description></item><item><title>Sharepoint: Aspose.Cells for SharePoint 17.7 Release Notes</title><link>https://docs2.aspose.com/cells/sharepoint/releasenotes/2017/aspose.cells+for+sharepoint+17.7+release+notes/</link><pubDate>Mon, 01 Jan 0001 00:00:00 +0000</pubDate><guid>https://docs2.aspose.com/cells/sharepoint/releasenotes/2017/aspose.cells+for+sharepoint+17.7+release+notes/</guid><description>
&lt;p>Aspose.Cells for SharePoint : Aspose.Cells for SharePoint 17.7 Release Notes&lt;/p>
&lt;h1 id="asposecells-for-sharepoint--asposecells-for-sharepoint-177-release-notes">Aspose.Cells for SharePoint : Aspose.Cells for SharePoint 17.7 Release Notes&lt;/h1>
&lt;p>This page contains release notes for &lt;a href="https://downloads.aspose.com/cells/sharepoint/new-releases/aspose.cells-for-sharepoint-17.7/">Aspose.Cells for SharePoint 17.7&lt;/a>.&lt;/p>
&lt;div class="table table-striped" role="alert">
&lt;table>
&lt;thead>
&lt;tr>
&lt;th align="left">Key&lt;/th>
&lt;th align="left">Summary&lt;/th>
&lt;th align="left">Category&lt;/th>
&lt;/tr>
&lt;/thead>
&lt;tbody>
&lt;tr>
&lt;td align="left">CELLSSP-39&lt;/td>
&lt;td align="left">Support SharePoint 2016&lt;/td>
&lt;td align="left">New Feature&lt;/td>
&lt;/tr>
&lt;tr>
&lt;td align="left">CELLSSP-53&lt;/td>
&lt;td align="left">Fixed an issue regarding return result for added Watermark&lt;/td>
&lt;td align="left">Enhancement&lt;/td>
&lt;/tr>
&lt;/tbody>
&lt;/table>
&lt;/div></description></item><item><title>Sharepoint: Aspose.Cells for SharePoint 17.6 Release Notes</title><link>https://docs2.aspose.com/cells/sharepoint/releasenotes/2017/aspose.cells+for+sharepoint+17.6+release+notes/</link><pubDate>Mon, 01 Jan 0001 00:00:00 +0000</pubDate><guid>https://docs2.aspose.com/cells/sharepoint/releasenotes/2017/aspose.cells+for+sharepoint+17.6+release+notes/</guid><description>
&lt;p>Aspose.Cells for SharePoint : Aspose.Cells for SharePoint 17.6 Release Notes&lt;/p>
&lt;h1 id="asposecells-for-sharepoint--asposecells-for-sharepoint-176-release-notes">Aspose.Cells for SharePoint : Aspose.Cells for SharePoint 17.6 Release Notes&lt;/h1>
&lt;p>This page contains release notes for Aspose.Cells for SharePoint 17.6.&lt;/p>
&lt;div class="table table-striped" role="alert">
&lt;table>
&lt;thead>
&lt;tr>
&lt;th align="left">Key&lt;/th>
&lt;th align="left">Summary&lt;/th>
&lt;th align="left">Category&lt;/th>
&lt;/tr>
&lt;/thead>
&lt;tbody>
&lt;tr>
&lt;td align="left">CELLSSP-25&lt;/td>
&lt;td align="left">Support rendering to XLSM file format&lt;/td>
&lt;td align="left">New Feature&lt;/td>
&lt;/tr>
&lt;tr>
&lt;td align="left">CELLSSP-45&lt;/td>
&lt;td align="left">Add Watermark in Excel document&lt;/td>
&lt;td align="left">New Feature&lt;/td>
&lt;/tr>
&lt;tr>
&lt;td align="left">CELLSSP-46&lt;/td>
&lt;td align="left">Add footer in Excel document&lt;/td>
&lt;td align="left">New Feature&lt;/td>
&lt;/tr>
&lt;tr>
&lt;td align="left">CELLSSP-38&lt;/td>
&lt;td align="left">Enhancements are made for conversion feature&lt;/td>
&lt;td align="left">Enhancement&lt;/td>
&lt;/tr>
&lt;/tbody>
&lt;/table>
&lt;/div></description></item></channel></rss>