<rss version="2.0" xmlns:atom="http://www.w3.org/2005/Atom"><channel><title>Documentation – Support Shared datasets</title><link>https://docs2.aspose.com/cells/reportingservices/newfeatures/reportdesigner/support+shared+datasets/</link><description>Recent content in Support Shared datasets on Documentation</description><generator>Hugo -- gohugo.io</generator><atom:link href="https://docs2.aspose.com/cells/reportingservices/newfeatures/reportdesigner/support+shared+datasets/index.xml" rel="self" type="application/rss+xml"/></channel></rss>