<rss version="2.0" xmlns:atom="http://www.w3.org/2005/Atom"><channel><title>Documentation – Working with Dyn-Hide Form</title><link>https://docs2.aspose.com/cells/reportingservices/userguide/working+with+dyn-hide+form/</link><description>Recent content in Working with Dyn-Hide Form on Documentation</description><generator>Hugo -- gohugo.io</generator><atom:link href="https://docs2.aspose.com/cells/reportingservices/userguide/working+with+dyn-hide+form/index.xml" rel="self" type="application/rss+xml"/></channel></rss>