<rss version="2.0" xmlns:atom="http://www.w3.org/2005/Atom"><channel><title>Documentation – Release Notes - 2017</title><link>https://docs2.aspose.com/cells/cpp/releasenotes/2017/</link><description>Recent content in Release Notes - 2017 on Documentation</description><generator>Hugo -- gohugo.io</generator><atom:link href="https://docs2.aspose.com/cells/cpp/releasenotes/2017/index.xml" rel="self" type="application/rss+xml"/><item><title>Cpp: Aspose.Cells for CPP 17.4.0 Release Notes</title><link>https://docs2.aspose.com/cells/cpp/releasenotes/2017/aspose.cells+for+cpp+17.4.0+release+notes/</link><pubDate>Mon, 01 Jan 0001 00:00:00 +0000</pubDate><guid>https://docs2.aspose.com/cells/cpp/releasenotes/2017/aspose.cells+for+cpp+17.4.0+release+notes/</guid><description>
&lt;p>Aspose.Cells for C++ : Aspose.Cells for CPP 17.4.0 Release Notes&lt;/p>
&lt;h1 id="asposecells-for-c--asposecells-for-cpp-1740-release-notes">Aspose.Cells for C++ : Aspose.Cells for CPP 17.4.0 Release Notes&lt;/h1>
&lt;p>This page contains release notes for &lt;a href="https://downloads.aspose.com/cells/cpp/new-releases/aspose.cells-for-c---17.4.0/">Aspose.Cells for CPP 17.4.0&lt;/a>.&lt;/p>
&lt;div class="table table-striped" role="alert">
&lt;table>
&lt;thead>
&lt;tr>
&lt;th align="left">Key&lt;/th>
&lt;th align="left">Summary&lt;/th>
&lt;th align="left">Category&lt;/th>
&lt;/tr>
&lt;/thead>
&lt;tbody>
&lt;tr>
&lt;td align="left">CELLSCPP-62&lt;/td>
&lt;td align="left">Support 64-bit versions of Windows&lt;/td>
&lt;td align="left">New Feature&lt;/td>
&lt;/tr>
&lt;/tbody>
&lt;/table>
&lt;/div>
&lt;h3 id="public-api-and-backwards-incompatible-changes">Public API and Backwards Incompatible Changes&lt;/h3>
&lt;p>The following is a list of any changes made to the public API such as added, renamed, removed or deprecated members as well as any non-backward compatible change made to Aspose.Cells for C++. If you have concerns about any change listed, please raise it on the Aspose.Cells support forum.&lt;/p>
&lt;p>There are no public API changes in Aspose.Cells for C++ 17.4.0.&lt;/p></description></item><item><title>Cpp: Aspose.Cells for CPP 17.3.0 Release Notes</title><link>https://docs2.aspose.com/cells/cpp/releasenotes/2017/aspose.cells+for+cpp+17.3.0+release+notes/</link><pubDate>Mon, 01 Jan 0001 00:00:00 +0000</pubDate><guid>https://docs2.aspose.com/cells/cpp/releasenotes/2017/aspose.cells+for+cpp+17.3.0+release+notes/</guid><description>
&lt;p>Aspose.Cells for C++ : Aspose.Cells for CPP 17.3.0 Release Notes&lt;/p>
&lt;h1 id="asposecells-for-c--asposecells-for-cpp-1730-release-notes">Aspose.Cells for C++ : Aspose.Cells for CPP 17.3.0 Release Notes&lt;/h1>
&lt;p>This page contains release notes for &lt;a href="https://downloads.aspose.com/cells/cpp/new-releases/aspose.cells-for-c---17.3.0/">Aspose.Cells for CPP 17.3.0&lt;/a>.&lt;/p>
&lt;div class="table table-striped" role="alert">
&lt;table>
&lt;thead>
&lt;tr>
&lt;th align="left">Key&lt;/th>
&lt;th align="left">Summary&lt;/th>
&lt;th align="left">Category&lt;/th>
&lt;/tr>
&lt;/thead>
&lt;tbody>
&lt;tr>
&lt;td align="left">CELLSCPP-51&lt;/td>
&lt;td align="left">Improved performance of writing XLSX file&lt;/td>
&lt;td align="left">Improvement&lt;/td>
&lt;/tr>
&lt;/tbody>
&lt;/table>
&lt;/div>
&lt;h3 id="public-api-and-backwards-incompatible-changes">Public API and Backwards Incompatible Changes&lt;/h3>
&lt;p>The following is a list of any changes made to the public API such as added, renamed, removed or deprecated members as well as any non-backward compatible change made to Aspose.Cells for C++. If you have concerns about any change listed, please raise it on the Aspose.Cells support forum.&lt;/p>
&lt;p>There are no public API changes in Aspose.Cells for C++ 17.3.0.&lt;/p></description></item><item><title>Cpp: Aspose.Cells for CPP 17.02.0 Release Notes</title><link>https://docs2.aspose.com/cells/cpp/releasenotes/2017/aspose.cells+for+cpp+17.02.0+release+notes/</link><pubDate>Mon, 01 Jan 0001 00:00:00 +0000</pubDate><guid>https://docs2.aspose.com/cells/cpp/releasenotes/2017/aspose.cells+for+cpp+17.02.0+release+notes/</guid><description>
&lt;p>Aspose.Cells for C++ : Aspose.Cells for CPP 17.02.0 Release Notes&lt;/p>
&lt;h1 id="asposecells-for-c--asposecells-for-cpp-17020-release-notes">Aspose.Cells for C++ : Aspose.Cells for CPP 17.02.0 Release Notes&lt;/h1>
&lt;p>This page contains release notes for &lt;a href="https://downloads.aspose.com/cells/cpp/new-releases/aspose.cells-for-c---17.02.0/">Aspose.Cells for CPP 17.02.0&lt;/a>.&lt;/p>
&lt;div class="table table-striped" role="alert">
&lt;table>
&lt;thead>
&lt;tr>
&lt;th align="left">Key&lt;/th>
&lt;th align="left">Summary&lt;/th>
&lt;th align="left">Category&lt;/th>
&lt;/tr>
&lt;/thead>
&lt;tbody>
&lt;tr>
&lt;td align="left">CELLSCPP-41&lt;/td>
&lt;td align="left">Calculate formulas in Excel spreadsheets&lt;/td>
&lt;td align="left">New Feature &lt;/td>
&lt;/tr>
&lt;tr>
&lt;td align="left">CELLSCPP-42&lt;/td>
&lt;td align="left">Improved performance in reading XLSX files &lt;/td>
&lt;td align="left">Improvement&lt;/td>
&lt;/tr>
&lt;/tbody>
&lt;/table>
&lt;/div>
&lt;h3 id="public-api-and-backwards-incompatible-changes">Public API and Backwards Incompatible Changes&lt;/h3>
&lt;p>The following is a list of any changes made to the public API such as added, renamed, removed or deprecated members as well as any non-backward compatible change made to Aspose.Cells for C++. If you have concerns about any change listed, please raise it on the Aspose.Cells support forum.&lt;/p>
&lt;h4 id="adds-iworkbookcalculateformula-method">Adds IWorkbook::CalculateFormula() method&lt;/h4>
&lt;p>The recent version 17.02.0 of Aspose.Cells for CPP API has added the IWorkbook::CalculateFormula() method. It helps developers to calculate the result of formulas and store in the appropriate cell of a worksheet. Developers can also calculate the custom formulas.&lt;/p>
&lt;p>This code example demonstrates how to calculate the formulas in an Excel:&lt;/p>
&lt;div class="position-relative">
&lt;div class="position-absolute" style="right:0;">
&lt;button class="btn btn-light" data-clipboard-target="#clipboard_7bf05d1493">
Copy
&lt;/button>
&lt;/div>
&lt;div id="clipboard_7bf05d1493">
&lt;div class="highlight">&lt;pre style="background-color:#f8f8f8;-moz-tab-size:4;-o-tab-size:4;tab-size:4">&lt;code class="language-cs" data-lang="cs">
&lt;span style="color:#8f5902;font-style:italic">/*create a new workbook*/&lt;/span>
&lt;span style="color:#000">intrusive_ptr&lt;/span>&lt;span style="color:#000;font-weight:bold">&amp;lt;&lt;/span>&lt;span style="color:#000">IWorkbook&lt;/span>&lt;span style="color:#000;font-weight:bold">&amp;gt;&lt;/span> &lt;span style="color:#000">wb&lt;/span> &lt;span style="color:#000;font-weight:bold">=&lt;/span> &lt;span style="color:#000">Factory&lt;/span>&lt;span style="color:#000;font-weight:bold">::&lt;/span>&lt;span style="color:#000">CreateIWorkbook&lt;/span>&lt;span style="color:#000;font-weight:bold">();&lt;/span>
&lt;span style="color:#8f5902;font-style:italic">/*get the first worksheet*/&lt;/span>
&lt;span style="color:#000">intrusive_ptr&lt;/span>&lt;span style="color:#000;font-weight:bold">&amp;lt;&lt;/span>&lt;span style="color:#000">IWorksheetCollection&lt;/span>&lt;span style="color:#000;font-weight:bold">&amp;gt;&lt;/span> &lt;span style="color:#000">wsc&lt;/span> &lt;span style="color:#000;font-weight:bold">=&lt;/span> &lt;span style="color:#000">wb&lt;/span>&lt;span style="color:#000;font-weight:bold">-&amp;gt;&lt;/span>&lt;span style="color:#000">GetIWorksheets&lt;/span>&lt;span style="color:#000;font-weight:bold">();&lt;/span>
&lt;span style="color:#000">intrusive_ptr&lt;/span>&lt;span style="color:#000;font-weight:bold">&amp;lt;&lt;/span>&lt;span style="color:#000">IWorksheet&lt;/span>&lt;span style="color:#000;font-weight:bold">&amp;gt;&lt;/span> &lt;span style="color:#000">ws&lt;/span> &lt;span style="color:#000;font-weight:bold">=&lt;/span> &lt;span style="color:#000">wsc&lt;/span>&lt;span style="color:#000;font-weight:bold">-&amp;gt;&lt;/span>&lt;span style="color:#000">GetObjectByIndex&lt;/span>&lt;span style="color:#000;font-weight:bold">(&lt;/span>&lt;span style="color:#0000cf;font-weight:bold">0&lt;/span>&lt;span style="color:#000;font-weight:bold">);&lt;/span>
&lt;span style="color:#8f5902;font-style:italic">/*get cells*/&lt;/span>
&lt;span style="color:#000">intrusive_ptr&lt;/span>&lt;span style="color:#000;font-weight:bold">&amp;lt;&lt;/span>&lt;span style="color:#000">ICells&lt;/span>&lt;span style="color:#000;font-weight:bold">&amp;gt;&lt;/span> &lt;span style="color:#000">cells&lt;/span> &lt;span style="color:#000;font-weight:bold">=&lt;/span> &lt;span style="color:#000">ws&lt;/span>&lt;span style="color:#000;font-weight:bold">-&amp;gt;&lt;/span>&lt;span style="color:#000">GetICells&lt;/span>&lt;span style="color:#000;font-weight:bold">();&lt;/span>
&lt;span style="color:#8f5902;font-style:italic">/*set value to cell(0,0) and cell(1,0)*/&lt;/span>
&lt;span style="color:#000">cells&lt;/span>&lt;span style="color:#000;font-weight:bold">-&amp;gt;&lt;/span>&lt;span style="color:#000">GetObjectByIndex&lt;/span>&lt;span style="color:#000;font-weight:bold">(&lt;/span>&lt;span style="color:#0000cf;font-weight:bold">0&lt;/span>&lt;span style="color:#000;font-weight:bold">,&lt;/span> &lt;span style="color:#0000cf;font-weight:bold">0&lt;/span>&lt;span style="color:#000;font-weight:bold">)-&amp;gt;&lt;/span>&lt;span style="color:#000">PutValue&lt;/span>&lt;span style="color:#000;font-weight:bold">(&lt;/span>&lt;span style="color:#0000cf;font-weight:bold">3&lt;/span>&lt;span style="color:#000;font-weight:bold">);&lt;/span>
&lt;span style="color:#000">cells&lt;/span>&lt;span style="color:#000;font-weight:bold">-&amp;gt;&lt;/span>&lt;span style="color:#000">GetObjectByIndex&lt;/span>&lt;span style="color:#000;font-weight:bold">(&lt;/span>&lt;span style="color:#0000cf;font-weight:bold">1&lt;/span>&lt;span style="color:#000;font-weight:bold">,&lt;/span> &lt;span style="color:#0000cf;font-weight:bold">0&lt;/span>&lt;span style="color:#000;font-weight:bold">)-&amp;gt;&lt;/span>&lt;span style="color:#000">PutValue&lt;/span>&lt;span style="color:#000;font-weight:bold">(&lt;/span>&lt;span style="color:#0000cf;font-weight:bold">2&lt;/span>&lt;span style="color:#000;font-weight:bold">);&lt;/span>
&lt;span style="color:#8f5902;font-style:italic">/*set formula*/&lt;/span>
&lt;span style="color:#000">cells&lt;/span>&lt;span style="color:#000;font-weight:bold">-&amp;gt;&lt;/span>&lt;span style="color:#000">GetObjectByIndex&lt;/span>&lt;span style="color:#000;font-weight:bold">(&lt;/span>&lt;span style="color:#0000cf;font-weight:bold">0&lt;/span>&lt;span style="color:#000;font-weight:bold">,&lt;/span> &lt;span style="color:#0000cf;font-weight:bold">1&lt;/span>&lt;span style="color:#000;font-weight:bold">)-&amp;gt;&lt;/span>&lt;span style="color:#000">SetFormula&lt;/span>&lt;span style="color:#000;font-weight:bold">(&lt;/span>&lt;span style="color:#204a87;font-weight:bold">new&lt;/span> &lt;span style="color:#000">String&lt;/span>&lt;span style="color:#000;font-weight:bold">(&lt;/span>&lt;span style="color:#4e9a06">&amp;#34;=SUM(A1,A2)&amp;#34;&lt;/span>&lt;span style="color:#000;font-weight:bold">));&lt;/span>
&lt;span style="color:#8f5902;font-style:italic">/*formula calculation*/&lt;/span>
&lt;span style="color:#000">wb&lt;/span>&lt;span style="color:#000;font-weight:bold">-&amp;gt;&lt;/span>&lt;span style="color:#000">CalculateFormula&lt;/span>&lt;span style="color:#000;font-weight:bold">();&lt;/span>
&lt;span style="color:#8f5902;font-style:italic">/*check result*/&lt;/span>
&lt;span style="color:#000">EXPECT_TRUE&lt;/span>&lt;span style="color:#000;font-weight:bold">(&lt;/span>&lt;span style="color:#0000cf;font-weight:bold">5&lt;/span> &lt;span style="color:#000;font-weight:bold">==&lt;/span> &lt;span style="color:#000">cells&lt;/span>&lt;span style="color:#000;font-weight:bold">-&amp;gt;&lt;/span>&lt;span style="color:#000">GetObjectByIndex&lt;/span>&lt;span style="color:#000;font-weight:bold">(&lt;/span>&lt;span style="color:#204a87;font-weight:bold">new&lt;/span> &lt;span style="color:#000">String&lt;/span>&lt;span style="color:#000;font-weight:bold">(&lt;/span>&lt;span style="color:#4e9a06">&amp;#34;B1&amp;#34;&lt;/span>&lt;span style="color:#000;font-weight:bold">))-&amp;gt;&lt;/span>&lt;span style="color:#000">GetIntValue&lt;/span>&lt;span style="color:#000;font-weight:bold">());&lt;/span>
&lt;span style="color:#8f5902;font-style:italic">/*save this workbook to resultFile*/&lt;/span>
&lt;span style="color:#000">wb&lt;/span>&lt;span style="color:#000;font-weight:bold">-&amp;gt;&lt;/span>&lt;span style="color:#000">Save&lt;/span>&lt;span style="color:#000;font-weight:bold">(&lt;/span>&lt;span style="color:#000">resultPath&lt;/span>&lt;span style="color:#000;font-weight:bold">-&amp;gt;&lt;/span>&lt;span style="color:#000">StringAppend&lt;/span>&lt;span style="color:#000;font-weight:bold">(&lt;/span>&lt;span style="color:#204a87;font-weight:bold">new&lt;/span> &lt;span style="color:#000">String&lt;/span>&lt;span style="color:#000;font-weight:bold">(&lt;/span>&lt;span style="color:#4e9a06">&amp;#34;book5.xlsx&amp;#34;&lt;/span>&lt;span style="color:#000;font-weight:bold">)));&lt;/span>
&lt;/code>&lt;/pre>&lt;/div>
&lt;/div>
&lt;/div>
&lt;h4 id="adds-iworkbookcalculateformulabool-ignoreerror-method">Adds IWorkbook::CalculateFormula(bool ignoreError) method&lt;/h4>
&lt;p>Developers can calculate formulas in various ways. IWorkbook::CalculateFormula(bool ignoreError) method allows developers to calculate the result of formulas as well as hides the error in calculating formulas. An error can occur due to the unsupported function, external links, etc.&lt;/p>
&lt;p>This code example demonstrates how to calculate the formulas and ignore errors in an Excel:&lt;/p>
&lt;div class="position-relative">
&lt;div class="position-absolute" style="right:0;">
&lt;button class="btn btn-light" data-clipboard-target="#clipboard_3dbb9c26db">
Copy
&lt;/button>
&lt;/div>
&lt;div id="clipboard_3dbb9c26db">
&lt;div class="highlight">&lt;pre style="background-color:#f8f8f8;-moz-tab-size:4;-o-tab-size:4;tab-size:4">&lt;code class="language-cs" data-lang="cs">
&lt;span style="color:#8f5902;font-style:italic">/*create a new workbook*/&lt;/span>
&lt;span style="color:#000">intrusive_ptr&lt;/span>&lt;span style="color:#000;font-weight:bold">&amp;lt;&lt;/span>&lt;span style="color:#000">IWorkbook&lt;/span>&lt;span style="color:#000;font-weight:bold">&amp;gt;&lt;/span> &lt;span style="color:#000">wb&lt;/span> &lt;span style="color:#000;font-weight:bold">=&lt;/span> &lt;span style="color:#000">Factory&lt;/span>&lt;span style="color:#000;font-weight:bold">::&lt;/span>&lt;span style="color:#000">CreateIWorkbook&lt;/span>&lt;span style="color:#000;font-weight:bold">();&lt;/span>
&lt;span style="color:#8f5902;font-style:italic">/*get the first worksheet*/&lt;/span>
&lt;span style="color:#000">intrusive_ptr&lt;/span>&lt;span style="color:#000;font-weight:bold">&amp;lt;&lt;/span>&lt;span style="color:#000">IWorksheetCollection&lt;/span>&lt;span style="color:#000;font-weight:bold">&amp;gt;&lt;/span> &lt;span style="color:#000">wsc&lt;/span> &lt;span style="color:#000;font-weight:bold">=&lt;/span> &lt;span style="color:#000">wb&lt;/span>&lt;span style="color:#000;font-weight:bold">-&amp;gt;&lt;/span>&lt;span style="color:#000">GetIWorksheets&lt;/span>&lt;span style="color:#000;font-weight:bold">();&lt;/span>
&lt;span style="color:#000">intrusive_ptr&lt;/span>&lt;span style="color:#000;font-weight:bold">&amp;lt;&lt;/span>&lt;span style="color:#000">IWorksheet&lt;/span>&lt;span style="color:#000;font-weight:bold">&amp;gt;&lt;/span> &lt;span style="color:#000">ws&lt;/span> &lt;span style="color:#000;font-weight:bold">=&lt;/span> &lt;span style="color:#000">wsc&lt;/span>&lt;span style="color:#000;font-weight:bold">-&amp;gt;&lt;/span>&lt;span style="color:#000">GetObjectByIndex&lt;/span>&lt;span style="color:#000;font-weight:bold">(&lt;/span>&lt;span style="color:#0000cf;font-weight:bold">0&lt;/span>&lt;span style="color:#000;font-weight:bold">);&lt;/span>
&lt;span style="color:#8f5902;font-style:italic">/*get cells*/&lt;/span>
&lt;span style="color:#000">intrusive_ptr&lt;/span>&lt;span style="color:#000;font-weight:bold">&amp;lt;&lt;/span>&lt;span style="color:#000">ICells&lt;/span>&lt;span style="color:#000;font-weight:bold">&amp;gt;&lt;/span> &lt;span style="color:#000">cells&lt;/span> &lt;span style="color:#000;font-weight:bold">=&lt;/span> &lt;span style="color:#000">ws&lt;/span>&lt;span style="color:#000;font-weight:bold">-&amp;gt;&lt;/span>&lt;span style="color:#000">GetICells&lt;/span>&lt;span style="color:#000;font-weight:bold">();&lt;/span>
&lt;span style="color:#8f5902;font-style:italic">/*set value to cell(0,0) and cell(1,0)*/&lt;/span>
&lt;span style="color:#000">cells&lt;/span>&lt;span style="color:#000;font-weight:bold">-&amp;gt;&lt;/span>&lt;span style="color:#000">GetObjectByIndex&lt;/span>&lt;span style="color:#000;font-weight:bold">(&lt;/span>&lt;span style="color:#0000cf;font-weight:bold">0&lt;/span>&lt;span style="color:#000;font-weight:bold">,&lt;/span> &lt;span style="color:#0000cf;font-weight:bold">0&lt;/span>&lt;span style="color:#000;font-weight:bold">)-&amp;gt;&lt;/span>&lt;span style="color:#000">PutValue&lt;/span>&lt;span style="color:#000;font-weight:bold">(&lt;/span>&lt;span style="color:#0000cf;font-weight:bold">3&lt;/span>&lt;span style="color:#000;font-weight:bold">);&lt;/span>
&lt;span style="color:#000">cells&lt;/span>&lt;span style="color:#000;font-weight:bold">-&amp;gt;&lt;/span>&lt;span style="color:#000">GetObjectByIndex&lt;/span>&lt;span style="color:#000;font-weight:bold">(&lt;/span>&lt;span style="color:#0000cf;font-weight:bold">1&lt;/span>&lt;span style="color:#000;font-weight:bold">,&lt;/span> &lt;span style="color:#0000cf;font-weight:bold">0&lt;/span>&lt;span style="color:#000;font-weight:bold">)-&amp;gt;&lt;/span>&lt;span style="color:#000">PutValue&lt;/span>&lt;span style="color:#000;font-weight:bold">(&lt;/span>&lt;span style="color:#0000cf;font-weight:bold">2&lt;/span>&lt;span style="color:#000;font-weight:bold">);&lt;/span>
&lt;span style="color:#8f5902;font-style:italic">/*set formula*/&lt;/span>
&lt;span style="color:#000">cells&lt;/span>&lt;span style="color:#000;font-weight:bold">-&amp;gt;&lt;/span>&lt;span style="color:#000">GetObjectByIndex&lt;/span>&lt;span style="color:#000;font-weight:bold">(&lt;/span>&lt;span style="color:#0000cf;font-weight:bold">0&lt;/span>&lt;span style="color:#000;font-weight:bold">,&lt;/span> &lt;span style="color:#0000cf;font-weight:bold">1&lt;/span>&lt;span style="color:#000;font-weight:bold">)-&amp;gt;&lt;/span>&lt;span style="color:#000">SetFormula&lt;/span>&lt;span style="color:#000;font-weight:bold">(&lt;/span>&lt;span style="color:#204a87;font-weight:bold">new&lt;/span> &lt;span style="color:#000">String&lt;/span>&lt;span style="color:#000;font-weight:bold">(&lt;/span>&lt;span style="color:#4e9a06">&amp;#34;=SUM(A1,A2)&amp;#34;&lt;/span>&lt;span style="color:#000;font-weight:bold">));&lt;/span>
&lt;span style="color:#8f5902;font-style:italic">/*formula calculation*/&lt;/span>
&lt;span style="color:#000">wb&lt;/span>&lt;span style="color:#000;font-weight:bold">-&amp;gt;&lt;/span>&lt;span style="color:#000">CalculateFormula&lt;/span>&lt;span style="color:#000;font-weight:bold">(&lt;/span>&lt;span style="color:#204a87;font-weight:bold">true&lt;/span>&lt;span style="color:#000;font-weight:bold">);&lt;/span>
&lt;span style="color:#8f5902;font-style:italic">/*check result*/&lt;/span>
&lt;span style="color:#000">EXPECT_TRUE&lt;/span>&lt;span style="color:#000;font-weight:bold">(&lt;/span>&lt;span style="color:#0000cf;font-weight:bold">5&lt;/span> &lt;span style="color:#000;font-weight:bold">==&lt;/span> &lt;span style="color:#000">cells&lt;/span>&lt;span style="color:#000;font-weight:bold">-&amp;gt;&lt;/span>&lt;span style="color:#000">GetObjectByIndex&lt;/span>&lt;span style="color:#000;font-weight:bold">(&lt;/span>&lt;span style="color:#204a87;font-weight:bold">new&lt;/span> &lt;span style="color:#000">String&lt;/span>&lt;span style="color:#000;font-weight:bold">(&lt;/span>&lt;span style="color:#4e9a06">&amp;#34;B1&amp;#34;&lt;/span>&lt;span style="color:#000;font-weight:bold">))-&amp;gt;&lt;/span>&lt;span style="color:#000">GetIntValue&lt;/span>&lt;span style="color:#000;font-weight:bold">());&lt;/span>
&lt;span style="color:#8f5902;font-style:italic">/*save this workbook to resultFile*/&lt;/span>
&lt;span style="color:#000">wb&lt;/span>&lt;span style="color:#000;font-weight:bold">-&amp;gt;&lt;/span>&lt;span style="color:#000">Save&lt;/span>&lt;span style="color:#000;font-weight:bold">(&lt;/span>&lt;span style="color:#000">resultPath&lt;/span>&lt;span style="color:#000;font-weight:bold">-&amp;gt;&lt;/span>&lt;span style="color:#000">StringAppend&lt;/span>&lt;span style="color:#000;font-weight:bold">(&lt;/span>&lt;span style="color:#204a87;font-weight:bold">new&lt;/span> &lt;span style="color:#000">String&lt;/span>&lt;span style="color:#000;font-weight:bold">(&lt;/span>&lt;span style="color:#4e9a06">&amp;#34;book5.xlsx&amp;#34;&lt;/span>&lt;span style="color:#000;font-weight:bold">)));&lt;/span>
&lt;/code>&lt;/pre>&lt;/div>
&lt;/div>
&lt;/div>
&lt;h4 id="adds-iworkbookcalculateformulaintrusive_ptrasposecellsicalculationoptions-options-method">Adds IWorkbook::CalculateFormula(intrusive_ptr&lt;a href="Aspose::Cells::ICalculationOptions">Aspose::Cells::ICalculationOptions&lt;/a> options) method&lt;/h4>
&lt;p>It calculates formulas in the workbook.&lt;/p>
&lt;h4 id="adds-iworkbookcalculateformulabool-ignoreerrorintrusive_ptrasposecellsicustomfunction-customfunction-method">Adds IWorkbook::CalculateFormula(bool ignoreError,intrusive_ptr&lt;a href="Aspose::Cells::ICustomFunction">Aspose::Cells::ICustomFunction&lt;/a> customFunction) method&lt;/h4>
&lt;p>Aspose.Cells for CPP API offers ICustomFunction interface. Developers can call the IWorkbook.CalculateFormula(false, ICustomFunction) method to invoke the implementation of ICustomFunction.CalculateCustomFunction() method. ICustomFunction.CalculateCustomFunction() method allows to manipulate the return values of custom functions. In the code example below, implementation of ICustomFunction interface evaluates and returns the values of two custom functions, i.e. MySampleFunc() and YourSampleFunc(). These custom functions are inside the cells A1 and A2 respectively. It prints the values of A1 and A2 on a console, which are actually the values returned by ICustomFunction.CalculateCustomFunction().&lt;/p>
&lt;p>This code example demonstrates how to calculate the formulas, ignore errors and manipulate the return values of custom functions in an Excel:&lt;/p>
&lt;div class="position-relative">
&lt;div class="position-absolute" style="right:0;">
&lt;button class="btn btn-light" data-clipboard-target="#clipboard_1d131fb3a7">
Copy
&lt;/button>
&lt;/div>
&lt;div id="clipboard_1d131fb3a7">
&lt;div class="highlight">&lt;pre style="background-color:#f8f8f8;-moz-tab-size:4;-o-tab-size:4;tab-size:4">&lt;code class="language-cs" data-lang="cs">
&lt;span style="color:#8f5902;font-style:italic">//Implement ICustomFunction interface
&lt;/span>&lt;span style="color:#8f5902;font-style:italic">&lt;/span>&lt;span style="color:#204a87;font-weight:bold">class&lt;/span> &lt;span style="color:#000">CustomFunction&lt;/span> &lt;span style="color:#000;font-weight:bold">:&lt;/span> &lt;span style="color:#204a87;font-weight:bold">public&lt;/span> &lt;span style="color:#000">ICustomFunction&lt;/span>
&lt;span style="color:#000;font-weight:bold">{&lt;/span>
&lt;span style="color:#204a87;font-weight:bold">public&lt;/span>&lt;span style="color:#000;font-weight:bold">:&lt;/span>
&lt;span style="color:#8f5902;font-style:italic">//Evalaute and return the values of your custom functions
&lt;/span>&lt;span style="color:#8f5902;font-style:italic">&lt;/span> &lt;span style="color:#000">intrusive_ptr&lt;/span>&lt;span style="color:#000;font-weight:bold">&amp;lt;&lt;/span>&lt;span style="color:#000">Aspose&lt;/span>&lt;span style="color:#000;font-weight:bold">::&lt;/span>&lt;span style="color:#000">Cells&lt;/span>&lt;span style="color:#000;font-weight:bold">::&lt;/span>&lt;span style="color:#000">System&lt;/span>&lt;span style="color:#000;font-weight:bold">::&lt;/span>&lt;span style="color:#000">Object&lt;/span>&lt;span style="color:#000;font-weight:bold">&amp;gt;&lt;/span>
&lt;span style="color:#000">CalculateCustomFunction&lt;/span>&lt;span style="color:#000;font-weight:bold">(&lt;/span>
&lt;span style="color:#000">intrusive_ptr&lt;/span>&lt;span style="color:#000;font-weight:bold">&amp;lt;&lt;/span>&lt;span style="color:#000">Aspose&lt;/span>&lt;span style="color:#000;font-weight:bold">::&lt;/span>&lt;span style="color:#000">Cells&lt;/span>&lt;span style="color:#000;font-weight:bold">::&lt;/span>&lt;span style="color:#000">System&lt;/span>&lt;span style="color:#000;font-weight:bold">::&lt;/span>&lt;span style="color:#000">String&lt;/span>&lt;span style="color:#000;font-weight:bold">&amp;gt;&lt;/span> &lt;span style="color:#000">functionName&lt;/span>&lt;span style="color:#000;font-weight:bold">,&lt;/span>
&lt;span style="color:#000">intrusive_ptr&lt;/span>&lt;span style="color:#000;font-weight:bold">&amp;lt;&lt;/span>&lt;span style="color:#000">Aspose&lt;/span>&lt;span style="color:#000;font-weight:bold">::&lt;/span>&lt;span style="color:#000">Cells&lt;/span>&lt;span style="color:#000;font-weight:bold">::&lt;/span>&lt;span style="color:#000">System&lt;/span>&lt;span style="color:#000;font-weight:bold">::&lt;/span>&lt;span style="color:#000">Collections&lt;/span>&lt;span style="color:#000;font-weight:bold">::&lt;/span>&lt;span style="color:#000">ArrayList&lt;/span>&lt;span style="color:#000;font-weight:bold">&amp;gt;&lt;/span> &lt;span style="color:#000">paramsList&lt;/span>&lt;span style="color:#000;font-weight:bold">,&lt;/span>
&lt;span style="color:#000">intrusive_ptr&lt;/span>&lt;span style="color:#000;font-weight:bold">&amp;lt;&lt;/span>&lt;span style="color:#000">Aspose&lt;/span>&lt;span style="color:#000;font-weight:bold">::&lt;/span>&lt;span style="color:#000">Cells&lt;/span>&lt;span style="color:#000;font-weight:bold">::&lt;/span>&lt;span style="color:#000">System&lt;/span>&lt;span style="color:#000;font-weight:bold">::&lt;/span>&lt;span style="color:#000">Collections&lt;/span>&lt;span style="color:#000;font-weight:bold">::&lt;/span>&lt;span style="color:#000">ArrayList&lt;/span>&lt;span style="color:#000;font-weight:bold">&amp;gt;&lt;/span> &lt;span style="color:#000">contextObjects&lt;/span>&lt;span style="color:#000;font-weight:bold">)&lt;/span>
&lt;span style="color:#000;font-weight:bold">{&lt;/span>
&lt;span style="color:#204a87;font-weight:bold">if&lt;/span> &lt;span style="color:#000;font-weight:bold">(&lt;/span>&lt;span style="color:#000">functionName&lt;/span>&lt;span style="color:#000;font-weight:bold">-&amp;gt;&lt;/span>&lt;span style="color:#000">Equals&lt;/span>&lt;span style="color:#000;font-weight:bold">(&lt;/span>&lt;span style="color:#204a87;font-weight:bold">new&lt;/span> &lt;span style="color:#000">String&lt;/span>&lt;span style="color:#000;font-weight:bold">(&lt;/span>&lt;span style="color:#4e9a06">&amp;#34;MySampleFunc&amp;#34;&lt;/span>&lt;span style="color:#000;font-weight:bold">)))&lt;/span>
&lt;span style="color:#000;font-weight:bold">{&lt;/span>
&lt;span style="color:#204a87;font-weight:bold">return&lt;/span> &lt;span style="color:#204a87;font-weight:bold">new&lt;/span> &lt;span style="color:#000">String&lt;/span>&lt;span style="color:#000;font-weight:bold">(&lt;/span>&lt;span style="color:#4e9a06">&amp;#34;MY sample function was called successfully.&amp;#34;&lt;/span>&lt;span style="color:#000;font-weight:bold">);&lt;/span>
&lt;span style="color:#000;font-weight:bold">}&lt;/span>
&lt;span style="color:#204a87;font-weight:bold">if&lt;/span> &lt;span style="color:#000;font-weight:bold">(&lt;/span>&lt;span style="color:#000">functionName&lt;/span>&lt;span style="color:#000;font-weight:bold">-&amp;gt;&lt;/span>&lt;span style="color:#000">Equals&lt;/span>&lt;span style="color:#000;font-weight:bold">(&lt;/span>&lt;span style="color:#204a87;font-weight:bold">new&lt;/span> &lt;span style="color:#000">String&lt;/span>&lt;span style="color:#000;font-weight:bold">(&lt;/span>&lt;span style="color:#4e9a06">&amp;#34;YourSampleFunc&amp;#34;&lt;/span>&lt;span style="color:#000;font-weight:bold">)))&lt;/span>
&lt;span style="color:#000;font-weight:bold">{&lt;/span>
&lt;span style="color:#204a87;font-weight:bold">return&lt;/span> &lt;span style="color:#204a87;font-weight:bold">new&lt;/span> &lt;span style="color:#000">String&lt;/span>&lt;span style="color:#000;font-weight:bold">(&lt;/span>&lt;span style="color:#4e9a06">&amp;#34;YOUR sample function was called successfully.&amp;#34;&lt;/span>&lt;span style="color:#000;font-weight:bold">);&lt;/span>
&lt;span style="color:#000;font-weight:bold">}&lt;/span>
&lt;span style="color:#204a87;font-weight:bold">return&lt;/span> &lt;span style="color:#000">NULL&lt;/span>&lt;span style="color:#000;font-weight:bold">;&lt;/span>
&lt;span style="color:#000;font-weight:bold">}&lt;/span>
&lt;span style="color:#000;font-weight:bold">};&lt;/span>
&lt;span style="color:#8f5902;font-style:italic">//Call this function to run the code
&lt;/span>&lt;span style="color:#8f5902;font-style:italic">&lt;/span>&lt;span style="color:#204a87;font-weight:bold">void&lt;/span> &lt;span style="color:#000">Run&lt;/span>&lt;span style="color:#000;font-weight:bold">()&lt;/span>
&lt;span style="color:#000;font-weight:bold">{&lt;/span>
&lt;span style="color:#8f5902;font-style:italic">//Create workbook
&lt;/span>&lt;span style="color:#8f5902;font-style:italic">&lt;/span> &lt;span style="color:#000">intrusive_ptr&lt;/span>&lt;span style="color:#000;font-weight:bold">&amp;lt;&lt;/span>&lt;span style="color:#000">IWorkbook&lt;/span>&lt;span style="color:#000;font-weight:bold">&amp;gt;&lt;/span> &lt;span style="color:#000">wb&lt;/span> &lt;span style="color:#000;font-weight:bold">=&lt;/span> &lt;span style="color:#000">Factory&lt;/span>&lt;span style="color:#000;font-weight:bold">::&lt;/span>&lt;span style="color:#000">CreateIWorkbook&lt;/span>&lt;span style="color:#000;font-weight:bold">();&lt;/span>
&lt;span style="color:#8f5902;font-style:italic">//Access first worksheet in the workbook
&lt;/span>&lt;span style="color:#8f5902;font-style:italic">&lt;/span> &lt;span style="color:#000">intrusive_ptr&lt;/span>&lt;span style="color:#000;font-weight:bold">&amp;lt;&lt;/span>&lt;span style="color:#000">IWorksheet&lt;/span>&lt;span style="color:#000;font-weight:bold">&amp;gt;&lt;/span> &lt;span style="color:#000">ws&lt;/span> &lt;span style="color:#000;font-weight:bold">=&lt;/span> &lt;span style="color:#000">wb&lt;/span>&lt;span style="color:#000;font-weight:bold">-&amp;gt;&lt;/span>&lt;span style="color:#000">GetIWorksheets&lt;/span>&lt;span style="color:#000;font-weight:bold">()-&amp;gt;&lt;/span>&lt;span style="color:#000">GetObjectByIndex&lt;/span>&lt;span style="color:#000;font-weight:bold">(&lt;/span>&lt;span style="color:#0000cf;font-weight:bold">0&lt;/span>&lt;span style="color:#000;font-weight:bold">);&lt;/span>
&lt;span style="color:#8f5902;font-style:italic">//Adding custom formulas to Cell A1 and A2
&lt;/span>&lt;span style="color:#8f5902;font-style:italic">&lt;/span> &lt;span style="color:#000">ws&lt;/span>&lt;span style="color:#000;font-weight:bold">-&amp;gt;&lt;/span>&lt;span style="color:#000">GetICells&lt;/span>&lt;span style="color:#000;font-weight:bold">()-&amp;gt;&lt;/span>&lt;span style="color:#000">GetObjectByIndex&lt;/span>&lt;span style="color:#000;font-weight:bold">(&lt;/span>&lt;span style="color:#204a87;font-weight:bold">new&lt;/span> &lt;span style="color:#000">String&lt;/span>&lt;span style="color:#000;font-weight:bold">(&lt;/span>&lt;span style="color:#4e9a06">&amp;#34;A1&amp;#34;&lt;/span>&lt;span style="color:#000;font-weight:bold">))-&amp;gt;&lt;/span>&lt;span style="color:#000">SetFormula&lt;/span>&lt;span style="color:#000;font-weight:bold">(&lt;/span>&lt;span style="color:#204a87;font-weight:bold">new&lt;/span> &lt;span style="color:#000">String&lt;/span>&lt;span style="color:#000;font-weight:bold">(&lt;/span>&lt;span style="color:#4e9a06">&amp;#34;=MySampleFunc()&amp;#34;&lt;/span>&lt;span style="color:#000;font-weight:bold">));&lt;/span>
&lt;span style="color:#000">ws&lt;/span>&lt;span style="color:#000;font-weight:bold">-&amp;gt;&lt;/span>&lt;span style="color:#000">GetICells&lt;/span>&lt;span style="color:#000;font-weight:bold">()-&amp;gt;&lt;/span>&lt;span style="color:#000">GetObjectByIndex&lt;/span>&lt;span style="color:#000;font-weight:bold">(&lt;/span>&lt;span style="color:#204a87;font-weight:bold">new&lt;/span> &lt;span style="color:#000">String&lt;/span>&lt;span style="color:#000;font-weight:bold">(&lt;/span>&lt;span style="color:#4e9a06">&amp;#34;A2&amp;#34;&lt;/span>&lt;span style="color:#000;font-weight:bold">))-&amp;gt;&lt;/span>&lt;span style="color:#000">SetFormula&lt;/span>&lt;span style="color:#000;font-weight:bold">(&lt;/span>&lt;span style="color:#204a87;font-weight:bold">new&lt;/span> &lt;span style="color:#000">String&lt;/span>&lt;span style="color:#000;font-weight:bold">(&lt;/span>&lt;span style="color:#4e9a06">&amp;#34;=YourSampleFunc()&amp;#34;&lt;/span>&lt;span style="color:#000;font-weight:bold">));&lt;/span>
&lt;span style="color:#8f5902;font-style:italic">// Calcualting Formulas
&lt;/span>&lt;span style="color:#8f5902;font-style:italic">&lt;/span> &lt;span style="color:#000">intrusive_ptr&lt;/span>&lt;span style="color:#000;font-weight:bold">&amp;lt;&lt;/span>&lt;span style="color:#000">CustomFunction&lt;/span>&lt;span style="color:#000;font-weight:bold">&amp;gt;&lt;/span> &lt;span style="color:#000">custFunc&lt;/span> &lt;span style="color:#000;font-weight:bold">=&lt;/span> &lt;span style="color:#204a87;font-weight:bold">new&lt;/span> &lt;span style="color:#000">CustomFunction&lt;/span>&lt;span style="color:#000;font-weight:bold">();&lt;/span>
&lt;span style="color:#000">wb&lt;/span>&lt;span style="color:#000;font-weight:bold">-&amp;gt;&lt;/span>&lt;span style="color:#000">CalculateFormula&lt;/span>&lt;span style="color:#000;font-weight:bold">(&lt;/span>&lt;span style="color:#204a87;font-weight:bold">true&lt;/span>&lt;span style="color:#000;font-weight:bold">,&lt;/span> &lt;span style="color:#000">custFunc&lt;/span>&lt;span style="color:#000;font-weight:bold">);&lt;/span>
&lt;span style="color:#8f5902;font-style:italic">//Print the value of cell A1 and A2 after the calculation of custom function implemented by us.
&lt;/span>&lt;span style="color:#8f5902;font-style:italic">&lt;/span> &lt;span style="color:#000">intrusive_ptr&lt;/span>&lt;span style="color:#000;font-weight:bold">&amp;lt;&lt;/span>&lt;span style="color:#000">String&lt;/span>&lt;span style="color:#000;font-weight:bold">&amp;gt;&lt;/span> &lt;span style="color:#000">valA1&lt;/span> &lt;span style="color:#000;font-weight:bold">=&lt;/span> &lt;span style="color:#000">ws&lt;/span>&lt;span style="color:#000;font-weight:bold">-&amp;gt;&lt;/span>&lt;span style="color:#000">GetICells&lt;/span>&lt;span style="color:#000;font-weight:bold">()-&amp;gt;&lt;/span>&lt;span style="color:#000">GetObjectByIndex&lt;/span>&lt;span style="color:#000;font-weight:bold">(&lt;/span>&lt;span style="color:#204a87;font-weight:bold">new&lt;/span> &lt;span style="color:#000">String&lt;/span>&lt;span style="color:#000;font-weight:bold">(&lt;/span>&lt;span style="color:#4e9a06">&amp;#34;A1&amp;#34;&lt;/span>&lt;span style="color:#000;font-weight:bold">))-&amp;gt;&lt;/span>&lt;span style="color:#000">GetStringValue&lt;/span>&lt;span style="color:#000;font-weight:bold">();&lt;/span>
&lt;span style="color:#000">intrusive_ptr&lt;/span>&lt;span style="color:#000;font-weight:bold">&amp;lt;&lt;/span>&lt;span style="color:#000">String&lt;/span>&lt;span style="color:#000;font-weight:bold">&amp;gt;&lt;/span> &lt;span style="color:#000">valA2&lt;/span> &lt;span style="color:#000;font-weight:bold">=&lt;/span> &lt;span style="color:#000">ws&lt;/span>&lt;span style="color:#000;font-weight:bold">-&amp;gt;&lt;/span>&lt;span style="color:#000">GetICells&lt;/span>&lt;span style="color:#000;font-weight:bold">()-&amp;gt;&lt;/span>&lt;span style="color:#000">GetObjectByIndex&lt;/span>&lt;span style="color:#000;font-weight:bold">(&lt;/span>&lt;span style="color:#204a87;font-weight:bold">new&lt;/span> &lt;span style="color:#000">String&lt;/span>&lt;span style="color:#000;font-weight:bold">(&lt;/span>&lt;span style="color:#4e9a06">&amp;#34;A2&amp;#34;&lt;/span>&lt;span style="color:#000;font-weight:bold">))-&amp;gt;&lt;/span>&lt;span style="color:#000">GetStringValue&lt;/span>&lt;span style="color:#000;font-weight:bold">();&lt;/span>
&lt;span style="color:#8f5902;font-style:italic">//Print the values on console
&lt;/span>&lt;span style="color:#8f5902;font-style:italic">&lt;/span> &lt;span style="color:#000">printf&lt;/span>&lt;span style="color:#000;font-weight:bold">(&lt;/span>&lt;span style="color:#4e9a06">&amp;#34;Value of A1: %s\r\n&amp;#34;&lt;/span>&lt;span style="color:#000;font-weight:bold">,&lt;/span> &lt;span style="color:#000">valA1&lt;/span>&lt;span style="color:#000;font-weight:bold">-&amp;gt;&lt;/span>&lt;span style="color:#000">charValue&lt;/span>&lt;span style="color:#000;font-weight:bold">());&lt;/span>
&lt;span style="color:#000">printf&lt;/span>&lt;span style="color:#000;font-weight:bold">(&lt;/span>&lt;span style="color:#4e9a06">&amp;#34;Value of A2: %s\r\n&amp;#34;&lt;/span>&lt;span style="color:#000;font-weight:bold">,&lt;/span> &lt;span style="color:#000">valA2&lt;/span>&lt;span style="color:#000;font-weight:bold">-&amp;gt;&lt;/span>&lt;span style="color:#000">charValue&lt;/span>&lt;span style="color:#000;font-weight:bold">());&lt;/span>
&lt;span style="color:#000;font-weight:bold">}&lt;/span>
&lt;/code>&lt;/pre>&lt;/div>
&lt;/div>
&lt;/div>
&lt;h4 id="adds-iworksheetcalculateformulaintrusive_ptrasposecellssystemstring-formula-method">Adds IWorksheet::CalculateFormula(intrusive_ptr&lt;a href="Aspose::Cells::System::String">Aspose::Cells::System::String&lt;/a> formula) method&lt;/h4>
&lt;p>IWorksheet::CalculateFormula(intrusive_ptr&lt;a href="Aspose::Cells::System::String">Aspose::Cells::System::String&lt;/a> formula) method allows developers to calculate the formula results directly without adding them into a worksheet. The values of cells used in the formula already exist in a worksheet and developers only need to find the result of those values based on some Microsoft Excel formula without adding the formula in a worksheet.&lt;/p>
&lt;p>This code example demonstrates how to calculate the formulas directly without adding them into a worksheet in an Excel:&lt;/p>
&lt;div class="position-relative">
&lt;div class="position-absolute" style="right:0;">
&lt;button class="btn btn-light" data-clipboard-target="#clipboard_df03b0a568">
Copy
&lt;/button>
&lt;/div>
&lt;div id="clipboard_df03b0a568">
&lt;div class="highlight">&lt;pre style="background-color:#f8f8f8;-moz-tab-size:4;-o-tab-size:4;tab-size:4">&lt;code class="language-cs" data-lang="cs">
&lt;span style="color:#8f5902;font-style:italic">//Create workbook
&lt;/span>&lt;span style="color:#8f5902;font-style:italic">&lt;/span>&lt;span style="color:#000">intrusive_ptr&lt;/span>&lt;span style="color:#000;font-weight:bold">&amp;lt;&lt;/span>&lt;span style="color:#000">IWorkbook&lt;/span>&lt;span style="color:#000;font-weight:bold">&amp;gt;&lt;/span> &lt;span style="color:#000">wb&lt;/span> &lt;span style="color:#000;font-weight:bold">=&lt;/span> &lt;span style="color:#000">Factory&lt;/span>&lt;span style="color:#000;font-weight:bold">::&lt;/span>&lt;span style="color:#000">CreateIWorkbook&lt;/span>&lt;span style="color:#000;font-weight:bold">();&lt;/span>
&lt;span style="color:#8f5902;font-style:italic">//Access first worksheet in the workbook
&lt;/span>&lt;span style="color:#8f5902;font-style:italic">&lt;/span>&lt;span style="color:#000">intrusive_ptr&lt;/span>&lt;span style="color:#000;font-weight:bold">&amp;lt;&lt;/span>&lt;span style="color:#000">IWorksheet&lt;/span>&lt;span style="color:#000;font-weight:bold">&amp;gt;&lt;/span> &lt;span style="color:#000">ws&lt;/span> &lt;span style="color:#000;font-weight:bold">=&lt;/span> &lt;span style="color:#000">wb&lt;/span>&lt;span style="color:#000;font-weight:bold">-&amp;gt;&lt;/span>&lt;span style="color:#000">GetIWorksheets&lt;/span>&lt;span style="color:#000;font-weight:bold">()-&amp;gt;&lt;/span>&lt;span style="color:#000">GetObjectByIndex&lt;/span>&lt;span style="color:#000;font-weight:bold">(&lt;/span>&lt;span style="color:#0000cf;font-weight:bold">0&lt;/span>&lt;span style="color:#000;font-weight:bold">);&lt;/span>
&lt;span style="color:#8f5902;font-style:italic">//Put 20 in cell A1
&lt;/span>&lt;span style="color:#8f5902;font-style:italic">&lt;/span>&lt;span style="color:#000">intrusive_ptr&lt;/span>&lt;span style="color:#000;font-weight:bold">&amp;lt;&lt;/span>&lt;span style="color:#000">ICell&lt;/span>&lt;span style="color:#000;font-weight:bold">&amp;gt;&lt;/span> &lt;span style="color:#000">cellA1&lt;/span> &lt;span style="color:#000;font-weight:bold">=&lt;/span> &lt;span style="color:#000">ws&lt;/span>&lt;span style="color:#000;font-weight:bold">-&amp;gt;&lt;/span>&lt;span style="color:#000">GetICells&lt;/span>&lt;span style="color:#000;font-weight:bold">()-&amp;gt;&lt;/span>&lt;span style="color:#000">GetObjectByIndex&lt;/span>&lt;span style="color:#000;font-weight:bold">(&lt;/span>&lt;span style="color:#204a87;font-weight:bold">new&lt;/span> &lt;span style="color:#000">String&lt;/span>&lt;span style="color:#000;font-weight:bold">(&lt;/span>&lt;span style="color:#4e9a06">&amp;#34;A1&amp;#34;&lt;/span>&lt;span style="color:#000;font-weight:bold">));&lt;/span>
&lt;span style="color:#000">cellA1&lt;/span>&lt;span style="color:#000;font-weight:bold">-&amp;gt;&lt;/span>&lt;span style="color:#000">PutValue&lt;/span>&lt;span style="color:#000;font-weight:bold">(&lt;/span>&lt;span style="color:#0000cf;font-weight:bold">20&lt;/span>&lt;span style="color:#000;font-weight:bold">);&lt;/span>
&lt;span style="color:#8f5902;font-style:italic">//Put 30 in cell A2
&lt;/span>&lt;span style="color:#8f5902;font-style:italic">&lt;/span>&lt;span style="color:#000">intrusive_ptr&lt;/span>&lt;span style="color:#000;font-weight:bold">&amp;lt;&lt;/span>&lt;span style="color:#000">ICell&lt;/span>&lt;span style="color:#000;font-weight:bold">&amp;gt;&lt;/span> &lt;span style="color:#000">cellA2&lt;/span> &lt;span style="color:#000;font-weight:bold">=&lt;/span> &lt;span style="color:#000">ws&lt;/span>&lt;span style="color:#000;font-weight:bold">-&amp;gt;&lt;/span>&lt;span style="color:#000">GetICells&lt;/span>&lt;span style="color:#000;font-weight:bold">()-&amp;gt;&lt;/span>&lt;span style="color:#000">GetObjectByIndex&lt;/span>&lt;span style="color:#000;font-weight:bold">(&lt;/span>&lt;span style="color:#204a87;font-weight:bold">new&lt;/span> &lt;span style="color:#000">String&lt;/span>&lt;span style="color:#000;font-weight:bold">(&lt;/span>&lt;span style="color:#4e9a06">&amp;#34;A2&amp;#34;&lt;/span>&lt;span style="color:#000;font-weight:bold">));&lt;/span>
&lt;span style="color:#000">cellA2&lt;/span>&lt;span style="color:#000;font-weight:bold">-&amp;gt;&lt;/span>&lt;span style="color:#000">PutValue&lt;/span>&lt;span style="color:#000;font-weight:bold">(&lt;/span>&lt;span style="color:#0000cf;font-weight:bold">30&lt;/span>&lt;span style="color:#000;font-weight:bold">);&lt;/span>
&lt;span style="color:#8f5902;font-style:italic">//Calculate the Sum of A1 and A2
&lt;/span>&lt;span style="color:#8f5902;font-style:italic">&lt;/span>&lt;span style="color:#000">intrusive_ptr&lt;/span>&lt;span style="color:#000;font-weight:bold">&amp;lt;&lt;/span>&lt;span style="color:#000">Aspose&lt;/span>&lt;span style="color:#000;font-weight:bold">::&lt;/span>&lt;span style="color:#000">Cells&lt;/span>&lt;span style="color:#000;font-weight:bold">::&lt;/span>&lt;span style="color:#000">System&lt;/span>&lt;span style="color:#000;font-weight:bold">::&lt;/span>&lt;span style="color:#000">Object&lt;/span>&lt;span style="color:#000;font-weight:bold">&amp;gt;&lt;/span> &lt;span style="color:#000">results&lt;/span> &lt;span style="color:#000;font-weight:bold">=&lt;/span> &lt;span style="color:#000">ws&lt;/span>&lt;span style="color:#000;font-weight:bold">-&amp;gt;&lt;/span>&lt;span style="color:#000">CalculateFormula&lt;/span>&lt;span style="color:#000;font-weight:bold">(&lt;/span>&lt;span style="color:#204a87;font-weight:bold">new&lt;/span> &lt;span style="color:#000">String&lt;/span>&lt;span style="color:#000;font-weight:bold">(&lt;/span>&lt;span style="color:#4e9a06">&amp;#34;=Sum(A1:A2)&amp;#34;&lt;/span>&lt;span style="color:#000;font-weight:bold">));&lt;/span>
&lt;span style="color:#8f5902;font-style:italic">//Print the output
&lt;/span>&lt;span style="color:#8f5902;font-style:italic">&lt;/span>&lt;span style="color:#000">printf&lt;/span>&lt;span style="color:#000;font-weight:bold">(&lt;/span>&lt;span style="color:#4e9a06">&amp;#34;Value of A1: %s\r\n&amp;#34;&lt;/span>&lt;span style="color:#000;font-weight:bold">,&lt;/span> &lt;span style="color:#000">cellA1&lt;/span>&lt;span style="color:#000;font-weight:bold">-&amp;gt;&lt;/span>&lt;span style="color:#000">GetStringValue&lt;/span>&lt;span style="color:#000;font-weight:bold">()-&amp;gt;&lt;/span>&lt;span style="color:#000">charValue&lt;/span>&lt;span style="color:#000;font-weight:bold">());&lt;/span>
&lt;span style="color:#000">printf&lt;/span>&lt;span style="color:#000;font-weight:bold">(&lt;/span>&lt;span style="color:#4e9a06">&amp;#34;Value of A2: %s\r\n&amp;#34;&lt;/span>&lt;span style="color:#000;font-weight:bold">,&lt;/span> &lt;span style="color:#000">cellA2&lt;/span>&lt;span style="color:#000;font-weight:bold">-&amp;gt;&lt;/span>&lt;span style="color:#000">GetStringValue&lt;/span>&lt;span style="color:#000;font-weight:bold">()-&amp;gt;&lt;/span>&lt;span style="color:#000">charValue&lt;/span>&lt;span style="color:#000;font-weight:bold">());&lt;/span>
&lt;span style="color:#000">printf&lt;/span>&lt;span style="color:#000;font-weight:bold">(&lt;/span>&lt;span style="color:#4e9a06">&amp;#34;Result of Sum(A1:A2): %s\r\n&amp;#34;&lt;/span>&lt;span style="color:#000;font-weight:bold">,&lt;/span> &lt;span style="color:#000">results&lt;/span>&lt;span style="color:#000;font-weight:bold">-&amp;gt;&lt;/span>&lt;span style="color:#000">ToString&lt;/span>&lt;span style="color:#000;font-weight:bold">()-&amp;gt;&lt;/span>&lt;span style="color:#000">charValue&lt;/span>&lt;span style="color:#000;font-weight:bold">());&lt;/span>
&lt;/code>&lt;/pre>&lt;/div>
&lt;/div>
&lt;/div>
&lt;h4 id="adds-iworksheetcalculateformulaintrusive_ptrasposecellssystemstring-formula-intrusive_ptrasposecellsicalculationoptions-opts-method">Adds IWorksheet::CalculateFormula(intrusive_ptr&lt;a href="Aspose::Cells::System::String">Aspose::Cells::System::String&lt;/a> formula, intrusive_ptr&lt;a href="Aspose::Cells::ICalculationOptions">Aspose::Cells::ICalculationOptions&lt;/a> opts) method&lt;/h4>
&lt;p>It calculates a formula in a more flexible way.&lt;/p>
&lt;h4 id="adds-iworksheetcalculateformulabool-recursive-bool-ignoreerror-intrusive_ptrasposecellsicustomfunction-customfunction-method">Adds IWorksheet::CalculateFormula(bool recursive, bool ignoreError, intrusive_ptr&lt;a href="Aspose::Cells::ICustomFunction">Aspose::Cells::ICustomFunction&lt;/a> customFunction) method&lt;/h4>
&lt;p>It calculates all formulas in the worksheet.&lt;/p>
&lt;h4 id="adds-iworksheetcalculateformulaintrusive_ptrasposecellsicalculationoptions-options-bool-recursive-method">Adds IWorksheet::CalculateFormula(intrusive_ptr&lt;a href="Aspose::Cells::ICalculationOptions">Aspose::Cells::ICalculationOptions&lt;/a> options, bool recursive) method&lt;/h4>
&lt;p>It calculates all formulas in the worksheet.&lt;/p>
&lt;h4 id="adds-icellcalculateintrusive_ptrasposecellsicalculationoptions-options-method">Adds ICell::Calculate(intrusive_ptr&lt;a href="Aspose::Cells::ICalculationOptions">Aspose::Cells::ICalculationOptions&lt;/a> options) method&lt;/h4>
&lt;p>It calculates the formula of cell in the worksheet.&lt;/p>
&lt;h4 id="adds-icellcalculatebool-ignoreerror--intrusive_ptrasposecellsicustomfunction-customfunction-method">Adds ICell::Calculate(bool ignoreError , intrusive_ptr&lt;a href="Aspose::Cells::ICustomFunction">Aspose::Cells::ICustomFunction&lt;/a> customFunction) method&lt;/h4>
&lt;p>It calculates the formula of cell in the worksheet.&lt;/p>
&lt;h3 id="usage-examples">Usage Examples&lt;/h3>
&lt;p>Please check the list of help topics added in the Aspose.Cells Wiki docs:&lt;/p>
&lt;ol>
&lt;li>&lt;a href="https://docs2.aspose.com/cells/cpp/developerguide/formulas/ways+to+calculate+formulas#waystocalculateformulas-addingformulas&amp;amp;calculatingresults">Adding Formulas and Calculating Results&lt;/a>&lt;/li>
&lt;li>&lt;a href="https://docs2.aspose.com/cells/cpp/developerguide/formulas/ways+to+calculate+formulas#waystocalculateformulas-directcalculationofformula">Direct Calculation of Formula&lt;/a>&lt;/li>
&lt;li>&lt;a href="https://docs2.aspose.com/cells/cpp/developerguide/formulas/ways+to+calculate+formulas#waystocalculateformulas-calculatingformulasonceonly">Calculating Formulas Once Only&lt;/a>&lt;/li>
&lt;li>&lt;a href="https://docs2.aspose.com/cells/cpp/developerguide/formulas/using+icustomfunction+feature#usingicustomfunctionfeature-usingicustomfunctionfeature">Using ICustomFunction Feature&lt;/a> &lt;/li>
&lt;/ol></description></item><item><title>Cpp: Aspose.Cells for CPP 17.1.0 Release Notes</title><link>https://docs2.aspose.com/cells/cpp/releasenotes/2017/aspose.cells+for+cpp+17.1.0+release+notes/</link><pubDate>Mon, 01 Jan 0001 00:00:00 +0000</pubDate><guid>https://docs2.aspose.com/cells/cpp/releasenotes/2017/aspose.cells+for+cpp+17.1.0+release+notes/</guid><description>
&lt;p>Aspose.Cells for C++ : Aspose.Cells for CPP 17.1.0 Release Notes&lt;/p>
&lt;h1 id="asposecells-for-c--asposecells-for-cpp-1710-release-notes">Aspose.Cells for C++ : Aspose.Cells for CPP 17.1.0 Release Notes&lt;/h1>
&lt;div class="table table-striped" role="alert">
&lt;table>
&lt;thead>
&lt;tr>
&lt;th align="left">Key&lt;/th>
&lt;th align="left">Summary&lt;/th>
&lt;th align="left">Category&lt;/th>
&lt;/tr>
&lt;/thead>
&lt;tbody>
&lt;tr>
&lt;td align="left">CELLSCPP-35&lt;/td>
&lt;td align="left">Read / Write XLSM file format &lt;/td>
&lt;td align="left">New Feature &lt;/td>
&lt;/tr>
&lt;tr>
&lt;td align="left">CELLSCPP-36&lt;/td>
&lt;td align="left">Read / Write CSV file format &lt;/td>
&lt;td align="left">New Feature &lt;/td>
&lt;/tr>
&lt;tr>
&lt;td align="left">CELLSCPP-37&lt;/td>
&lt;td align="left">Read / Write XLSB file format &lt;/td>
&lt;td align="left">New Feature &lt;/td>
&lt;/tr>
&lt;tr>
&lt;td align="left">CELLSCPP-38&lt;/td>
&lt;td align="left">Create and manipulate Named Ranges&lt;/td>
&lt;td align="left">New Feature &lt;/td>
&lt;/tr>
&lt;tr>
&lt;td align="left">CELLSCPP-39&lt;/td>
&lt;td align="left">Read / Write Tab Delimited file format &lt;/td>
&lt;td align="left">New Feature &lt;/td>
&lt;/tr>
&lt;/tbody>
&lt;/table>
&lt;/div>
&lt;h3 id="public-api-and-backwards-incompatible-changes">Public API and Backwards Incompatible Changes&lt;/h3>
&lt;p>The following is a list of any changes made to the public API such as added, renamed, removed or deprecated members as well as any non-backward compatible change made to Aspose.Cells for C++. If you have concerns about any change listed, please raise it on the Aspose.Cells support forum.&lt;/p>
&lt;h4 id="removes-ipagesetupgetdraftsetdraft-method">Removes IPageSetup::GetDraft()/SetDraft() method&lt;/h4>
&lt;p>Use IPageSetup::GetPrintDraft()/SetPrintDraft() method instead.&lt;/p>
&lt;h4 id="removes-icellgetconditionalistyle-method">Removes ICell::GetConditionalIStyle() method&lt;/h4>
&lt;p>Use ICell::GetIConditionalFormattingResult() instead.&lt;/p>
&lt;h4 id="removes-icellsmaxdatarowincolumn-method">Removes ICells::MaxDataRowInColumn() method&lt;/h4>
&lt;p>Use ICells::GetLastDataRow() instead.&lt;/p>
&lt;h4 id="deletes-ipanecollectiongetacitvepanetypesetacitvepanetype-method">Deletes IPaneCollection::GetAcitvePaneType()/SetAcitvePaneType() method&lt;/h4>
&lt;p>Unnecessary,deleted.&lt;/p>
&lt;h4 id="deletes-irangetostring-method">Deletes IRange::ToString() method&lt;/h4>
&lt;p>Unnecessary,deleted.&lt;/p>
&lt;h4 id="deletes-irowequals-method">Deletes IRow::Equals() method&lt;/h4>
&lt;p>Unnecessary,deleted.&lt;/p>
&lt;h4 id="deletes-iworkbooksetisettings-method">Deletes IWorkbook::SetISettings() method&lt;/h4>
&lt;p>Unnecessary,deleted.&lt;/p>
&lt;h4 id="deletes-icelltostring-method">Deletes ICell::ToString() method&lt;/h4>
&lt;p>Unnecessary,deleted.&lt;/p>
&lt;h4 id="deletes-icellequalsobjectptr-method">Deletes ICell::Equals(ObjectPtr) method&lt;/h4>
&lt;p>Unnecessary,deleted.&lt;/p>
&lt;h4 id="deletes-icellgethashcode-method">Deletes ICell::GetHashCode() method&lt;/h4>
&lt;p>Unnecessary,deleted.&lt;/p>
&lt;h4 id="deletes-iworksheettostring-method">Deletes IWorksheet::ToString() method&lt;/h4>
&lt;p>Unnecessary,deleted.&lt;/p>
&lt;h4 id="adds-ibuiltindocumentpropertycollectiongetscalecropsetscalecrop-method">Adds IBuiltInDocumentPropertyCollection::GetScaleCrop()/SetScaleCrop() method&lt;/h4>
&lt;p>Indicates the display mode of the document thumbnail.&lt;/p>
&lt;h4 id="adds-ibuiltindocumentpropertycollectiongetlinksuptodatesetlinksuptodate-method">Adds IBuiltInDocumentPropertyCollection::GetLinksUpToDate()/SetLinksUpToDate() method&lt;/h4>
&lt;p>Indicates whether hyperlinks in a document are up-to-date.&lt;/p>
&lt;h4 id="adds-iexternallinkisvisible-method">Adds IExternalLink::IsVisible() method&lt;/h4>
&lt;p>Indicates whether this external link is visible in MS Excel.&lt;/p>
&lt;h4 id="adds-ilistcolumngetformulasetformula-method">Adds IListColumn::GetFormula()/SetFormula() method&lt;/h4>
&lt;p>Gets and sets the formula of the list column.&lt;/p>
&lt;h4 id="addsiworkbookgetabsolutepathsetabsolutepath-method">Adds IWorkbook::GetAbsolutePath()/SetAbsolutePath() method&lt;/h4>
&lt;p>Gets and sets the absolute path of the file,only used for external links.&lt;/p>
&lt;h4 id="adds-iworkbooksettingsgetcheckcompatibilitysetcheckcompatibility-method">Adds IWorkbookSettings::GetCheckCompatibility()/SetCheckCompatibility() method&lt;/h4>
&lt;p>Indicates whether check compatiliblity when saving workbook, the default value is true.&lt;/p>
&lt;h4 id="adds-iworksheetcollectioncreateirange-method">Adds IWorksheetCollection::CreateIRange() method&lt;/h4>
&lt;p>Creates a IRange,object from an address of the range.&lt;/p>
&lt;h4 id="adds-iworkbooksettingsclearpivottables-method">Adds IWorkbookSettings::ClearPivottables() method&lt;/h4>
&lt;p>Clears pivot tables from the spreadsheet.&lt;/p>
&lt;h4 id="adds-iloadoptionsgetcultureinfosetcultureinfo-method">Adds ILoadOptions::GetCultureInfo/SetCultureInfo() method&lt;/h4>
&lt;p>Gets the system culture info at the time the file was loaded.&lt;/p>
&lt;h4 id="adds-iloadoptionsgetilightcellsdatahandlersetilightcellsdatahandler-method">Adds ILoadOptions::GetILightCellsDataHandler()/SetILightCellsDataHandler() method&lt;/h4>
&lt;p>Denotes the data handler for processing cells data when reading template file.&lt;/p>
&lt;h4 id="adds-iworksheetgetiprotectedrangecollection-method">Adds IWorksheet::GetIProtectedRangeCollection() method&lt;/h4>
&lt;p>Gets the allow edit range collection in the worksheet.&lt;/p>
&lt;h4 id="adds-iworksheetdispose-method">Adds IWorksheet::Dispose() method&lt;/h4>
&lt;p>Disposes worksheet.&lt;/p>
&lt;h4 id="adds-icellsimporttwodimensionarray-method">Adds ICells::ImportTwoDimensionArray() method&lt;/h4>
&lt;p>Imports a two-dimension array of data into a worksheet&lt;/p>
&lt;h4 id="adds-icellsimportcsv-method">Adds ICells::ImportCSV() method&lt;/h4>
&lt;p>Imports a CSV file to the cells.&lt;/p>
&lt;h4 id="adds-icellslinktoxmlmap-method">Adds ICells::LinkToXmlMap() method&lt;/h4>
&lt;p>Links to a xml map.&lt;/p></description></item></channel></rss>