<rss version="2.0" xmlns:atom="http://www.w3.org/2005/Atom"><channel><title>Documentation – Drawing Objects</title><link>https://docs2.aspose.com/cells/cpp/developerguide/drawingobjects/</link><description>Recent content in Drawing Objects on Documentation</description><generator>Hugo -- gohugo.io</generator><atom:link href="https://docs2.aspose.com/cells/cpp/developerguide/drawingobjects/index.xml" rel="self" type="application/rss+xml"/><item><title>Cpp: Extracting OLE Objects from Worksheet</title><link>https://docs2.aspose.com/cells/cpp/developerguide/drawingobjects/extracting+ole+objects+from+worksheet/</link><pubDate>Mon, 01 Jan 0001 00:00:00 +0000</pubDate><guid>https://docs2.aspose.com/cells/cpp/developerguide/drawingobjects/extracting+ole+objects+from+worksheet/</guid><description>
&lt;p>Aspose.Cells for C++ : Extracting OLE Objects from Worksheet&lt;/p>
&lt;h1 id="asposecells-for-c--extracting-ole-objects-from-worksheet">Aspose.Cells for C++ : Extracting OLE Objects from Worksheet&lt;/h1>
&lt;p>
&lt;div class="card my-3 border-top-0 border-right-0 border-bottom-0 border-left border-primary rounded" style="border-width:4px !important;">
&lt;div class="wrap border border-left-0 rounded">
&lt;div class="card-header border-0 bg-white pl-3 text-primary">
&lt;h3>Contents Summary&lt;/h3>
&lt;/div>
&lt;div class="card-body pt-1">
&lt;ul>
&lt;li>1 &lt;a href="#possible-usage-scenarios">Possible Usage Scenarios&lt;/a>&lt;/li>
&lt;li>2 &lt;a href="#extracting-ole-objects-from-worksheet">Extracting OLE Objects from Worksheet&lt;/a>&lt;/li>
&lt;li>3 &lt;a href="#sample-code">Sample Code&lt;/a>&lt;/li>
&lt;/ul>
&lt;/div>
&lt;/div>
&lt;/div>
 &lt;/p>
&lt;h2 id="possible-usage-scenarios">Possible Usage Scenarios&lt;/h2>
&lt;p>Aspose.Cells allows you to extract all types of OLE objects from the worksheet. Please use &lt;a href="https://apireference.aspose.com/cpp/cells/class/aspose.cells.i_worksheet/#a4c59d95cdd871ecfe18274480831a728">IWorksheet-&amp;gt;GetIOleObjects()&lt;/a> method to access all the OLE objects inside the worksheet. Each OLE object has &lt;a href="https://apireference.aspose.com/cpp/cells/class/aspose.cells.drawing.i_ole_object/#abb2ea6872025fe4724d9613cd6b81752">ProgID&lt;/a> and &lt;a href="https://apireference.aspose.com/cpp/cells/class/aspose.cells.drawing.i_ole_object/#a4a200a03478d3553798360cd6a911d70">ObjectData&lt;/a> properties that can help you identify the type of OLE object and extract it successfully.&lt;/p>
&lt;h2 id="extracting-ole-objects-from-worksheet">Extracting OLE Objects from Worksheet&lt;/h2>
&lt;p>The following sample code loads the &lt;a href="https://docs2.aspose.com/cells/cpp/attachments/66257169/66519077.xlsx">sample Excel file&lt;/a> which has three OLE objects. The code identifies the types of OLE objects and extracts them one by one as the following files.&lt;/p>
&lt;ul>
&lt;li>&lt;a href="https://docs2.aspose.com/cells/cpp/attachments/66257169/66519080.pptx">outputExtractOleObject.pptx&lt;/a>&lt;/li>
&lt;li>&lt;a href="https://docs2.aspose.com/cells/cpp/attachments/66257169/66519079.pdf">outputExtractOleObject.pdf&lt;/a>&lt;/li>
&lt;li>&lt;a href="https://docs2.aspose.com/cells/cpp/attachments/66257169/66519078.docx">outputExtractOleObject.docx&lt;/a>&lt;/li>
&lt;/ul>
&lt;h2 id="sample-code">Sample Code&lt;/h2>
&lt;h2 id="attachments">Attachments:&lt;/h2>
&lt;p>&lt;img src="https://docs2.aspose.com/cells/cpp/images/icons/bullet_blue.gif" alt=""> &lt;a href="https://docs2.aspose.com/cells/cpp/attachments/66257169/66519077.xlsx">sampleExtractingOLEObjectsFromWorksheet.xlsx&lt;/a> (application/vnd.openxmlformats-officedocument.spreadsheetml.sheet)&lt;br>
&lt;img src="https://docs2.aspose.com/cells/cpp/images/icons/bullet_blue.gif" alt=""> &lt;a href="https://docs2.aspose.com/cells/cpp/attachments/66257169/66519078.docx">outputExtractOleObject.docx&lt;/a> (application/vnd.openxmlformats-officedocument.wordprocessingml.document)&lt;br>
&lt;img src="https://docs2.aspose.com/cells/cpp/images/icons/bullet_blue.gif" alt=""> &lt;a href="https://docs2.aspose.com/cells/cpp/attachments/66257169/66519079.pdf">outputExtractOleObject.pdf&lt;/a> (application/pdf)&lt;br>
&lt;img src="https://docs2.aspose.com/cells/cpp/images/icons/bullet_blue.gif" alt=""> &lt;a href="https://docs2.aspose.com/cells/cpp/attachments/66257169/66519080.pptx">outputExtractOleObject.pptx&lt;/a> (application/vnd.openxmlformats-officedocument.presentationml.presentation)&lt;/p></description></item><item><title>Cpp: Inserting OLE Objects into the Worksheet</title><link>https://docs2.aspose.com/cells/cpp/developerguide/drawingobjects/inserting+ole+objects+into+the+worksheet/</link><pubDate>Mon, 01 Jan 0001 00:00:00 +0000</pubDate><guid>https://docs2.aspose.com/cells/cpp/developerguide/drawingobjects/inserting+ole+objects+into+the+worksheet/</guid><description>
&lt;p>Aspose.Cells for C++ : Inserting OLE Objects into the Worksheet&lt;/p>
&lt;h1 id="asposecells-for-c--inserting-ole-objects-into-the-worksheet">Aspose.Cells for C++ : Inserting OLE Objects into the Worksheet&lt;/h1>
&lt;p>
&lt;div class="card my-3 border-top-0 border-right-0 border-bottom-0 border-left border-primary rounded" style="border-width:4px !important;">
&lt;div class="wrap border border-left-0 rounded">
&lt;div class="card-header border-0 bg-white pl-3 text-primary">
&lt;h3>Contents Summary&lt;/h3>
&lt;/div>
&lt;div class="card-body pt-1">
&lt;ul>
&lt;li>1 &lt;a href="#possible-usage-scenarios">Possible Usage Scenarios&lt;/a>&lt;/li>
&lt;li>2 &lt;a href="#inserting-ole-objects-into-the-worksheet">Inserting OLE Objects into the Worksheet&lt;/a>&lt;/li>
&lt;li>3 &lt;a href="#sample-code">Sample Code&lt;/a>&lt;/li>
&lt;/ul>
&lt;/div>
&lt;/div>
&lt;/div>
 &lt;/p>
&lt;h2 id="possible-usage-scenarios">Possible Usage Scenarios&lt;/h2>
&lt;p>Aspose.Cells allows you to insert an OLE object inside the worksheet. Please use &lt;a href="https://apireference.aspose.com/cpp/cells/class/aspose.cells.drawing.i_ole_object_collection/#af230dd65a00cefabcc4b9f165b5dc7ba">IWorksheet-&amp;gt;GetIOleObjects()-&amp;gt;Add()&lt;/a> method for this purpose. You will need an image byte array that will be used to insert the OLE object inside the worksheet and &lt;code>Ole object data bytes&lt;/code> that will be your actual object.to insert the Ole object inside the worksheet. &lt;/p>
&lt;h2 id="inserting-ole-objects-into-the-worksheet">Inserting OLE Objects into the Worksheet&lt;/h2>
&lt;p>The following sample code creates the workbook object and inserts the Ole object inside the first worksheet and saves it as &lt;a href="https://docs2.aspose.com/cells/cpp/attachments/66257162/66519074.xlsx">output Excel file&lt;/a>. Please see the &lt;a href="https://docs2.aspose.com/cells/cpp/attachments/66257162/66519075.png">Aspose Logo&lt;/a> used as &lt;code>image bytes&lt;/code> and &lt;a href="https://docs2.aspose.com/cells/cpp/attachments/66257162/66519081.xlsx">input Excel file&lt;/a> used as &lt;code>Ole object data&lt;/code> inside the code for reference.&lt;/p>
&lt;h2 id="sample-code">Sample Code&lt;/h2>
&lt;h2 id="attachments">Attachments:&lt;/h2>
&lt;p>&lt;img src="https://docs2.aspose.com/cells/cpp/images/icons/bullet_blue.gif" alt=""> &lt;a href="https://docs2.aspose.com/cells/cpp/attachments/66257162/66519074.xlsx">outputInsertingOLEObjectsIntoWorksheet.xlsx&lt;/a> (application/vnd.openxmlformats-officedocument.spreadsheetml.sheet)&lt;br>
&lt;img src="https://docs2.aspose.com/cells/cpp/images/icons/bullet_blue.gif" alt=""> &lt;a href="https://docs2.aspose.com/cells/cpp/attachments/66257162/66519075.png">AsposeLogo.png&lt;/a> (image/png)&lt;br>
&lt;img src="https://docs2.aspose.com/cells/cpp/images/icons/bullet_blue.gif" alt=""> &lt;a href="https://docs2.aspose.com/cells/cpp/attachments/66257162/66519081.xlsx">inputInsertOleObject.xlsx&lt;/a> (application/vnd.openxmlformats-officedocument.spreadsheetml.sheet)&lt;/p></description></item></channel></rss>