<rss version="2.0" xmlns:atom="http://www.w3.org/2005/Atom"><channel><title>Documentation – Get HTML5 string from Cell</title><link>https://docs2.aspose.com/cells/pythonjava/developerguide/html/get+html5+string+from+cell/</link><description>Recent content in Get HTML5 string from Cell on Documentation</description><generator>Hugo -- gohugo.io</generator><atom:link href="https://docs2.aspose.com/cells/pythonjava/developerguide/html/get+html5+string+from+cell/index.xml" rel="self" type="application/rss+xml"/></channel></rss>