<rss version="2.0" xmlns:atom="http://www.w3.org/2005/Atom"><channel><title>Documentation – Aspose.Cells for Reporting Services 19.5 Release Notes</title><link>https://docs2.aspose.com/cells/reportingservices/releasenotes/2019/aspose.cells+for+reporting+services+19.5+release+notes/</link><description>Recent content in Aspose.Cells for Reporting Services 19.5 Release Notes on Documentation</description><generator>Hugo -- gohugo.io</generator><atom:link href="https://docs2.aspose.com/cells/reportingservices/releasenotes/2019/aspose.cells+for+reporting+services+19.5+release+notes/index.xml" rel="self" type="application/rss+xml"/></channel></rss>