<rss version="2.0" xmlns:atom="http://www.w3.org/2005/Atom"><channel><title>Documentation – Using DLL Only</title><link>https://docs2.aspose.com/cells/reportingservices/installation/installing/using+dll+only/</link><description>Recent content in Using DLL Only on Documentation</description><generator>Hugo -- gohugo.io</generator><atom:link href="https://docs2.aspose.com/cells/reportingservices/installation/installing/using+dll+only/index.xml" rel="self" type="application/rss+xml"/></channel></rss>