<rss version="2.0" xmlns:atom="http://www.w3.org/2005/Atom"><channel><title>Documentation – Creating Table Item</title><link>https://docs2.aspose.com/cells/reportingservices/userguide/subreport/creating+table+item/</link><description>Recent content in Creating Table Item on Documentation</description><generator>Hugo -- gohugo.io</generator><atom:link href="https://docs2.aspose.com/cells/reportingservices/userguide/subreport/creating+table+item/index.xml" rel="self" type="application/rss+xml"/></channel></rss>