<rss version="2.0" xmlns:atom="http://www.w3.org/2005/Atom"><channel><title>Documentation – Public API Changes in Aspose.Cells 16.12.0</title><link>https://docs2.aspose.com/cells/cpp/developerguide/migratingfromearliervs/public+api+changes+in+aspose.cells+16.12.0/</link><description>Recent content in Public API Changes in Aspose.Cells 16.12.0 on Documentation</description><generator>Hugo -- gohugo.io</generator><atom:link href="https://docs2.aspose.com/cells/cpp/developerguide/migratingfromearliervs/public+api+changes+in+aspose.cells+16.12.0/index.xml" rel="self" type="application/rss+xml"/></channel></rss>