<rss version="2.0" xmlns:atom="http://www.w3.org/2005/Atom"><channel><title>Documentation – Apply Custom Theme Colors of the Workbook using Array of Colors</title><link>https://docs2.aspose.com/cells/cpp/developerguide/technicalarticles/apply+custom+theme+colors+of+the+workbook+using+array+of+colors/</link><description>Recent content in Apply Custom Theme Colors of the Workbook using Array of Colors on Documentation</description><generator>Hugo -- gohugo.io</generator><atom:link href="https://docs2.aspose.com/cells/cpp/developerguide/technicalarticles/apply+custom+theme+colors+of+the+workbook+using+array+of+colors/index.xml" rel="self" type="application/rss+xml"/></channel></rss>