<rss version="2.0" xmlns:atom="http://www.w3.org/2005/Atom"><channel><title>Documentation – Installation</title><link>https://docs2.aspose.com/cells/jasperreports/installation/</link><description>Recent content in Installation on Documentation</description><generator>Hugo -- gohugo.io</generator><atom:link href="https://docs2.aspose.com/cells/jasperreports/installation/index.xml" rel="self" type="application/rss+xml"/><item><title>Jasperreports: Introduction</title><link>https://docs2.aspose.com/cells/jasperreports/installation/introduction/</link><pubDate>Mon, 01 Jan 0001 00:00:00 +0000</pubDate><guid>https://docs2.aspose.com/cells/jasperreports/installation/introduction/</guid><description>
&lt;p>Aspose.Cells for JasperReports : Introduction&lt;/p>
&lt;h1 id="asposecells-for-jasperreports--introduction">Aspose.Cells for JasperReports : Introduction&lt;/h1>
&lt;p>Aspose.Cells for JasperReports can be deployed on your computer by simply adding the released JAR file into your classpath.&lt;/p></description></item><item><title>Jasperreports: Installing Aspose.Cells for JasperReports</title><link>https://docs2.aspose.com/cells/jasperreports/installation/installing+aspose.cells+for+jasperreports/</link><pubDate>Mon, 01 Jan 0001 00:00:00 +0000</pubDate><guid>https://docs2.aspose.com/cells/jasperreports/installation/installing+aspose.cells+for+jasperreports/</guid><description>
&lt;p>Aspose.Cells for JasperReports : Installing Aspose.Cells for JasperReports&lt;/p>
&lt;h1 id="asposecells-for-jasperreports--installing-asposecells-for-jasperreports">Aspose.Cells for JasperReports : Installing Aspose.Cells for JasperReports&lt;/h1>
&lt;p>To use &lt;strong>Aspose.Cells for JasperReports&lt;/strong> from your application, copy &lt;strong>aspose.cells.jasperreports.jar&lt;/strong> from the \lib folder of Aspose.Cells.JasperReports.zip to the JasperReports\lib directory or to a library folder of your application. After that, you can access the exporters programmatically.&lt;/p>
&lt;p>The following example shows the typical code needed to export a report to an XLS file using Aspose.Cells for JasperReports. More examples can be found in the demo reports included in the product archive.&lt;/p>
&lt;p>&lt;strong>Java&lt;/strong>&lt;/p>
&lt;div class="position-relative">
&lt;div class="position-absolute" style="right:0;">
&lt;button class="btn btn-light" data-clipboard-target="#clipboard_ae2be0ec92">
Copy
&lt;/button>
&lt;/div>
&lt;div id="clipboard_ae2be0ec92">
&lt;div class="highlight">&lt;pre style="background-color:#f8f8f8;-moz-tab-size:4;-o-tab-size:4;tab-size:4">&lt;code class="language-java" data-lang="java">
&lt;span style="color:#204a87;font-weight:bold">import&lt;/span> &lt;span style="color:#000">com.aspose.cells.jasperreports.*&lt;/span>&lt;span style="color:#ce5c00;font-weight:bold">;&lt;/span>
&lt;span style="color:#000">ACXlsExporter&lt;/span> &lt;span style="color:#000">exporter&lt;/span> &lt;span style="color:#ce5c00;font-weight:bold">=&lt;/span> &lt;span style="color:#204a87;font-weight:bold">new&lt;/span> &lt;span style="color:#000">ACXlsExporter&lt;/span> &lt;span style="color:#ce5c00;font-weight:bold">();&lt;/span>
&lt;span style="color:#000">ACXlsReportConfiguration&lt;/span> &lt;span style="color:#000">conf&lt;/span> &lt;span style="color:#ce5c00;font-weight:bold">=&lt;/span> &lt;span style="color:#204a87;font-weight:bold">new&lt;/span> &lt;span style="color:#000">ACXlsReportConfiguration&lt;/span> &lt;span style="color:#ce5c00;font-weight:bold">();&lt;/span>
&lt;span style="color:#000">File&lt;/span> &lt;span style="color:#000">sourceFile&lt;/span> &lt;span style="color:#ce5c00;font-weight:bold">=&lt;/span> &lt;span style="color:#204a87;font-weight:bold">new&lt;/span> &lt;span style="color:#000">File&lt;/span>&lt;span style="color:#ce5c00;font-weight:bold">(&lt;/span>&lt;span style="color:#000">fileName&lt;/span>&lt;span style="color:#ce5c00;font-weight:bold">);&lt;/span>
&lt;span style="color:#000">JasperPrint&lt;/span> &lt;span style="color:#000">jasperPrint&lt;/span> &lt;span style="color:#ce5c00;font-weight:bold">=&lt;/span> &lt;span style="color:#ce5c00;font-weight:bold">(&lt;/span>&lt;span style="color:#000">JasperPrint&lt;/span>&lt;span style="color:#ce5c00;font-weight:bold">)&lt;/span>&lt;span style="color:#000">JRLoader&lt;/span>&lt;span style="color:#ce5c00;font-weight:bold">.&lt;/span>&lt;span style="color:#c4a000">loadObject&lt;/span>&lt;span style="color:#ce5c00;font-weight:bold">(&lt;/span>&lt;span style="color:#000">sourceFile&lt;/span>&lt;span style="color:#ce5c00;font-weight:bold">);&lt;/span>
&lt;span style="color:#000">exporter&lt;/span>&lt;span style="color:#ce5c00;font-weight:bold">.&lt;/span>&lt;span style="color:#c4a000">setConfiguration&lt;/span>&lt;span style="color:#ce5c00;font-weight:bold">(&lt;/span>&lt;span style="color:#000">conf&lt;/span>&lt;span style="color:#ce5c00;font-weight:bold">);&lt;/span>
&lt;span style="color:#000">exporter&lt;/span>&lt;span style="color:#ce5c00;font-weight:bold">.&lt;/span>&lt;span style="color:#c4a000">setExporterInput&lt;/span>&lt;span style="color:#ce5c00;font-weight:bold">(&lt;/span>&lt;span style="color:#204a87;font-weight:bold">new&lt;/span> &lt;span style="color:#000">SimpleExporterInput&lt;/span>&lt;span style="color:#ce5c00;font-weight:bold">(&lt;/span>&lt;span style="color:#000">jasperPrint&lt;/span>&lt;span style="color:#ce5c00;font-weight:bold">));&lt;/span>
&lt;span style="color:#000">File&lt;/span> &lt;span style="color:#000">destFile&lt;/span> &lt;span style="color:#ce5c00;font-weight:bold">=&lt;/span> &lt;span style="color:#204a87;font-weight:bold">new&lt;/span> &lt;span style="color:#000">File&lt;/span>&lt;span style="color:#ce5c00;font-weight:bold">(&lt;/span>&lt;span style="color:#000">sourceFile&lt;/span>&lt;span style="color:#ce5c00;font-weight:bold">.&lt;/span>&lt;span style="color:#c4a000">getParent&lt;/span>&lt;span style="color:#ce5c00;font-weight:bold">(),&lt;/span> &lt;span style="color:#000">jasperPrint&lt;/span>&lt;span style="color:#ce5c00;font-weight:bold">.&lt;/span>&lt;span style="color:#c4a000">getName&lt;/span>&lt;span style="color:#ce5c00;font-weight:bold">()&lt;/span> &lt;span style="color:#ce5c00;font-weight:bold">+&lt;/span> &lt;span style="color:#4e9a06">&amp;#34;.xls&amp;#34;&lt;/span>&lt;span style="color:#ce5c00;font-weight:bold">);&lt;/span>
&lt;span style="color:#000">exporter&lt;/span>&lt;span style="color:#ce5c00;font-weight:bold">.&lt;/span>&lt;span style="color:#c4a000">setExporterOutput&lt;/span>&lt;span style="color:#ce5c00;font-weight:bold">(&lt;/span>&lt;span style="color:#204a87;font-weight:bold">new&lt;/span> &lt;span style="color:#000">SimpleOutputStreamExporterOutput&lt;/span>&lt;span style="color:#ce5c00;font-weight:bold">(&lt;/span>&lt;span style="color:#000">destFile&lt;/span>&lt;span style="color:#ce5c00;font-weight:bold">.&lt;/span>&lt;span style="color:#c4a000">toString&lt;/span>&lt;span style="color:#ce5c00;font-weight:bold">());&lt;/span>
&lt;span style="color:#000">exporter&lt;/span>&lt;span style="color:#ce5c00;font-weight:bold">.&lt;/span>&lt;span style="color:#c4a000">exportReport&lt;/span>&lt;span style="color:#ce5c00;font-weight:bold">();&lt;/span>
&lt;/code>&lt;/pre>&lt;/div>
&lt;/div>
&lt;/div></description></item><item><title>Jasperreports: Integration with JasperServer</title><link>https://docs2.aspose.com/cells/jasperreports/installation/integration+with+jasperserver/</link><pubDate>Mon, 01 Jan 0001 00:00:00 +0000</pubDate><guid>https://docs2.aspose.com/cells/jasperreports/installation/integration+with+jasperserver/</guid><description>
&lt;p>Aspose.Cells for JasperReports : Integration with JasperServer&lt;/p>
&lt;h1 id="asposecells-for-jasperreports--integration-with-jasperserver">Aspose.Cells for JasperReports : Integration with JasperServer&lt;/h1>
&lt;p>To integrate Aspose.Cells for JasperReports with JasperServer, perform the steps below.&lt;/p>
&lt;p>In all of the following steps &lt;InstallDir> stands for the JasperServer installation directory.&lt;/p>
&lt;ol>
&lt;li>
&lt;p>Add the following new exporter properties to the &lt;strong>&lt;InstallDir>\apache-tomcat\webapps\jasperserver\WEB-INF\flows\viewReportBeans.xml&lt;/strong> file.&lt;/p>
&lt;p>&lt;strong>XML&lt;/strong>&lt;/p>
&lt;/li>
&lt;/ol>
&lt;div class="position-relative">
&lt;div class="position-absolute" style="right:0;">
&lt;button class="btn btn-light" data-clipboard-target="#clipboard_0635b6e874">
Copy
&lt;/button>
&lt;/div>
&lt;div id="clipboard_0635b6e874">
&lt;div class="highlight">&lt;pre style="background-color:#f8f8f8;-moz-tab-size:4;-o-tab-size:4;tab-size:4">&lt;code class="language-xml" data-lang="xml">
&lt;span style="color:#204a87;font-weight:bold">&amp;lt;bean&lt;/span> &lt;span style="color:#c4a000">id=&lt;/span>&lt;span style="color:#4e9a06">&amp;#34;reportACXlsExporter&amp;#34;&lt;/span> &lt;span style="color:#c4a000">class=&lt;/span>&lt;span style="color:#4e9a06">&amp;#34;com.aspose.cells.jasperreports.ACReportXlsExporter&amp;#34;&lt;/span> &lt;span style="color:#c4a000">parent=&lt;/span>&lt;span style="color:#4e9a06">&amp;#34;baseReportExporter&amp;#34;&lt;/span>&lt;span style="color:#204a87;font-weight:bold">&amp;gt;&lt;/span>
&lt;span style="color:#204a87;font-weight:bold">&amp;lt;property&lt;/span> &lt;span style="color:#c4a000">name=&lt;/span>&lt;span style="color:#4e9a06">&amp;#34;exportParameters&amp;#34;&lt;/span> &lt;span style="color:#c4a000">ref=&lt;/span>&lt;span style="color:#4e9a06">&amp;#34;excelACExportParameters&amp;#34;&lt;/span>&lt;span style="color:#204a87;font-weight:bold">/&amp;gt;&lt;/span>
&lt;span style="color:#204a87;font-weight:bold">&amp;lt;property&lt;/span> &lt;span style="color:#c4a000">name=&lt;/span>&lt;span style="color:#4e9a06">&amp;#34;setResponseContentLength&amp;#34;&lt;/span> &lt;span style="color:#c4a000">value=&lt;/span>&lt;span style="color:#4e9a06">&amp;#34;true&amp;#34;&lt;/span>&lt;span style="color:#204a87;font-weight:bold">/&amp;gt;&lt;/span>
&lt;span style="color:#204a87;font-weight:bold">&amp;lt;/bean&amp;gt;&lt;/span>
&lt;span style="color:#204a87;font-weight:bold">&amp;lt;bean&lt;/span> &lt;span style="color:#c4a000">id=&lt;/span>&lt;span style="color:#4e9a06">&amp;#34;xlsACExporterConfiguration&amp;#34;&lt;/span> &lt;span style="color:#c4a000">class=&lt;/span>&lt;span style="color:#4e9a06">&amp;#34;com.jaspersoft.jasperserver.war.action.ExporterConfigurationBean&amp;#34;&lt;/span>&lt;span style="color:#204a87;font-weight:bold">&amp;gt;&lt;/span>
&lt;span style="color:#204a87;font-weight:bold">&amp;lt;property&lt;/span> &lt;span style="color:#c4a000">name=&lt;/span>&lt;span style="color:#4e9a06">&amp;#34;descriptionKey&amp;#34;&lt;/span> &lt;span style="color:#c4a000">value=&lt;/span>&lt;span style="color:#4e9a06">&amp;#34;XLS - Excel Presentation via Aspose.Cells&amp;#34;&lt;/span>&lt;span style="color:#204a87;font-weight:bold">/&amp;gt;&lt;/span>
&lt;span style="color:#204a87;font-weight:bold">&amp;lt;property&lt;/span> &lt;span style="color:#c4a000">name=&lt;/span>&lt;span style="color:#4e9a06">&amp;#34;iconSrc&amp;#34;&lt;/span> &lt;span style="color:#c4a000">value=&lt;/span>&lt;span style="color:#4e9a06">&amp;#34;/images/xls.gif&amp;#34;&lt;/span>&lt;span style="color:#204a87;font-weight:bold">/&amp;gt;&lt;/span>
&lt;span style="color:#204a87;font-weight:bold">&amp;lt;property&lt;/span> &lt;span style="color:#c4a000">name=&lt;/span>&lt;span style="color:#4e9a06">&amp;#34;parameterDialogName&amp;#34;&lt;/span> &lt;span style="color:#c4a000">value=&lt;/span>&lt;span style="color:#4e9a06">&amp;#34;excelACExportParams&amp;#34;&lt;/span>&lt;span style="color:#204a87;font-weight:bold">/&amp;gt;&lt;/span>
&lt;span style="color:#204a87;font-weight:bold">&amp;lt;property&lt;/span> &lt;span style="color:#c4a000">name=&lt;/span>&lt;span style="color:#4e9a06">&amp;#34;exportParameters&amp;#34;&lt;/span> &lt;span style="color:#c4a000">ref=&lt;/span>&lt;span style="color:#4e9a06">&amp;#34;excelACExportParameters&amp;#34;&lt;/span>&lt;span style="color:#204a87;font-weight:bold">/&amp;gt;&lt;/span>
&lt;span style="color:#204a87;font-weight:bold">&amp;lt;property&lt;/span> &lt;span style="color:#c4a000">name=&lt;/span>&lt;span style="color:#4e9a06">&amp;#34;currentExporter&amp;#34;&lt;/span> &lt;span style="color:#c4a000">ref=&lt;/span>&lt;span style="color:#4e9a06">&amp;#34;reportACXlsExporter&amp;#34;&lt;/span>&lt;span style="color:#204a87;font-weight:bold">/&amp;gt;&lt;/span>
&lt;span style="color:#204a87;font-weight:bold">&amp;lt;/bean&amp;gt;&lt;/span>
&lt;/code>&lt;/pre>&lt;/div>
&lt;/div>
&lt;/div>
&lt;ol start="2">
&lt;li>
&lt;p>Locate the &lt;code>&amp;lt;util:map id=”exporterConfigMap&amp;gt;&lt;/code> element in the &lt;strong>&lt;InstallDir>\apache-tomcat\webapps\jasperserver\WEB-INF\flows\viewReportBeans.xml&lt;/strong> file and add the following lines:&lt;/p>
&lt;p>&lt;strong>XML&lt;/strong>&lt;/p>
&lt;/li>
&lt;/ol>
&lt;div class="position-relative">
&lt;div class="position-absolute" style="right:0;">
&lt;button class="btn btn-light" data-clipboard-target="#clipboard_3dc3a1b4d4">
Copy
&lt;/button>
&lt;/div>
&lt;div id="clipboard_3dc3a1b4d4">
&lt;div class="highlight">&lt;pre style="background-color:#f8f8f8;-moz-tab-size:4;-o-tab-size:4;tab-size:4">&lt;code class="language-xml" data-lang="xml">
&lt;span style="color:#204a87;font-weight:bold">&amp;lt;util:map&lt;/span> &lt;span style="color:#c4a000">id=&lt;/span>&lt;span style="color:#4e9a06">&amp;#34;exporterConfigMap&amp;#34;&lt;/span>&lt;span style="color:#204a87;font-weight:bold">&amp;gt;&lt;/span>
&lt;span style="color:#204a87;font-weight:bold">&amp;lt;entry&lt;/span> &lt;span style="color:#c4a000">key=&lt;/span>&lt;span style="color:#4e9a06">&amp;#34;pdf&amp;#34;&lt;/span> &lt;span style="color:#c4a000">value-ref=&lt;/span>&lt;span style="color:#4e9a06">&amp;#34;pdfExporterConfiguration&amp;#34;&lt;/span>&lt;span style="color:#204a87;font-weight:bold">/&amp;gt;&lt;/span>
&lt;span style="color:#204a87;font-weight:bold">&amp;lt;entry&lt;/span> &lt;span style="color:#c4a000">key=&lt;/span>&lt;span style="color:#4e9a06">&amp;#34;xls&amp;#34;&lt;/span> &lt;span style="color:#c4a000">value-ref=&lt;/span>&lt;span style="color:#4e9a06">&amp;#34;xlsExporterConfiguration&amp;#34;&lt;/span>&lt;span style="color:#204a87;font-weight:bold">/&amp;gt;&lt;/span>
&lt;span style="color:#204a87;font-weight:bold">&amp;lt;entry&lt;/span> &lt;span style="color:#c4a000">key=&lt;/span>&lt;span style="color:#4e9a06">&amp;#34;rtf&amp;#34;&lt;/span> &lt;span style="color:#c4a000">value-ref=&lt;/span>&lt;span style="color:#4e9a06">&amp;#34;rtfExporterConfiguration&amp;#34;&lt;/span>&lt;span style="color:#204a87;font-weight:bold">/&amp;gt;&lt;/span>
&lt;span style="color:#204a87;font-weight:bold">&amp;lt;entry&lt;/span> &lt;span style="color:#c4a000">key=&lt;/span>&lt;span style="color:#4e9a06">&amp;#34;csv&amp;#34;&lt;/span> &lt;span style="color:#c4a000">value-ref=&lt;/span>&lt;span style="color:#4e9a06">&amp;#34;csvExporterConfiguration&amp;#34;&lt;/span>&lt;span style="color:#204a87;font-weight:bold">/&amp;gt;&lt;/span>
&lt;span style="color:#204a87;font-weight:bold">&amp;lt;entry&lt;/span> &lt;span style="color:#c4a000">key=&lt;/span>&lt;span style="color:#4e9a06">&amp;#34;swf&amp;#34;&lt;/span> &lt;span style="color:#c4a000">value-ref=&lt;/span>&lt;span style="color:#4e9a06">&amp;#34;swfExporterConfiguration&amp;#34;&lt;/span>&lt;span style="color:#204a87;font-weight:bold">/&amp;gt;&lt;/span>
&lt;span style="color:#8f5902;font-style:italic">&amp;lt;!-- START of ADDED LINES --&amp;gt;&lt;/span>
&lt;span style="color:#204a87;font-weight:bold">&amp;lt;entry&lt;/span> &lt;span style="color:#c4a000">key=&lt;/span>&lt;span style="color:#4e9a06">&amp;#34;xls&amp;#34;&lt;/span> &lt;span style="color:#c4a000">value-ref=&lt;/span>&lt;span style="color:#4e9a06">&amp;#34;xlsACExporterConfiguration&amp;#34;&lt;/span>&lt;span style="color:#204a87;font-weight:bold">/&amp;gt;&lt;/span>
&lt;span style="color:#8f5902;font-style:italic">&amp;lt;!-- END of NEW LINES --&amp;gt;&lt;/span>
&lt;span style="color:#204a87;font-weight:bold">&amp;lt;/util:map&amp;gt;&lt;/span>
&lt;/code>&lt;/pre>&lt;/div>
&lt;/div>
&lt;/div>
&lt;ol start="3">
&lt;li>
&lt;p>Copy all GIF images from the &lt;strong>\lib&lt;/strong> folder in the &lt;strong>aspose.cells.jasperreports.zip&lt;/strong> to the *&lt;InstallDir>\apache-tomcat\webapps\jasperserver\images* folder.&lt;/p>
&lt;/li>
&lt;li>
&lt;p>Copy the &lt;strong>aspose.cells.jasperreports.jar&lt;/strong> file from the &lt;strong>\lib&lt;/strong> folder in the &lt;strong>aspose.cells.jasperreports.zip&lt;/strong> to the &lt;strong>&lt;InstallDir>\apache-tomcat\webapps\jasperserver\WEB-INF\lib\.&lt;/strong> folder.&lt;/p>
&lt;/li>
&lt;li>
&lt;p>Add the following lines to the &lt;strong>&lt;InstallDir>\apache-tomcat\webapps\jasperserver\WEB-INF\applicationContext.xml&lt;/strong> file.&lt;br>
(This bean may contain various configuration settings intended to configure the export. For example, you can use the JasperReports font mapping feature or specify the location of the Aspose.Cells for JasperReports license file.)&lt;/p>
&lt;p>&lt;strong>XML&lt;/strong>&lt;/p>
&lt;/li>
&lt;/ol>
&lt;div class="position-relative">
&lt;div class="position-absolute" style="right:0;">
&lt;button class="btn btn-light" data-clipboard-target="#clipboard_251b9cf18f">
Copy
&lt;/button>
&lt;/div>
&lt;div id="clipboard_251b9cf18f">
&lt;div class="highlight">&lt;pre style="background-color:#f8f8f8;-moz-tab-size:4;-o-tab-size:4;tab-size:4">&lt;code class="language-xml" data-lang="xml">
&lt;span style="color:#204a87;font-weight:bold">&amp;lt;bean&lt;/span> &lt;span style="color:#c4a000">id=&lt;/span>&lt;span style="color:#4e9a06">&amp;#34;excelACExportParameters&amp;#34;&lt;/span> &lt;span style="color:#c4a000">class=&lt;/span>&lt;span style="color:#4e9a06">&amp;#34;com.aspose.cells.jasperreports.ACXlsExportParametersBean&amp;#34;&lt;/span>&lt;span style="color:#204a87;font-weight:bold">&amp;gt;&lt;/span> &lt;span style="color:#8f5902;font-style:italic">&amp;lt;!-- Uncomment to apply a license. Check the license path.
&lt;/span>&lt;span style="color:#8f5902;font-style:italic">&amp;lt;property name=&amp;#34;licenseFile&amp;#34; value=&amp;#34;C:/jasperserver-3.0/apache-tomcat/webapps/jasperserver/WEB-INF/Aspose.Cells.JasperReports.lic&amp;#34;/&amp;gt;
&lt;/span>&lt;span style="color:#8f5902;font-style:italic">--&amp;gt;&lt;/span>
&lt;span style="color:#204a87;font-weight:bold">&amp;lt;/bean&amp;gt;&lt;/span>
&lt;/code>&lt;/pre>&lt;/div>
&lt;/div>
&lt;/div>
&lt;ol start="6">
&lt;li>Run JasperServer and open any report to view. If the previous steps were performed properly, additional format icons are available.&lt;/li>
&lt;/ol>
&lt;p>&lt;strong>New export formats available (on the right) after installing Aspose.Cells for JasperReports on JasperServer&lt;/strong>&lt;br>
&lt;img src="https://docs2.aspose.com/cells/jasperreports/attachments/6619174/6848537.png" alt="">&lt;/p>
&lt;h2 id="attachments">Attachments:&lt;/h2>
&lt;p>&lt;img src="https://docs2.aspose.com/cells/jasperreports/images/icons/bullet_blue.gif" alt=""> &lt;a href="https://docs2.aspose.com/cells/jasperreports/attachments/6619174/6848537.png">Integration with JasperServer-001.png&lt;/a> (image/png)&lt;/p></description></item><item><title>Jasperreports: Demos Setup</title><link>https://docs2.aspose.com/cells/jasperreports/installation/demos+setup/</link><pubDate>Mon, 01 Jan 0001 00:00:00 +0000</pubDate><guid>https://docs2.aspose.com/cells/jasperreports/installation/demos+setup/</guid><description>
&lt;p>Aspose.Cells for JasperReports : Demos Setup&lt;/p>
&lt;h1 id="asposecells-for-jasperreports--demos-setup">Aspose.Cells for JasperReports : Demos Setup&lt;/h1>
&lt;p>Aspose.Cells for JasperReports includes a number of demo projects to help you get started exporting reports to Microsoft Excel document formats from your application.&lt;/p>
&lt;p>The demos provided with Aspose.Cells for JasperReports are standard JasperReports demos modified to demonstrate the use of the new exporters.&lt;/p>
&lt;p>To run Aspose.Cells for JasperReports demos, perform the following steps:&lt;/p>
&lt;ol>
&lt;li>Download JasperReports (e.g &lt;a href="https://sourceforge.net/projects/jasperreports/files/archive/">https://sourceforge.net/projects/jasperreports/files/archive/&lt;/a>). Make sure to download the entire archived project with the source code and demos, not just a single JAR.&lt;/li>
&lt;li>Unpack the archived project to some location on your hard disk, for example C:\.&lt;/li>
&lt;li>Copy all demo folders from the \demo folder of &lt;strong>Aspose.Cells.JasperReports.zip&lt;/strong> to &lt;strong>&lt;InstallDir>\demo\samples&lt;/strong>, where &amp;ldquo;&lt;InstallDir>&amp;rdquo; is the location you have unpacked JasperReports to. This step is required because demo build scripts rely on the JasperReports’ folder structure, otherwise you will need to modify build scripts.&lt;/li>
&lt;li>Copy &lt;strong>aspose.cells.jasperreports.jar&lt;/strong> from the \lib folder of Aspose.Cells.JasperReports.zip to &lt;strong>&lt;InstallDir>\lib&lt;/strong>.&lt;/li>
&lt;li>Prepare Ant Build Tool and Ivy Dependency Manager, see &lt;strong>&lt;InstallDir>\readme.txt&lt;/strong>.&lt;/li>
&lt;li>Modify the &lt;strong>build.xml&lt;/strong> at &lt;strong>&lt;InstallDir>\demo\samples&lt;/strong>, add the aspose.cells.jasperreports.jar into the classpath:&lt;br>
&lt;strong>&lt;path id="project-classpath"> &amp;hellip; &lt;pathelement location="../../lib/aspose.cells.jasperreports.jar"/> &lt;/path>&lt;/strong>.&lt;/li>
&lt;li>Change the current directory to &lt;strong>&lt;InstallDir>\demo\hsqldb&lt;/strong> and run the following command line:&lt;br>
&lt;code>**ant runServer**&lt;/code>&lt;/li>
&lt;li>Change the current directory to one of the Aspose.Cells for JasperReports demos, for example &lt;strong>&lt;InstallDir>\demo\samples\ac.charts&lt;/strong> and run the following commands in the command line:&lt;br>
&lt;code>**ant test**&lt;/code> - to produce report files using the Aspose XLS exporter.&lt;/li>
&lt;li>Open one of the resulting documents to view, for example &lt;strong>&lt;InstallDir>\demo\samples\ac.charts\build\reports\AreaChartReport.xls&lt;/strong> in Microsoft Excel or another application.&lt;/li>
&lt;/ol></description></item></channel></rss>