<rss version="2.0" xmlns:atom="http://www.w3.org/2005/Atom"><channel><title>Documentation – Product Information</title><link>https://docs2.aspose.com/cells/sharepoint/productinformation/</link><description>Recent content in Product Information on Documentation</description><generator>Hugo -- gohugo.io</generator><atom:link href="https://docs2.aspose.com/cells/sharepoint/productinformation/index.xml" rel="self" type="application/rss+xml"/><item><title>Sharepoint: Product Overview</title><link>https://docs2.aspose.com/cells/sharepoint/productinformation/product+overview/</link><pubDate>Mon, 01 Jan 0001 00:00:00 +0000</pubDate><guid>https://docs2.aspose.com/cells/sharepoint/productinformation/product+overview/</guid><description>
&lt;p>Aspose.Cells for SharePoint : Product Overview&lt;/p>
&lt;h1 id="asposecells-for-sharepoint--product-overview">Aspose.Cells for SharePoint : Product Overview&lt;/h1>
&lt;p>&lt;img src="https://docs2.aspose.com/cells/sharepoint/attachments/thumbnails/6357010/6488065" alt="">&lt;/p>
&lt;h3 id="welcome-to-the-asposecells-for-sharepoint-documentation">Welcome to the Aspose.Cells for SharePoint Documentation!&lt;/h3>
&lt;p>Aspose.Cells for SharePoint is a flexible solution supporting spreadsheet conversion that makes it possible to convert MS Excel documents within the Microsoft SharePoint applications.&lt;/p>
&lt;p>You may convert multiple document formats, such as:&lt;/p>
&lt;ul>
&lt;li>PDF - Adobe Portable Document&lt;/li>
&lt;li>XLS - MS Excel 97~2003&lt;/li>
&lt;li>XLSX - Office Open XML&lt;/li>
&lt;li>XLSM - Office Open XML for macros enabled&lt;/li>
&lt;li>TXT - Plain Text&lt;/li>
&lt;li>XML - Microsoft Excel SpreadsheetML&lt;/li>
&lt;li>ODS - OpenDocument Spreadsheet&lt;/li>
&lt;li>CSV - Comma Separated Values&lt;/li>
&lt;li>XLSB - Excel Binary 2007&lt;/li>
&lt;li>MHtml - Multipurpose Internet Mail Extension HTML&lt;/li>
&lt;li>XPS - XML Paper Specification&lt;/li>
&lt;li>TIFF - Tagged Image File Format&lt;/li>
&lt;li>SVG - Scalable Vector Graphics&lt;/li>
&lt;li>DIF - Drawing Interchange Format&lt;/li>
&lt;/ul>
&lt;p>Aspose.Cells for SharePoint is designed to be used with the following products:&lt;/p>
&lt;ul>
&lt;li>Windows SharePoint Services 3.0 (WSS)&lt;/li>
&lt;li>Microsoft Office SharePoint Server 2007 (MOSS) Standard&lt;/li>
&lt;li>Microsoft Office SharePoint Server 2007 (MOSS) Enterprise&lt;/li>
&lt;li>Microsoft Office SharePoint Server 2010 (MOSS) Standard&lt;/li>
&lt;li>Microsoft Office SharePoint Server 2010 (MOSS) Enterprise&lt;/li>
&lt;li>Microsoft Office SharePoint Server 2013 (MOSS) Standard&lt;/li>
&lt;li>Microsoft Office SharePoint Server 2013 (MOSS) Enterprise&lt;/li>
&lt;li>Microsoft Office SharePoint Server 2016 (MOSS) Standard&lt;/li>
&lt;li>Microsoft Office SharePoint Server 2016 (MOSS) Enterprise&lt;/li>
&lt;/ul>
&lt;p>There are no additional system requirements beyond the products above.&lt;/p>
&lt;p>This documentation describes the &lt;a href="https://docs2.aspose.com/cells/sharepoint/productinformation/features/">features&lt;/a>, &lt;a href="https://docs2.aspose.com/cells/sharepoint/productinformation/install/">installation&lt;/a>, &lt;a href="https://docs2.aspose.com/cells/sharepoint/productinformation/evaluate+aspose.cells">evaluation&lt;/a>, &lt;a href="https://docs2.aspose.com/cells/sharepoint/productinformation/license/">licensing&lt;/a>, common use cases and settings of Aspose.Cells for SharePoint.&lt;/p>
&lt;p>&lt;strong>Use Aspose.Cells for SharePoint from SharePoint’s document library to convert documents&lt;/strong>&lt;/p>
&lt;p>**&lt;img src="https://docs2.aspose.com/cells/sharepoint/attachments/6357010/48496647.png" alt="">&lt;br>
**&lt;/p>
&lt;h2 id="attachments">Attachments:&lt;/h2>
&lt;p>&lt;img src="https://docs2.aspose.com/cells/sharepoint/images/icons/bullet_blue.gif" alt=""> &lt;a href="https://docs2.aspose.com/cells/sharepoint/attachments/6357010/6488069.png">Introducing Aspose.Cells for SharePoint-001.png&lt;/a> (image/png)&lt;br>
&lt;img src="https://docs2.aspose.com/cells/sharepoint/images/icons/bullet_blue.gif" alt=""> &lt;a href="https://docs2.aspose.com/cells/sharepoint/attachments/6357010/6488067.png">Introducing Aspose.Cells for SharePoint-002.png&lt;/a> (image/png)&lt;br>
&lt;img src="https://docs2.aspose.com/cells/sharepoint/images/icons/bullet_blue.gif" alt=""> &lt;a href="https://docs2.aspose.com/cells/sharepoint/attachments/6357010/6488068.png">aspose.Cells-SP_logo.png&lt;/a> (image/png)&lt;br>
&lt;img src="https://docs2.aspose.com/cells/sharepoint/images/icons/bullet_blue.gif" alt=""> &lt;a href="https://docs2.aspose.com/cells/sharepoint/attachments/6357010/6488065.png">aspose-Cells-for-SharePoint.png&lt;/a> (image/png)&lt;br>
&lt;img src="https://docs2.aspose.com/cells/sharepoint/images/icons/bullet_blue.gif" alt=""> &lt;a href="https://docs2.aspose.com/cells/sharepoint/attachments/6357010/48496647.png">product_overview1.png&lt;/a> (image/png)&lt;/p></description></item><item><title>Sharepoint: Supported File Formats</title><link>https://docs2.aspose.com/cells/sharepoint/productinformation/supported+file+formats/</link><pubDate>Mon, 01 Jan 0001 00:00:00 +0000</pubDate><guid>https://docs2.aspose.com/cells/sharepoint/productinformation/supported+file+formats/</guid><description>
&lt;p>Aspose.Cells for SharePoint : Supported File Formats&lt;/p>
&lt;h1 id="asposecells-for-sharepoint--supported-file-formats">Aspose.Cells for SharePoint : Supported File Formats&lt;/h1>
&lt;p>
&lt;div class="card my-3 border-top-0 border-right-0 border-bottom-0 border-left border-primary rounded" style="border-width:4px !important;">
&lt;div class="wrap border border-left-0 rounded">
&lt;div class="card-header border-0 bg-white pl-3 text-primary">
&lt;h3>Contents Summary&lt;/h3>
&lt;/div>
&lt;div class="card-body pt-1">
&lt;ul>
&lt;li>1 &lt;a href="#supported-file-formats">Supported File Formats&lt;/a>&lt;/li>
&lt;/ul>
&lt;/div>
&lt;/div>
&lt;/div>
 &lt;/p>
&lt;p> &lt;/p>
&lt;h2 id="supported-file-formats">Supported File Formats&lt;/h2>
&lt;div class="table table-striped" role="alert">
&lt;table>
&lt;thead>
&lt;tr>
&lt;th align="left">Format&lt;/th>
&lt;th align="left">Description&lt;/th>
&lt;th align="left">Load&lt;/th>
&lt;th align="left">Save&lt;/th>
&lt;/tr>
&lt;/thead>
&lt;tbody>
&lt;tr>
&lt;td align="left">&lt;a href="https://wiki.fileformat.com/spreadsheet/xls/">XLS&lt;/a>&lt;/td>
&lt;td align="left">Excel 95/5.0 - 2003 Workbook.&lt;/td>
&lt;td align="left">&lt;img src="s/en_GB-1988229788/4108/b47156ace146e4f759b49ef98258cb637bdd5af8.5/_/images/icons/emoticons/check.png" alt="(tick)">&lt;/td>
&lt;td align="left">&lt;img src="s/en_GB-1988229788/4108/b47156ace146e4f759b49ef98258cb637bdd5af8.5/_/images/icons/emoticons/check.png" alt="(tick)">&lt;/td>
&lt;/tr>
&lt;tr>
&lt;td align="left">&lt;a href="https://wiki.fileformat.com/spreadsheet/xlsx/">XLSX&lt;/a>&lt;/td>
&lt;td align="left">Office Open XML SpreadsheetML Workbook or template file, with or without macros.&lt;/td>
&lt;td align="left">&lt;img src="s/en_GB-1988229788/4108/b47156ace146e4f759b49ef98258cb637bdd5af8.5/_/images/icons/emoticons/check.png" alt="(tick)">&lt;/td>
&lt;td align="left">&lt;img src="s/en_GB-1988229788/4108/b47156ace146e4f759b49ef98258cb637bdd5af8.5/_/images/icons/emoticons/check.png" alt="(tick)">&lt;/td>
&lt;/tr>
&lt;tr>
&lt;td align="left">&lt;a href="https://wiki.fileformat.com/spreadsheet/xlsb/">XLSB&lt;/a>&lt;/td>
&lt;td align="left">Excel Binary Workbook.&lt;/td>
&lt;td align="left">&lt;img src="s/en_GB-1988229788/4108/b47156ace146e4f759b49ef98258cb637bdd5af8.5/_/images/icons/emoticons/check.png" alt="(tick)">&lt;/td>
&lt;td align="left">&lt;img src="s/en_GB-1988229788/4108/b47156ace146e4f759b49ef98258cb637bdd5af8.5/_/images/icons/emoticons/check.png" alt="(tick)">&lt;/td>
&lt;/tr>
&lt;tr>
&lt;td align="left">&lt;a href="https://wiki.fileformat.com/spreadsheet/xlsm/">XLSM&lt;/a>&lt;/td>
&lt;td align="left">Excel Macro-Enabled Workbook.&lt;/td>
&lt;td align="left">&lt;img src="s/en_GB-1988229788/4108/b47156ace146e4f759b49ef98258cb637bdd5af8.5/_/images/icons/emoticons/check.png" alt="(tick)">&lt;/td>
&lt;td align="left">&lt;img src="s/en_GB-1988229788/4108/b47156ace146e4f759b49ef98258cb637bdd5af8.5/_/images/icons/emoticons/check.png" alt="(tick)">&lt;/td>
&lt;/tr>
&lt;tr>
&lt;td align="left">&lt;a href="https://wiki.fileformat.com/spreadsheet/xltx/">XLTX&lt;/a>&lt;/td>
&lt;td align="left">Excel Template.&lt;/td>
&lt;td align="left">&lt;img src="s/en_GB-1988229788/4108/b47156ace146e4f759b49ef98258cb637bdd5af8.5/_/images/icons/emoticons/check.png" alt="(tick)">&lt;/td>
&lt;td align="left">&lt;img src="s/en_GB-1988229788/4108/b47156ace146e4f759b49ef98258cb637bdd5af8.5/_/images/icons/emoticons/check.png" alt="(tick)">&lt;/td>
&lt;/tr>
&lt;tr>
&lt;td align="left">&lt;a href="https://wiki.fileformat.com/spreadsheet/xltm/">XLTM&lt;/a>&lt;/td>
&lt;td align="left">Excel Macro-Enabled Template.&lt;/td>
&lt;td align="left">&lt;img src="s/en_GB-1988229788/4108/b47156ace146e4f759b49ef98258cb637bdd5af8.5/_/images/icons/emoticons/check.png" alt="(tick)">&lt;/td>
&lt;td align="left">&lt;img src="s/en_GB-1988229788/4108/b47156ace146e4f759b49ef98258cb637bdd5af8.5/_/images/icons/emoticons/check.png" alt="(tick)">&lt;/td>
&lt;/tr>
&lt;tr>
&lt;td align="left">&lt;a href="https://wiki.fileformat.com/web/xml/">XML&lt;/a>&lt;/td>
&lt;td align="left">Extensible Markup Language&lt;/td>
&lt;td align="left">&lt;img src="s/en_GB-1988229788/4108/b47156ace146e4f759b49ef98258cb637bdd5af8.5/_/images/icons/emoticons/check.png" alt="(tick)">&lt;/td>
&lt;td align="left">&lt;img src="s/en_GB-1988229788/4108/b47156ace146e4f759b49ef98258cb637bdd5af8.5/_/images/icons/emoticons/check.png" alt="(tick)">&lt;/td>
&lt;/tr>
&lt;tr>
&lt;td align="left">&lt;a href="https://wiki.fileformat.com/spreadsheet/csv/">CSV&lt;/a>&lt;/td>
&lt;td align="left">CSV (Comma Separated Value) file.&lt;/td>
&lt;td align="left">&lt;img src="s/en_GB-1988229788/4108/b47156ace146e4f759b49ef98258cb637bdd5af8.5/_/images/icons/emoticons/check.png" alt="(tick)">&lt;/td>
&lt;td align="left">&lt;img src="s/en_GB-1988229788/4108/b47156ace146e4f759b49ef98258cb637bdd5af8.5/_/images/icons/emoticons/check.png" alt="(tick)">&lt;/td>
&lt;/tr>
&lt;tr>
&lt;td align="left">&lt;a href="https://wiki.fileformat.com/spreadsheet/tsv/">TSV&lt;/a>&lt;/td>
&lt;td align="left">TSV (Tab-separated values) file.&lt;/td>
&lt;td align="left">&lt;img src="s/en_GB-1988229788/4108/b47156ace146e4f759b49ef98258cb637bdd5af8.5/_/images/icons/emoticons/check.png" alt="(tick)">&lt;/td>
&lt;td align="left">&lt;img src="s/en_GB-1988229788/4108/b47156ace146e4f759b49ef98258cb637bdd5af8.5/_/images/icons/emoticons/check.png" alt="(tick)">&lt;/td>
&lt;/tr>
&lt;tr>
&lt;td align="left">TabDelimited&lt;/td>
&lt;td align="left">Tab-delimited text file, same with TSV file.&lt;/td>
&lt;td align="left">&lt;img src="s/en_GB-1988229788/4108/b47156ace146e4f759b49ef98258cb637bdd5af8.5/_/images/icons/emoticons/check.png" alt="(tick)">&lt;/td>
&lt;td align="left">&lt;img src="s/en_GB-1988229788/4108/b47156ace146e4f759b49ef98258cb637bdd5af8.5/_/images/icons/emoticons/check.png" alt="(tick)">&lt;/td>
&lt;/tr>
&lt;tr>
&lt;td align="left">&lt;a href="https://wiki.fileformat.com/word-processing/txt/">TXT&lt;/a>&lt;/td>
&lt;td align="left">Delimited plain text file.&lt;/td>
&lt;td align="left">&lt;img src="s/en_GB-1988229788/4108/b47156ace146e4f759b49ef98258cb637bdd5af8.5/_/images/icons/emoticons/check.png" alt="(tick)">&lt;/td>
&lt;td align="left">&lt;img src="s/en_GB-1988229788/4108/b47156ace146e4f759b49ef98258cb637bdd5af8.5/_/images/icons/emoticons/check.png" alt="(tick)">&lt;/td>
&lt;/tr>
&lt;tr>
&lt;td align="left">&lt;a href="https://wiki.fileformat.com/web/html/">HTML&lt;/a>&lt;/td>
&lt;td align="left">HTML format.&lt;/td>
&lt;td align="left">&lt;img src="s/en_GB-1988229788/4108/b47156ace146e4f759b49ef98258cb637bdd5af8.5/_/images/icons/emoticons/check.png" alt="(tick)">&lt;/td>
&lt;td align="left">&lt;img src="s/en_GB-1988229788/4108/b47156ace146e4f759b49ef98258cb637bdd5af8.5/_/images/icons/emoticons/check.png" alt="(tick)">&lt;/td>
&lt;/tr>
&lt;tr>
&lt;td align="left">&lt;a href="https://wiki.fileformat.com/web/mhtml/">MHTML&lt;/a>&lt;/td>
&lt;td align="left">MHTML file.&lt;/td>
&lt;td align="left">&lt;img src="s/en_GB-1988229788/4108/b47156ace146e4f759b49ef98258cb637bdd5af8.5/_/images/icons/emoticons/check.png" alt="(tick)">&lt;/td>
&lt;td align="left">&lt;img src="s/en_GB-1988229788/4108/b47156ace146e4f759b49ef98258cb637bdd5af8.5/_/images/icons/emoticons/check.png" alt="(tick)">&lt;/td>
&lt;/tr>
&lt;tr>
&lt;td align="left">&lt;a href="https://wiki.fileformat.com/spreadsheet/ods/">ODS&lt;/a>&lt;/td>
&lt;td align="left">ODS (OpenDocument Spreadsheet).&lt;/td>
&lt;td align="left">&lt;img src="s/en_GB-1988229788/4108/b47156ace146e4f759b49ef98258cb637bdd5af8.5/_/images/icons/emoticons/check.png" alt="(tick)">&lt;/td>
&lt;td align="left">&lt;img src="s/en_GB-1988229788/4108/b47156ace146e4f759b49ef98258cb637bdd5af8.5/_/images/icons/emoticons/check.png" alt="(tick)">&lt;/td>
&lt;/tr>
&lt;tr>
&lt;td align="left">&lt;a href="https://wiki.fileformat.com/view/pdf/">PDF&lt;/a>&lt;/td>
&lt;td align="left">Adobe Portable Document Format.&lt;/td>
&lt;td align="left"> &lt;/td>
&lt;td align="left">&lt;img src="s/en_GB-1988229788/4108/b47156ace146e4f759b49ef98258cb637bdd5af8.5/_/images/icons/emoticons/check.png" alt="(tick)">&lt;/td>
&lt;/tr>
&lt;tr>
&lt;td align="left">&lt;a href="https://wiki.fileformat.com/page-description-language/xps/">XPS&lt;/a>&lt;/td>
&lt;td align="left">XML Paper Specification Format.&lt;/td>
&lt;td align="left"> &lt;/td>
&lt;td align="left">&lt;img src="s/en_GB-1988229788/4108/b47156ace146e4f759b49ef98258cb637bdd5af8.5/_/images/icons/emoticons/check.png" alt="(tick)">&lt;/td>
&lt;/tr>
&lt;tr>
&lt;td align="left">&lt;a href="https://wiki.fileformat.com/page-description-language/svg/">SVG&lt;/a>&lt;/td>
&lt;td align="left">Scalable Vector Graphics Format.&lt;/td>
&lt;td align="left"> &lt;/td>
&lt;td align="left">&lt;img src="s/en_GB-1988229788/4108/b47156ace146e4f759b49ef98258cb637bdd5af8.5/_/images/icons/emoticons/check.png" alt="(tick)">&lt;/td>
&lt;/tr>
&lt;tr>
&lt;td align="left">&lt;a href="https://wiki.fileformat.com/image/tiff/">TIFF&lt;/a>&lt;/td>
&lt;td align="left">Tagged Image File Format&lt;/td>
&lt;td align="left"> &lt;/td>
&lt;td align="left">&lt;img src="s/en_GB-1988229788/4108/b47156ace146e4f759b49ef98258cb637bdd5af8.5/_/images/icons/emoticons/check.png" alt="(tick)">&lt;/td>
&lt;/tr>
&lt;tr>
&lt;td align="left">&lt;a href="https://wiki.fileformat.com/image/png/">PNG&lt;/a>&lt;/td>
&lt;td align="left">Portable Network Graphics Format&lt;/td>
&lt;td align="left"> &lt;/td>
&lt;td align="left">&lt;img src="s/en_GB-1988229788/4108/b47156ace146e4f759b49ef98258cb637bdd5af8.5/_/images/icons/emoticons/check.png" alt="(tick)">&lt;/td>
&lt;/tr>
&lt;tr>
&lt;td align="left">&lt;a href="https://wiki.fileformat.com/image/bmp/">BMP&lt;/a>&lt;/td>
&lt;td align="left">Bitmap Image Format&lt;/td>
&lt;td align="left"> &lt;/td>
&lt;td align="left">&lt;img src="s/en_GB-1988229788/4108/b47156ace146e4f759b49ef98258cb637bdd5af8.5/_/images/icons/emoticons/check.png" alt="(tick)">&lt;/td>
&lt;/tr>
&lt;tr>
&lt;td align="left">&lt;a href="https://wiki.fileformat.com/image/emf/">EMF&lt;/a>&lt;/td>
&lt;td align="left">Enhanced metafile Format&lt;/td>
&lt;td align="left"> &lt;/td>
&lt;td align="left">&lt;img src="s/en_GB-1988229788/4108/b47156ace146e4f759b49ef98258cb637bdd5af8.5/_/images/icons/emoticons/check.png" alt="(tick)">&lt;/td>
&lt;/tr>
&lt;tr>
&lt;td align="left">&lt;a href="https://wiki.fileformat.com/image/jpeg/">JPEG&lt;/a>&lt;/td>
&lt;td align="left">JPEG is a type of image format that is saved using the method of lossy compression.&lt;/td>
&lt;td align="left"> &lt;/td>
&lt;td align="left">&lt;img src="s/en_GB-1988229788/4108/b47156ace146e4f759b49ef98258cb637bdd5af8.5/_/images/icons/emoticons/check.png" alt="(tick)">&lt;/td>
&lt;/tr>
&lt;tr>
&lt;td align="left">&lt;a href="https://wiki.fileformat.com/image/gif/">GIF&lt;/a>&lt;/td>
&lt;td align="left">Graphical Interchange Format&lt;/td>
&lt;td align="left"> &lt;/td>
&lt;td align="left">&lt;img src="s/en_GB-1988229788/4108/b47156ace146e4f759b49ef98258cb637bdd5af8.5/_/images/icons/emoticons/check.png" alt="(tick)">&lt;/td>
&lt;/tr>
&lt;/tbody>
&lt;/table>
&lt;/div></description></item><item><title>Sharepoint: Features</title><link>https://docs2.aspose.com/cells/sharepoint/productinformation/features/</link><pubDate>Mon, 01 Jan 0001 00:00:00 +0000</pubDate><guid>https://docs2.aspose.com/cells/sharepoint/productinformation/features/</guid><description>
&lt;p>Aspose.Cells for SharePoint : Features&lt;/p>
&lt;h1 id="asposecells-for-sharepoint--features">Aspose.Cells for SharePoint : Features&lt;/h1>
&lt;h6 id="this-section-includes-the-following-topics">This section includes the following topics:&lt;/h6>
&lt;ul>
&lt;li>&lt;a href="https://docs2.aspose.com/cells/sharepoint/productinformation/features/multiple+format+support">Multiple Format Support&lt;/a>&lt;/li>
&lt;li>&lt;a href="https://docs2.aspose.com/cells/sharepoint/productinformation/features/world+class+free+technical+support">World Class Free Technical Support&lt;/a>&lt;/li>
&lt;li>&lt;a href="https://docs2.aspose.com/cells/sharepoint/productinformation/features/conversion+options">Conversion Options&lt;/a>&lt;/li>
&lt;li>&lt;a href="https://docs2.aspose.com/cells/sharepoint/productinformation/features/previewing+document">Previewing document&lt;/a>&lt;/li>
&lt;li>&lt;a href="https://docs2.aspose.com/cells/sharepoint/productinformation/features/aspose+tools+toolbar+-+only+supported+in+sharepoint+2010">Aspose Tools Toolbar - only supported in SharePoint 2010&lt;/a>&lt;/li>
&lt;li>&lt;a href="https://docs2.aspose.com/cells/sharepoint/productinformation/features/search+in+a+document">Search in a Document&lt;/a>&lt;/li>
&lt;li>&lt;a href="https://docs2.aspose.com/cells/sharepoint/productinformation/features/add+watermark+to+excel+document">Add Watermark to Excel document&lt;/a>&lt;/li>
&lt;li>&lt;a href="https://docs2.aspose.com/cells/sharepoint/productinformation/features/add+footer+to+excel+document">Add Footer to Excel document&lt;/a>&lt;/li>
&lt;/ul>
&lt;h2 id="attachments">Attachments:&lt;/h2>
&lt;p>&lt;img src="https://docs2.aspose.com/cells/sharepoint/images/icons/bullet_blue.gif" alt=""> &lt;a href="https://docs2.aspose.com/cells/sharepoint/attachments/6357009/6488073.png">Multiple formats support-001.png&lt;/a> (image/png)&lt;br>
&lt;img src="https://docs2.aspose.com/cells/sharepoint/images/icons/bullet_blue.gif" alt=""> &lt;a href="https://docs2.aspose.com/cells/sharepoint/attachments/6357009/6488071.png">World Class Free Technical Support-001.png&lt;/a> (image/png)&lt;br>
&lt;img src="https://docs2.aspose.com/cells/sharepoint/images/icons/bullet_blue.gif" alt=""> &lt;a href="https://docs2.aspose.com/cells/sharepoint/attachments/6357009/6488085.png">diff_conversion1.png&lt;/a> (image/png)&lt;br>
&lt;img src="https://docs2.aspose.com/cells/sharepoint/images/icons/bullet_blue.gif" alt=""> &lt;a href="https://docs2.aspose.com/cells/sharepoint/attachments/6357009/6488081.png">previewing_doc1.png&lt;/a> (image/png)&lt;br>
&lt;img src="https://docs2.aspose.com/cells/sharepoint/images/icons/bullet_blue.gif" alt=""> &lt;a href="https://docs2.aspose.com/cells/sharepoint/attachments/6357009/6488080.png">previewing_doc2.png&lt;/a> (image/png)&lt;br>
&lt;img src="https://docs2.aspose.com/cells/sharepoint/images/icons/bullet_blue.gif" alt=""> &lt;a href="https://docs2.aspose.com/cells/sharepoint/attachments/6357009/6488079.png">previewing_doc3.png&lt;/a> (image/png)&lt;br>
&lt;img src="https://docs2.aspose.com/cells/sharepoint/images/icons/bullet_blue.gif" alt=""> &lt;a href="https://docs2.aspose.com/cells/sharepoint/attachments/6357009/6488090.png">aspose_tools.png&lt;/a> (image/png)&lt;br>
&lt;img src="https://docs2.aspose.com/cells/sharepoint/images/icons/bullet_blue.gif" alt=""> &lt;a href="https://docs2.aspose.com/cells/sharepoint/attachments/6357009/6488086.png">search_in1.png&lt;/a> (image/png)&lt;br>
&lt;img src="https://docs2.aspose.com/cells/sharepoint/images/icons/bullet_blue.gif" alt=""> &lt;a href="https://docs2.aspose.com/cells/sharepoint/attachments/6357009/6488087.png">search_in2.png&lt;/a> (image/png)&lt;br>
&lt;img src="https://docs2.aspose.com/cells/sharepoint/images/icons/bullet_blue.gif" alt=""> &lt;a href="https://docs2.aspose.com/cells/sharepoint/attachments/6357009/6488088.png">search_in3.png&lt;/a> (image/png)&lt;/p></description></item><item><title>Sharepoint: System Requirements</title><link>https://docs2.aspose.com/cells/sharepoint/productinformation/system+requirements/</link><pubDate>Mon, 01 Jan 0001 00:00:00 +0000</pubDate><guid>https://docs2.aspose.com/cells/sharepoint/productinformation/system+requirements/</guid><description>
&lt;p>Aspose.Cells for SharePoint : System Requirements&lt;/p>
&lt;h1 id="asposecells-for-sharepoint--system-requirements">Aspose.Cells for SharePoint : System Requirements&lt;/h1>
&lt;h3 id="server-requirements">Server Requirements&lt;/h3>
&lt;p>To install Aspose.Cells for SharePoint you need a computer running one of the following:&lt;/p>
&lt;ul>
&lt;li>Windows SharePoint Services 3.0&lt;/li>
&lt;li>Microsoft Office SharePoint Server 2007&lt;/li>
&lt;li>Microsoft SharePoint Server 2010&lt;/li>
&lt;li>Microsoft SharePoint Server 2013&lt;/li>
&lt;/ul>
&lt;p>WE recommend that you installing Service Pack 2 or later for these products.&lt;/p>
&lt;h3 id="client-requirements">Client Requirements&lt;/h3>
&lt;p>You need a browser to access SharePoint sites. Aspose.Cells for SharePoint is tested with:&lt;/p>
&lt;ul>
&lt;li>Microsoft Internet Explorer&lt;/li>
&lt;li>Mozilla FireFox&lt;/li>
&lt;li>Google Chrome&lt;/li>
&lt;li>Safari&lt;/li>
&lt;/ul></description></item><item><title>Sharepoint: Install Aspose.Cells for SharePoint</title><link>https://docs2.aspose.com/cells/sharepoint/productinformation/install/</link><pubDate>Mon, 01 Jan 0001 00:00:00 +0000</pubDate><guid>https://docs2.aspose.com/cells/sharepoint/productinformation/install/</guid><description>
&lt;p>Aspose.Cells for SharePoint : Install Aspose.Cells for SharePoint&lt;/p>
&lt;h1 id="asposecells-for-sharepoint--install-asposecells-for-sharepoint">Aspose.Cells for SharePoint : Install Aspose.Cells for SharePoint&lt;/h1>
&lt;h6 id="this-section-includes-the-following-topics">This section includes the following topics:&lt;/h6>
&lt;ul>
&lt;li>&lt;a href="https://docs2.aspose.com/cells/sharepoint/productinformation/install/installing+aspose.cells+for+sharepoint">Installing Aspose.Cells for SharePoint&lt;/a>&lt;/li>
&lt;li>&lt;a href="https://docs2.aspose.com/cells/sharepoint/productinformation/install/deployment+and+activation">Deployment and Activation&lt;/a>&lt;/li>
&lt;li>&lt;a href="https://docs2.aspose.com/cells/sharepoint/productinformation/install/activation+and+deactivation+after+installation">Activation and Deactivation after installation&lt;/a>&lt;/li>
&lt;li>&lt;a href="https://docs2.aspose.com/cells/sharepoint/productinformation/install/known+issue+-+permissions+to+personal+site+collections">Known Issue - Permissions to Personal Site Collections&lt;/a>&lt;/li>
&lt;li>&lt;a href="https://docs2.aspose.com/cells/sharepoint/productinformation/install/uninstalling+aspose.cells+for+sharepoint">Uninstalling Aspose.Cells for SharePoint&lt;/a>&lt;/li>
&lt;/ul>
&lt;h2 id="attachments">Attachments:&lt;/h2>
&lt;p>&lt;img src="https://docs2.aspose.com/cells/sharepoint/images/icons/bullet_blue.gif" alt=""> &lt;a href="https://docs2.aspose.com/cells/sharepoint/attachments/6357013/6488094.png">Installing Aspose.Cells for SharePoint-001.png&lt;/a> (image/png)&lt;br>
&lt;img src="https://docs2.aspose.com/cells/sharepoint/images/icons/bullet_blue.gif" alt=""> &lt;a href="https://docs2.aspose.com/cells/sharepoint/attachments/6357013/6488095.png">Installing Aspose.Cells for SharePoint-002.png&lt;/a> (image/png)&lt;br>
&lt;img src="https://docs2.aspose.com/cells/sharepoint/images/icons/bullet_blue.gif" alt=""> &lt;a href="https://docs2.aspose.com/cells/sharepoint/attachments/6357013/6488096.png">Installing Aspose.Cells for SharePoint-003.png&lt;/a> (image/png)&lt;br>
&lt;img src="https://docs2.aspose.com/cells/sharepoint/images/icons/bullet_blue.gif" alt=""> &lt;a href="https://docs2.aspose.com/cells/sharepoint/attachments/6357013/6488097.png">Installing Aspose.Cells for SharePoint-004.png&lt;/a> (image/png)&lt;br>
&lt;img src="https://docs2.aspose.com/cells/sharepoint/images/icons/bullet_blue.gif" alt=""> &lt;a href="https://docs2.aspose.com/cells/sharepoint/attachments/6357013/6488107.png">Installing Aspose.Cells for SharePoint-005.png&lt;/a> (image/png)&lt;br>
&lt;img src="https://docs2.aspose.com/cells/sharepoint/images/icons/bullet_blue.gif" alt=""> &lt;a href="https://docs2.aspose.com/cells/sharepoint/attachments/6357013/6488109.png">Activation and Deactivation after installation-001.png&lt;/a> (image/png)&lt;br>
&lt;img src="https://docs2.aspose.com/cells/sharepoint/images/icons/bullet_blue.gif" alt=""> &lt;a href="https://docs2.aspose.com/cells/sharepoint/attachments/6357013/6488103.png">A known issue regarding permissions to the personal site collections-001.png&lt;/a> (image/png)&lt;br>
&lt;img src="https://docs2.aspose.com/cells/sharepoint/images/icons/bullet_blue.gif" alt=""> &lt;a href="https://docs2.aspose.com/cells/sharepoint/attachments/6357013/6488105.png">Uninstalling Aspose.Cells for SharePoint-001.png&lt;/a> (image/png)&lt;/p></description></item><item><title>Sharepoint: Evaluate Aspose.Cells</title><link>https://docs2.aspose.com/cells/sharepoint/productinformation/evaluate+aspose.cells/</link><pubDate>Mon, 01 Jan 0001 00:00:00 +0000</pubDate><guid>https://docs2.aspose.com/cells/sharepoint/productinformation/evaluate+aspose.cells/</guid><description>
&lt;p>Aspose.Cells for SharePoint : Evaluate Aspose.Cells&lt;/p>
&lt;h1 id="asposecells-for-sharepoint--evaluate-asposecells">Aspose.Cells for SharePoint : Evaluate Aspose.Cells&lt;/h1>
&lt;p>The evaluation version of Aspose.Cells for SharePoint has no time limit and free technical support is available for evaluation users too.&lt;/p>
&lt;p>The download for both evaluation and full versions of Aspose.Cells for SharePoint is the same. Simply download Aspose.Cells for SharePoint from the &lt;a href="http://www.aspose.com/community/files/73/sharepoint-components/aspose.cells-for-sharepoint/default.aspx">download page&lt;/a> and &lt;a href="https://docs2.aspose.com/cells/sharepoint/productinformation/install/">install it&lt;/a>. Aspose.Cells works in evaluation mode by default.&lt;/p>
&lt;h3 id="evaluation-version-limitations">Evaluation Version Limitations&lt;/h3>
&lt;p>Evaluation mode adds an evaluation warning into any exported documents. When you have purchased a license, simply &lt;a href="https://docs2.aspose.com/cells/sharepoint/productinformation/license/installing+aspose.cells+for+sharepoint+license">install the license&lt;/a> and it will work in licensed mode.&lt;/p>
&lt;p>&lt;strong>In evaluation mode, Aspose.Cells for SharePoint injects an Evaluation Warning&lt;/strong>&lt;br>
&lt;img src="https://docs2.aspose.com/cells/sharepoint/attachments/6356996/6488104.png" alt="">&lt;/p>
&lt;h2 id="attachments">Attachments:&lt;/h2>
&lt;p>&lt;img src="https://docs2.aspose.com/cells/sharepoint/images/icons/bullet_blue.gif" alt=""> &lt;a href="https://docs2.aspose.com/cells/sharepoint/attachments/6356996/6488104.png">Evaluate Aspose.Cells for SharePoint-001.png&lt;/a> (image/png)&lt;/p></description></item><item><title>Sharepoint: License Aspose.Cells for SharePoint</title><link>https://docs2.aspose.com/cells/sharepoint/productinformation/license/</link><pubDate>Mon, 01 Jan 0001 00:00:00 +0000</pubDate><guid>https://docs2.aspose.com/cells/sharepoint/productinformation/license/</guid><description>
&lt;p>Aspose.Cells for SharePoint : License Aspose.Cells for SharePoint&lt;/p>
&lt;h1 id="asposecells-for-sharepoint--license-asposecells-for-sharepoint">Aspose.Cells for SharePoint : License Aspose.Cells for SharePoint&lt;/h1>
&lt;h6 id="this-section-includes-the-following-topics">This section includes the following topics:&lt;/h6>
&lt;ul>
&lt;li>&lt;a href="https://docs2.aspose.com/cells/sharepoint/productinformation/license/installing+aspose.cells+for+sharepoint+license">Installing Aspose.Cells for SharePoint License&lt;/a>&lt;/li>
&lt;li>&lt;a href="https://docs2.aspose.com/cells/sharepoint/productinformation/license/testing+a+license">Testing a License&lt;/a>&lt;/li>
&lt;li>&lt;a href="https://docs2.aspose.com/cells/sharepoint/productinformation/license/uninstalling+aspose.cells+for+sharepoint+license">Uninstalling Aspose.Cells for SharePoint License&lt;/a>&lt;/li>
&lt;/ul></description></item></channel></rss>