<rss version="2.0" xmlns:atom="http://www.w3.org/2005/Atom"><channel><title>Documentation – Features</title><link>https://docs2.aspose.com/cells/reportingservices/gettingstarted/features/</link><description>Recent content in Features on Documentation</description><generator>Hugo -- gohugo.io</generator><atom:link href="https://docs2.aspose.com/cells/reportingservices/gettingstarted/features/index.xml" rel="self" type="application/rss+xml"/><item><title>Reportingservices: More Excel File Formats Export</title><link>https://docs2.aspose.com/cells/reportingservices/gettingstarted/features/more+excel+file+formats+export/</link><pubDate>Mon, 01 Jan 0001 00:00:00 +0000</pubDate><guid>https://docs2.aspose.com/cells/reportingservices/gettingstarted/features/more+excel+file+formats+export/</guid><description>
&lt;p>Aspose.Cells for Reporting Services : More Excel File Formats Export&lt;/p>
&lt;h1 id="asposecells-for-reporting-services--more-excel-file-formats-export">Aspose.Cells for Reporting Services : More Excel File Formats Export&lt;/h1>
&lt;p>Aspose.Cells for Reporting Services allows you to deliver native Microsoft Excel reports through Microsoft SQL Server 2005 and 2008 Reporting Services. Unlike the built-in renderer for Microsoft Excel-based reports, Aspose.Cells for Reporting Services provides an extended feature set that convert RDL reports to: Excel 97-2003 binary XLS format, CSV, SpreadsheetML, Excel 2007 XLSX , Excel 2007 XLSM, Excel 2007 XLSB, HTML and ODS format.&lt;/p>
&lt;p>Aspose.Cells for Reporting Services supports more file formats than the native exporters. Below, are screenshots from sample XLS reports exported with Aspose.Cells.&lt;/p>
&lt;p>&lt;strong>A Sample XLS report is exported using Aspose.Cells for Reporting Services&lt;/strong>&lt;br>
&lt;img src="https://docs2.aspose.com/cells/reportingservices/attachments/6094896/6193557.png" alt="">&lt;/p>
&lt;p>&lt;strong>A Sample Pivot Table XLS report is generated using Aspose.Cells for Reporting Services&lt;/strong>&lt;br>
&lt;img src="https://docs2.aspose.com/cells/reportingservices/attachments/6094896/6193556.png" alt="">&lt;/p>
&lt;h2 id="attachments">Attachments:&lt;/h2>
&lt;p>&lt;img src="https://docs2.aspose.com/cells/reportingservices/images/icons/bullet_blue.gif" alt=""> &lt;a href="https://docs2.aspose.com/cells/reportingservices/attachments/6094896/6193557.png">More Excel File Formats Export-001.png&lt;/a> (image/png)&lt;br>
&lt;img src="https://docs2.aspose.com/cells/reportingservices/images/icons/bullet_blue.gif" alt=""> &lt;a href="https://docs2.aspose.com/cells/reportingservices/attachments/6094896/6193556.png">More Excel File Formats Export-002.png&lt;/a> (image/png)&lt;/p></description></item><item><title>Reportingservices: Comprehensive RDL Support</title><link>https://docs2.aspose.com/cells/reportingservices/gettingstarted/features/comprehensive+rdl+support/</link><pubDate>Mon, 01 Jan 0001 00:00:00 +0000</pubDate><guid>https://docs2.aspose.com/cells/reportingservices/gettingstarted/features/comprehensive+rdl+support/</guid><description>
&lt;p>Aspose.Cells for Reporting Services : Comprehensive RDL Support&lt;/p>
&lt;h1 id="asposecells-for-reporting-services--comprehensive-rdl-support">Aspose.Cells for Reporting Services : Comprehensive RDL Support&lt;/h1>
&lt;p>Aspose.Cells for Reporting Services fully supports the RDL specification. This means that you can easily port existing RDL reports to an Aspose solution.&lt;/p>
&lt;h3 id="supported-rdl-elements">Supported RDL Elements&lt;/h3>
&lt;p>Aspose.Cells supports the following RDL elements:&lt;/p>
&lt;ul>
&lt;li>Page, headers, footers&lt;/li>
&lt;li>Textboxes&lt;/li>
&lt;li>Images&lt;/li>
&lt;li>Charts&lt;/li>
&lt;li>Lists&lt;/li>
&lt;li>Tables&lt;/li>
&lt;li>Matrices&lt;/li>
&lt;li>Styles&lt;/li>
&lt;li>Rectangles, lines&lt;/li>
&lt;li>Subreports&lt;/li>
&lt;li>Tablix&lt;/li>
&lt;li>Gauge&lt;/li>
&lt;/ul></description></item><item><title>Reportingservices: Make Use of Report Designer Client Tool</title><link>https://docs2.aspose.com/cells/reportingservices/gettingstarted/features/make+use+of+report+designer+client+tool/</link><pubDate>Mon, 01 Jan 0001 00:00:00 +0000</pubDate><guid>https://docs2.aspose.com/cells/reportingservices/gettingstarted/features/make+use+of+report+designer+client+tool/</guid><description>
&lt;p>Aspose.Cells for Reporting Services : Make Use of Report Designer Client Tool&lt;/p>
&lt;h1 id="asposecells-for-reporting-services--make-use-of-report-designer-client-tool">Aspose.Cells for Reporting Services : Make Use of Report Designer Client Tool&lt;/h1>
&lt;p>Users can design and deliver reports into Microsoft Excel directly using Aspose.Cells.Report.Designer, a simple and easy-to-use tool. They don&amp;rsquo;t need to use Visual Studio to create reports but can save the cost of buying additional Visual Studio licenses and does not have to spend time learning how to use a complex development environment.&lt;/p>
&lt;p>Since Aspose.Cells.Report.Designer uses Microsoft Excel as a report template, users can take advantage of all the powerful functionality and features in Microsoft Excel, including Pivot Tables, interactive charts, VBA, macros and formulas. Not all of these features are supported by the standard Microsoft Excel format that Reporting Services deliver.&lt;/p>
&lt;h3 id="the-asposecellsreportdesigner-toolbar">The Aspose.Cells.Report.Designer toolbar&lt;/h3>
&lt;p>&lt;strong>Users can utilize the Aspose.Cells.Report.Designer toolbar to manipulate an RDL Report file&lt;/strong>&lt;br>
&lt;img src="https://docs2.aspose.com/cells/reportingservices/attachments/6094900/6193553.png" alt="">&lt;/p>
&lt;h2 id="attachments">Attachments:&lt;/h2>
&lt;p>&lt;img src="https://docs2.aspose.com/cells/reportingservices/images/icons/bullet_blue.gif" alt=""> &lt;a href="https://docs2.aspose.com/cells/reportingservices/attachments/6094900/6193553.png">Make Use of Report Designer Client Tool-001.png&lt;/a> (image/png)&lt;/p></description></item><item><title>Reportingservices: Advanced Formula Calculation</title><link>https://docs2.aspose.com/cells/reportingservices/gettingstarted/features/advanced+formula+calculation/</link><pubDate>Mon, 01 Jan 0001 00:00:00 +0000</pubDate><guid>https://docs2.aspose.com/cells/reportingservices/gettingstarted/features/advanced+formula+calculation/</guid><description>
&lt;p>Aspose.Cells for Reporting Services : Advanced Formula Calculation&lt;/p>
&lt;h1 id="asposecells-for-reporting-services--advanced-formula-calculation">Aspose.Cells for Reporting Services : Advanced Formula Calculation&lt;/h1>
&lt;p>There are two types of formulas:&lt;/p>
&lt;ol>
&lt;li>Reporting Services formulas and&lt;/li>
&lt;li>the Microsoft Excel dynamic formula provided by Aspose.Cells for Reporting services.&lt;/li>
&lt;/ol>
&lt;p>Using Reporting Services formulas in Aspose.Cells.Report.Designer is the same as applying formulas in Visual Studio. You can set Reporting Services formulas based on the values of cells in a report template. The formulas is calculated and the calculation results are filled back to the cells at rendering time.&lt;/p>
&lt;p>Microsoft Excel dynamic formulas are not calculated but converted to a real Microsoft Excel formulas following certain rules and regulations before being filled back to the cells at rendering time.&lt;/p>
&lt;h3 id="formula-output">Formula Output&lt;/h3>
&lt;p>&lt;strong>A sample report containing formulas (calculated) is exported using Aspose.Cells for Reporting Services&lt;/strong>&lt;br>
&lt;img src="https://docs2.aspose.com/cells/reportingservices/attachments/6094901/6193567.png" alt="">&lt;/p>
&lt;h2 id="attachments">Attachments:&lt;/h2>
&lt;p>&lt;img src="https://docs2.aspose.com/cells/reportingservices/images/icons/bullet_blue.gif" alt=""> &lt;a href="https://docs2.aspose.com/cells/reportingservices/attachments/6094901/6193567.png">Advanced Formula Calculation-001.png&lt;/a> (image/png)&lt;/p></description></item><item><title>Reportingservices: Miscellaneous</title><link>https://docs2.aspose.com/cells/reportingservices/gettingstarted/features/miscellaneous/</link><pubDate>Mon, 01 Jan 0001 00:00:00 +0000</pubDate><guid>https://docs2.aspose.com/cells/reportingservices/gettingstarted/features/miscellaneous/</guid><description>
&lt;p>Aspose.Cells for Reporting Services : Miscellaneous&lt;/p>
&lt;h1 id="asposecells-for-reporting-services--miscellaneous">Aspose.Cells for Reporting Services : Miscellaneous&lt;/h1>
&lt;p>Some effective characteristics of Aspose.Cells for Reporting Services are listed below&lt;/p>
&lt;ul>
&lt;li>Aspose.Cells for Reporting Services supports tables with grouped rows and footers. The grouping of rows and footers can be setup at design time like other report items.&lt;/li>
&lt;li>Aspose.Cells for Reporting Services supports parameters and global variables as the report data sources.&lt;/li>
&lt;li>Users can use Microsoft Query to create data sources and queries. Microsoft Query is a widely used tool that most users should be and familiar with.&lt;/li>
&lt;li>Aspose.Cells for Reporting Services supports both report-specific data sources and shared data sources created on Report Server in advance. What is more, it is possible to use report-specific data sources at design time and specify shared data sources as report data sources while publishing a report.&lt;/li>
&lt;li>Aspose.Cells for Reporting Service is integrated with Microsoft Reporting Services seamlessly and so users can take full advantage of Reporting Services&amp;rsquo; report management, security and delivery options.&lt;/li>
&lt;/ul></description></item><item><title>Reportingservices: World Class Free Technical Support</title><link>https://docs2.aspose.com/cells/reportingservices/gettingstarted/features/world+class+free+technical+support/</link><pubDate>Mon, 01 Jan 0001 00:00:00 +0000</pubDate><guid>https://docs2.aspose.com/cells/reportingservices/gettingstarted/features/world+class+free+technical+support/</guid><description>
&lt;p>Aspose.Cells for Reporting Services : World Class Free Technical Support&lt;/p>
&lt;h1 id="asposecells-for-reporting-services--world-class-free-technical-support">Aspose.Cells for Reporting Services : World Class Free Technical Support&lt;/h1>
&lt;p>Aspose is renowned for its free and unlimited technical support provided directly by the developers of the products. If a new version of a product is available, or if resolving a question results in a fix, all new releases are free if you have an active subscription.&lt;/p>
&lt;h3 id="getting-support">Getting Support&lt;/h3>
&lt;h4 id="forums">Forums&lt;/h4>
&lt;p>&lt;a href="http://www.aspose.com/community/forums/default.aspx">Aspose&amp;rsquo;s Support Forums&lt;/a> is the place not only to resolve technical issues, but to participate in discussions with the vibrant and growing community of Aspose users. Currently there are over 190,000 users registered at the Aspose website.&lt;/p>
&lt;h4 id="blogs">Blogs&lt;/h4>
&lt;p>&lt;a href="http://www.aspose.com/blogs/index.php">Aspose.Blogs&lt;/a> is the place to look for information about the latest releases and about what Aspose developers have to say.&lt;/p>
&lt;h4 id="need-more-support">Need more support?&lt;/h4>
&lt;p>Aspose offers free support to all users. For companies want that their issue will get prioritized, or who want to influence our product development road map, there are &lt;a href="http://www.aspose.com/corporate/services/support-options.aspx">advanced support options&lt;/a> like Priority Support and Enterprise Support.&lt;/p>
&lt;h2 id="attachments">Attachments:&lt;/h2>
&lt;p>&lt;img src="https://docs2.aspose.com/cells/reportingservices/images/icons/bullet_blue.gif" alt=""> &lt;a href="https://docs2.aspose.com/cells/reportingservices/attachments/6094903/6193565.png">World Class Free Technical Support-001.png&lt;/a> (image/png)&lt;/p></description></item></channel></rss>