<rss version="2.0" xmlns:atom="http://www.w3.org/2005/Atom"><channel><title>Documentation – Integrating Manually with Visual Studio 2005 or 2008 Report Designer</title><link>https://docs2.aspose.com/cells/reportingservices/installation/integrating+manually+with+visual+studio+2005+or+2008+report+designer/</link><description>Recent content in Integrating Manually with Visual Studio 2005 or 2008 Report Designer on Documentation</description><generator>Hugo -- gohugo.io</generator><atom:link href="https://docs2.aspose.com/cells/reportingservices/installation/integrating+manually+with+visual+studio+2005+or+2008+report+designer/index.xml" rel="self" type="application/rss+xml"/></channel></rss>