<rss version="2.0" xmlns:atom="http://www.w3.org/2005/Atom"><channel><title>Documentation – Getting Started</title><link>https://docs2.aspose.com/cells/cpp/gettingstarted/</link><description>Recent content in Getting Started on Documentation</description><generator>Hugo -- gohugo.io</generator><atom:link href="https://docs2.aspose.com/cells/cpp/gettingstarted/index.xml" rel="self" type="application/rss+xml"/><item><title>Cpp: Product Overview</title><link>https://docs2.aspose.com/cells/cpp/gettingstarted/product+overview/</link><pubDate>Mon, 01 Jan 0001 00:00:00 +0000</pubDate><guid>https://docs2.aspose.com/cells/cpp/gettingstarted/product+overview/</guid><description>
&lt;p>Aspose.Cells for C++ : Product Overview&lt;/p>
&lt;h1 id="asposecells-for-c--product-overview">Aspose.Cells for C++ : Product Overview&lt;/h1>
&lt;p>
&lt;div class="card my-3 border-top-0 border-right-0 border-bottom-0 border-left border-primary rounded" style="border-width:4px !important;">
&lt;div class="wrap border border-left-0 rounded">
&lt;div class="card-header border-0 bg-white pl-3 text-primary">
&lt;h3>Contents Summary&lt;/h3>
&lt;/div>
&lt;div class="card-body pt-1">
&lt;ul>
&lt;li>1 &lt;a href="#benefits">Benefits&lt;/a>
&lt;ul>
&lt;li>1.1 &lt;a href="#rich-features">Rich Features&lt;/a>&lt;/li>
&lt;li>1.2 &lt;a href="#platform-independence">Platform Independence&lt;/a>&lt;/li>
&lt;li>1.3 &lt;a href="#performance-and-scalability">Performance and Scalability&lt;/a>&lt;/li>
&lt;/ul>
&lt;/li>
&lt;li>2 &lt;a href="#technical-support">Technical Support&lt;/a>&lt;/li>
&lt;li>3 &lt;a href="#resources">Resources&lt;/a>&lt;/li>
&lt;/ul>
&lt;/div>
&lt;/div>
&lt;/div>
 &lt;/p>
&lt;p> &lt;/p>
&lt;p>&lt;strong>&lt;img src="https://docs2.aspose.com/cells/cpp/attachments/thumbnails/21102620/47153168" alt="">Welcome to the Aspose.Cells for C++ documentation section&lt;/strong>&lt;/p>
&lt;p>Aspose.Cells for C++ is a native C++ library that enables C++ developers to create, manipulate and convert spreadsheets programmatically without requiring Office Automation or Microsoft Excel application.&lt;/p>
&lt;p>The Aspose.Cells for C++ support spreadsheet formats such as Excel 97-2003 Workbook format and Open Office XML formats.&lt;/p>
&lt;h2 id="benefits">Benefits&lt;/h2>
&lt;p>Using Aspose.Cells for C++ in your applications gives you the following benefits:&lt;/p>
&lt;ul>
&lt;li>Rich features&lt;/li>
&lt;li>Platform independence&lt;/li>
&lt;li>Performance and scalability&lt;/li>
&lt;/ul>
&lt;h3 id="rich-features">Rich Features&lt;/h3>
&lt;p>Aspose.Cells for C++ offers a wide arrange of features for creating, converting and manipulating spreadsheets:&lt;/p>
&lt;ul>
&lt;li>Built-In Properties&lt;/li>
&lt;li>Custom Properties&lt;/li>
&lt;li>Themes&lt;/li>
&lt;li>Styles and Formatting&lt;/li>
&lt;li>Data Validation&lt;/li>
&lt;li>Conditional Formatting&lt;/li>
&lt;li>Hyperlink&lt;/li>
&lt;li>AutoFilter&lt;/li>
&lt;li>PageSetup&lt;/li>
&lt;li>Reading, Writing and Calculating Formulas&lt;/li>
&lt;li>Group Rows and Columns&lt;/li>
&lt;li>PivotTable&lt;/li>
&lt;li>Table&lt;/li>
&lt;/ul>
&lt;h3 id="platform-independence">Platform Independence&lt;/h3>
&lt;p>Use Aspose.Cells for C++ to build any type of 32-bit and 64-bit C++ application.&lt;/p>
&lt;h3 id="performance-and-scalability">Performance and Scalability&lt;/h3>
&lt;p>Aspose.Cells for C++ is designed to perform equally well server or client-side. Aspose.Cells for C++ is a native assembly that can be deployed by simply copying it. You do not have to worry about other services or modules.&lt;/p>
&lt;h2 id="technical-support">Technical Support&lt;/h2>
&lt;p>Aspose provides unlimited free technical support for all its products. Support is available to all users, including evaluation.&lt;/p>
&lt;p>If you need help with Aspose.Cells for C++ &lt;a href="https://forum.aspose.com/c/cells">visit the Aspose.Forums&lt;/a>. Post your question in the Aspose.Cells for C++ forum and it will be answered within a few hours. The questions are answered directly by the Aspose.Cells for C++ support team.&lt;/p>
&lt;p>When expecting a reply in the forums, please allow for time zone differences.&lt;/p>
&lt;p>If you have an issue with Aspose.Cells for C++, follow these simple steps to make sure it is resolved in the most efficient way:&lt;/p>
&lt;ul>
&lt;li>
&lt;p>Make sure you use the latest Aspose.Cells for C++ version before reporting the issue.&lt;/p>
&lt;/li>
&lt;li>
&lt;p>When reporting an issue, please include the original document and possibly a fragment of the code that causes the problem. If you need to attach multiple files, zip them into one. It is safe to attach your documents in Aspose.Forums since only you and Aspose developers will have access to the attached files.&lt;/p>
&lt;/li>
&lt;li>
&lt;p>Please try to report one issue per thread. If you have another issue, report it in a separate thread.&lt;/p>
&lt;/li>
&lt;/ul>
&lt;p>Aspose does not provide technical support over the phone. Phone support is only available for sales and purchase questions.&lt;/p>
&lt;h2 id="resources">Resources&lt;/h2>
&lt;p>This table lists important Aspose.Cells for C++ technical resources.&lt;/p>
&lt;div class="table table-striped" role="alert">
&lt;table>
&lt;thead>
&lt;tr>
&lt;th align="left">Resource&lt;/th>
&lt;th align="left">Description&lt;/th>
&lt;/tr>
&lt;/thead>
&lt;tbody>
&lt;tr>
&lt;td align="left">&lt;a href="https://www.aspose.com/products/cells/cpp">Aspose.Cells home Page&lt;/a>&lt;/td>
&lt;td align="left">Product home page.&lt;/td>
&lt;/tr>
&lt;tr>
&lt;td align="left">&lt;a href="http://www.aspose.com/blogs/aspose-products/aspose-cells-product-family.html">Aspose.Cells blog&lt;/a>&lt;/td>
&lt;td align="left">Check this often for information about new releases and useful tips about Aspose.Cells.&lt;/td>
&lt;/tr>
&lt;tr>
&lt;td align="left">&lt;a href="https://downloads.aspose.com/cells/cpp">Aspose.Cells for C++ download&lt;/a>&lt;/td>
&lt;td align="left">Download the latest version of Aspose.Cells from here. We release often.&lt;/td>
&lt;/tr>
&lt;tr>
&lt;td align="left">&lt;a href="https://forum.aspose.com/c/cells">Aspose.Cells for C++ support forum&lt;/a>&lt;/td>
&lt;td align="left">Post your questions and issues here for a speedy resolution.&lt;/td>
&lt;/tr>
&lt;tr>
&lt;td align="left">&lt;a href="https://docs2.aspose.com/cells/cpp/">Aspose.Cells for C++ product documentation&lt;/a>&lt;/td>
&lt;td align="left">Full online documentation that includes this documentation as well as Aspose.Cells API Reference.&lt;/td>
&lt;/tr>
&lt;/tbody>
&lt;/table>
&lt;/div>
&lt;h2 id="attachments">Attachments:&lt;/h2>
&lt;p>&lt;img src="https://docs2.aspose.com/cells/cpp/images/icons/bullet_blue.gif" alt=""> &lt;a href="https://docs2.aspose.com/cells/cpp/attachments/21102620/47153168.png">aspose_cells-for-cpp.png&lt;/a> (image/png)&lt;/p></description></item><item><title>Cpp: Supported File Formats</title><link>https://docs2.aspose.com/cells/cpp/gettingstarted/supported+file+formats/</link><pubDate>Mon, 01 Jan 0001 00:00:00 +0000</pubDate><guid>https://docs2.aspose.com/cells/cpp/gettingstarted/supported+file+formats/</guid><description>
&lt;p>Aspose.Cells for C++ : Supported File Formats&lt;/p>
&lt;h1 id="asposecells-for-c--supported-file-formats">Aspose.Cells for C++ : Supported File Formats&lt;/h1>
&lt;p>
&lt;div class="card my-3 border-top-0 border-right-0 border-bottom-0 border-left border-primary rounded" style="border-width:4px !important;">
&lt;div class="wrap border border-left-0 rounded">
&lt;div class="card-header border-0 bg-white pl-3 text-primary">
&lt;h3>Contents Summary&lt;/h3>
&lt;/div>
&lt;div class="card-body pt-1">
&lt;ul>
&lt;li>1 &lt;a href="#supported-file-formats">Supported File Formats&lt;/a>&lt;/li>
&lt;/ul>
&lt;/div>
&lt;/div>
&lt;/div>
 &lt;/p>
&lt;p> &lt;/p>
&lt;h2 id="supported-file-formats">Supported File Formats&lt;/h2>
&lt;div class="table table-striped" role="alert">
&lt;table>
&lt;thead>
&lt;tr>
&lt;th align="left">Format&lt;/th>
&lt;th align="left">Description&lt;/th>
&lt;th align="left">Load&lt;/th>
&lt;th align="left">Save&lt;/th>
&lt;/tr>
&lt;/thead>
&lt;tbody>
&lt;tr>
&lt;td align="left">&lt;a href="https://wiki.fileformat.com/spreadsheet/xls/">XLS&lt;/a>&lt;/td>
&lt;td align="left">Excel 95/5.0 - 2003 Workbook.&lt;/td>
&lt;td align="left">&lt;img src="s/en_GB-1988229788/4108/b47156ace146e4f759b49ef98258cb637bdd5af8.5/_/images/icons/emoticons/check.png" alt="(tick)">&lt;/td>
&lt;td align="left">&lt;img src="s/en_GB-1988229788/4108/b47156ace146e4f759b49ef98258cb637bdd5af8.5/_/images/icons/emoticons/check.png" alt="(tick)">&lt;/td>
&lt;/tr>
&lt;tr>
&lt;td align="left">&lt;a href="https://wiki.fileformat.com/spreadsheet/xlsx/">XLSX&lt;/a>&lt;/td>
&lt;td align="left">Office Open XML SpreadsheetML Workbook or template file, with or without macros.&lt;/td>
&lt;td align="left">&lt;img src="s/en_GB-1988229788/4108/b47156ace146e4f759b49ef98258cb637bdd5af8.5/_/images/icons/emoticons/check.png" alt="(tick)">&lt;/td>
&lt;td align="left">&lt;img src="s/en_GB-1988229788/4108/b47156ace146e4f759b49ef98258cb637bdd5af8.5/_/images/icons/emoticons/check.png" alt="(tick)">&lt;/td>
&lt;/tr>
&lt;tr>
&lt;td align="left">&lt;a href="https://wiki.fileformat.com/spreadsheet/xlsb/">XLSB&lt;/a>&lt;/td>
&lt;td align="left">Excel Binary Workbook.&lt;/td>
&lt;td align="left">&lt;img src="s/en_GB-1988229788/4108/b47156ace146e4f759b49ef98258cb637bdd5af8.5/_/images/icons/emoticons/check.png" alt="(tick)">&lt;/td>
&lt;td align="left">&lt;img src="s/en_GB-1988229788/4108/b47156ace146e4f759b49ef98258cb637bdd5af8.5/_/images/icons/emoticons/check.png" alt="(tick)">&lt;/td>
&lt;/tr>
&lt;tr>
&lt;td align="left">&lt;a href="https://wiki.fileformat.com/spreadsheet/xlsm/">XLSM&lt;/a>&lt;/td>
&lt;td align="left">Excel Macro-Enabled Workbook.&lt;/td>
&lt;td align="left"> &lt;/td>
&lt;td align="left">&lt;img src="s/en_GB-1988229788/4108/b47156ace146e4f759b49ef98258cb637bdd5af8.5/_/images/icons/emoticons/check.png" alt="(tick)">&lt;/td>
&lt;/tr>
&lt;tr>
&lt;td align="left">&lt;a href="https://wiki.fileformat.com/spreadsheet/xltx/">XLTX&lt;/a>&lt;/td>
&lt;td align="left">Excel Template.&lt;/td>
&lt;td align="left"> &lt;/td>
&lt;td align="left">&lt;img src="s/en_GB-1988229788/4108/b47156ace146e4f759b49ef98258cb637bdd5af8.5/_/images/icons/emoticons/check.png" alt="(tick)">&lt;/td>
&lt;/tr>
&lt;tr>
&lt;td align="left">&lt;a href="https://wiki.fileformat.com/spreadsheet/xltm/">XLTM&lt;/a>&lt;/td>
&lt;td align="left">Excel Macro-Enabled Template.&lt;/td>
&lt;td align="left"> &lt;/td>
&lt;td align="left">&lt;img src="s/en_GB-1988229788/4108/b47156ace146e4f759b49ef98258cb637bdd5af8.5/_/images/icons/emoticons/check.png" alt="(tick)">&lt;/td>
&lt;/tr>
&lt;tr>
&lt;td align="left">XLAM&lt;/td>
&lt;td align="left">An Excel Macro-Enabled Add-In file that&amp;rsquo;s used to add new functions to Excel.&lt;/td>
&lt;td align="left"> &lt;/td>
&lt;td align="left">&lt;img src="s/en_GB-1988229788/4108/b47156ace146e4f759b49ef98258cb637bdd5af8.5/_/images/icons/emoticons/check.png" alt="(tick)">&lt;/td>
&lt;/tr>
&lt;tr>
&lt;td align="left">&lt;a href="https://wiki.fileformat.com/spreadsheet/csv/">CSV&lt;/a>&lt;/td>
&lt;td align="left">CSV (Comma Separated Value) file.&lt;/td>
&lt;td align="left">&lt;img src="s/en_GB-1988229788/4108/b47156ace146e4f759b49ef98258cb637bdd5af8.5/_/images/icons/emoticons/check.png" alt="(tick)">&lt;/td>
&lt;td align="left">&lt;img src="s/en_GB-1988229788/4108/b47156ace146e4f759b49ef98258cb637bdd5af8.5/_/images/icons/emoticons/check.png" alt="(tick)">&lt;/td>
&lt;/tr>
&lt;tr>
&lt;td align="left">&lt;a href="https://wiki.fileformat.com/spreadsheet/tsv/">TSV&lt;/a>&lt;/td>
&lt;td align="left">TSV (Tab-separated values) file.&lt;/td>
&lt;td align="left">&lt;img src="s/en_GB-1988229788/4108/b47156ace146e4f759b49ef98258cb637bdd5af8.5/_/images/icons/emoticons/check.png" alt="(tick)">&lt;/td>
&lt;td align="left">&lt;img src="s/en_GB-1988229788/4108/b47156ace146e4f759b49ef98258cb637bdd5af8.5/_/images/icons/emoticons/check.png" alt="(tick)">&lt;/td>
&lt;/tr>
&lt;tr>
&lt;td align="left">TabDelimited&lt;/td>
&lt;td align="left">Tab-delimited text file, same with TSV file.&lt;/td>
&lt;td align="left">&lt;img src="s/en_GB-1988229788/4108/b47156ace146e4f759b49ef98258cb637bdd5af8.5/_/images/icons/emoticons/check.png" alt="(tick)">&lt;/td>
&lt;td align="left">&lt;img src="s/en_GB-1988229788/4108/b47156ace146e4f759b49ef98258cb637bdd5af8.5/_/images/icons/emoticons/check.png" alt="(tick)">&lt;/td>
&lt;/tr>
&lt;tr>
&lt;td align="left">&lt;a href="https://wiki.fileformat.com/web/html/">HTML&lt;/a>&lt;/td>
&lt;td align="left">HTML format.&lt;/td>
&lt;td align="left">&lt;img src="s/en_GB-1988229788/4108/b47156ace146e4f759b49ef98258cb637bdd5af8.5/_/images/icons/emoticons/check.png" alt="(tick)">&lt;/td>
&lt;td align="left">&lt;img src="s/en_GB-1988229788/4108/b47156ace146e4f759b49ef98258cb637bdd5af8.5/_/images/icons/emoticons/check.png" alt="(tick)">&lt;/td>
&lt;/tr>
&lt;tr>
&lt;td align="left">&lt;a href="https://wiki.fileformat.com/web/mhtml/">MHTML&lt;/a>&lt;/td>
&lt;td align="left">MHTML file.&lt;/td>
&lt;td align="left">&lt;img src="s/en_GB-1988229788/4108/b47156ace146e4f759b49ef98258cb637bdd5af8.5/_/images/icons/emoticons/check.png" alt="(tick)">&lt;/td>
&lt;td align="left">&lt;img src="s/en_GB-1988229788/4108/b47156ace146e4f759b49ef98258cb637bdd5af8.5/_/images/icons/emoticons/check.png" alt="(tick)">&lt;/td>
&lt;/tr>
&lt;tr>
&lt;td align="left">&lt;a href="https://wiki.fileformat.com/spreadsheet/ods/">ODS&lt;/a>&lt;/td>
&lt;td align="left">ODS (OpenDocument Spreadsheet).&lt;/td>
&lt;td align="left">&lt;img src="s/en_GB-1988229788/4108/b47156ace146e4f759b49ef98258cb637bdd5af8.5/_/images/icons/emoticons/check.png" alt="(tick)">&lt;/td>
&lt;td align="left">&lt;img src="s/en_GB-1988229788/4108/b47156ace146e4f759b49ef98258cb637bdd5af8.5/_/images/icons/emoticons/check.png" alt="(tick)">&lt;/td>
&lt;/tr>
&lt;tr>
&lt;td align="left">SpreadsheetML&lt;/td>
&lt;td align="left">Excel 2003 XML file.&lt;/td>
&lt;td align="left">&lt;img src="s/en_GB-1988229788/4108/b47156ace146e4f759b49ef98258cb637bdd5af8.5/_/images/icons/emoticons/check.png" alt="(tick)">&lt;/td>
&lt;td align="left">&lt;img src="s/en_GB-1988229788/4108/b47156ace146e4f759b49ef98258cb637bdd5af8.5/_/images/icons/emoticons/check.png" alt="(tick)">&lt;/td>
&lt;/tr>
&lt;tr>
&lt;td align="left">&lt;a href="https://wiki.fileformat.com/spreadsheet/dif/">DIF&lt;/a>&lt;/td>
&lt;td align="left">Data Interchange Format.&lt;/td>
&lt;td align="left"> &lt;/td>
&lt;td align="left">&lt;img src="s/en_GB-1988229788/4108/b47156ace146e4f759b49ef98258cb637bdd5af8.5/_/images/icons/emoticons/check.png" alt="(tick)">&lt;/td>
&lt;/tr>
&lt;tr>
&lt;td align="left">&lt;a href="https://wiki.fileformat.com/view/pdf/">PDF&lt;/a>&lt;/td>
&lt;td align="left">Adobe Portable Document Format.&lt;/td>
&lt;td align="left"> &lt;/td>
&lt;td align="left">&lt;img src="s/en_GB-1988229788/4108/b47156ace146e4f759b49ef98258cb637bdd5af8.5/_/images/icons/emoticons/check.png" alt="(tick)">&lt;/td>
&lt;/tr>
&lt;tr>
&lt;td align="left">&lt;a href="https://wiki.fileformat.com/page-description-language/xps/">XPS&lt;/a>&lt;/td>
&lt;td align="left">XML Paper Specification Format.&lt;/td>
&lt;td align="left"> &lt;/td>
&lt;td align="left">&lt;img src="s/en_GB-1988229788/4108/b47156ace146e4f759b49ef98258cb637bdd5af8.5/_/images/icons/emoticons/check.png" alt="(tick)">&lt;/td>
&lt;/tr>
&lt;tr>
&lt;td align="left">&lt;a href="https://wiki.fileformat.com/page-description-language/svg/">SVG&lt;/a>&lt;/td>
&lt;td align="left">Scalable Vector Graphics Format.&lt;/td>
&lt;td align="left"> &lt;/td>
&lt;td align="left">&lt;img src="s/en_GB-1988229788/4108/b47156ace146e4f759b49ef98258cb637bdd5af8.5/_/images/icons/emoticons/check.png" alt="(tick)">&lt;/td>
&lt;/tr>
&lt;tr>
&lt;td align="left">&lt;a href="https://wiki.fileformat.com/image/tiff/">TIFF&lt;/a>&lt;/td>
&lt;td align="left">Tagged Image File Format&lt;/td>
&lt;td align="left"> &lt;/td>
&lt;td align="left">&lt;img src="s/en_GB-1988229788/4108/b47156ace146e4f759b49ef98258cb637bdd5af8.5/_/images/icons/emoticons/check.png" alt="(tick)">&lt;/td>
&lt;/tr>
&lt;tr>
&lt;td align="left">&lt;a href="https://wiki.fileformat.com/image/jpeg/">JPEG&lt;/a>&lt;/td>
&lt;td align="left">JPEG is a type of image format that is saved using the method of lossy compression.&lt;/td>
&lt;td align="left"> &lt;/td>
&lt;td align="left">&lt;img src="s/en_GB-1988229788/4108/b47156ace146e4f759b49ef98258cb637bdd5af8.5/_/images/icons/emoticons/check.png" alt="(tick)">&lt;/td>
&lt;/tr>
&lt;tr>
&lt;td align="left">&lt;a href="https://wiki.fileformat.com/image/png/">PNG&lt;/a>&lt;/td>
&lt;td align="left">Portable Network Graphics Format&lt;/td>
&lt;td align="left"> &lt;/td>
&lt;td align="left">&lt;img src="s/en_GB-1988229788/4108/b47156ace146e4f759b49ef98258cb637bdd5af8.5/_/images/icons/emoticons/check.png" alt="(tick)">&lt;/td>
&lt;/tr>
&lt;tr>
&lt;td align="left">&lt;a href="https://wiki.fileformat.com/image/bmp/">BMP&lt;/a>&lt;/td>
&lt;td align="left">Bitmap Image Format&lt;/td>
&lt;td align="left"> &lt;/td>
&lt;td align="left">&lt;img src="s/en_GB-1988229788/4108/b47156ace146e4f759b49ef98258cb637bdd5af8.5/_/images/icons/emoticons/check.png" alt="(tick)">&lt;/td>
&lt;/tr>
&lt;tr>
&lt;td align="left">&lt;a href="https://wiki.fileformat.com/image/gif/">GIF&lt;/a>&lt;/td>
&lt;td align="left">Graphical Interchange Format&lt;/td>
&lt;td align="left"> &lt;/td>
&lt;td align="left">&lt;img src="s/en_GB-1988229788/4108/b47156ace146e4f759b49ef98258cb637bdd5af8.5/_/images/icons/emoticons/check.png" alt="(tick)">&lt;/td>
&lt;/tr>
&lt;tr>
&lt;td align="left">&lt;a href="https://wiki.fileformat.com/image/emf/">EMF&lt;/a>&lt;/td>
&lt;td align="left">Enhanced metafile Format&lt;/td>
&lt;td align="left"> &lt;/td>
&lt;td align="left">&lt;img src="s/en_GB-1988229788/4108/b47156ace146e4f759b49ef98258cb637bdd5af8.5/_/images/icons/emoticons/check.png" alt="(tick)">&lt;/td>
&lt;/tr>
&lt;/tbody>
&lt;/table>
&lt;/div></description></item><item><title>Cpp: System Requirements</title><link>https://docs2.aspose.com/cells/cpp/gettingstarted/system+requirements/</link><pubDate>Mon, 01 Jan 0001 00:00:00 +0000</pubDate><guid>https://docs2.aspose.com/cells/cpp/gettingstarted/system+requirements/</guid><description>
&lt;p>Aspose.Cells for C++ : System Requirements&lt;/p>
&lt;h1 id="asposecells-for-c--system-requirements">Aspose.Cells for C++ : System Requirements&lt;/h1>
&lt;p>
&lt;div class="card my-3 border-top-0 border-right-0 border-bottom-0 border-left border-primary rounded" style="border-width:4px !important;">
&lt;div class="wrap border border-left-0 rounded">
&lt;div class="card-header border-0 bg-white pl-3 text-primary">
&lt;h3>Contents Summary&lt;/h3>
&lt;/div>
&lt;div class="card-body pt-1">
&lt;ul>
&lt;li>1 &lt;a href="#supported-operating-systems">Supported Operating Systems&lt;/a>
&lt;ul>
&lt;li>1.1 &lt;a href="#windows">Windows&lt;/a>&lt;/li>
&lt;/ul>
&lt;/li>
&lt;li>2 &lt;a href="#development-environments">Development Environments&lt;/a>&lt;/li>
&lt;/ul>
&lt;/div>
&lt;/div>
&lt;/div>
 &lt;/p>
&lt;p> &lt;/p>
&lt;h2 id="supported-operating-systems">Supported Operating Systems&lt;/h2>
&lt;h3 id="windows">Windows&lt;/h3>
&lt;ul>
&lt;li>Microsoft Windows 2003 Server ( x64, x86)&lt;/li>
&lt;li>Microsoft Windows 2008 Server ( x64, x86)&lt;/li>
&lt;li>Microsoft Windows 2012 Server ( x64, x86)&lt;/li>
&lt;li>Microsoft Windows XP ( x64, x86)&lt;/li>
&lt;li>Microsoft Windows Vista ( x64, x86)&lt;/li>
&lt;li>Microsoft Windows 7 ( x64, x86)&lt;/li>
&lt;li>Microsoft Windows 8, 8.1 ( x64, x86)&lt;/li>
&lt;li>Microsoft Windows 10 ( x64, x86)&lt;/li>
&lt;/ul>
&lt;h2 id="development-environments">Development Environments&lt;/h2>
&lt;p>You can use Aspose.Cells for C++ to develop applications in any development environment that support C++, but the following environments are explicitly supported:&lt;/p>
&lt;ul>
&lt;li>Microsoft Visual Studio 2013&lt;/li>
&lt;li>Microsoft Visual Studio 2015&lt;/li>
&lt;li>Microsoft Visual Studio 2017&lt;/li>
&lt;li>Microsoft Visual Studio 2019&lt;/li>
&lt;/ul></description></item><item><title>Cpp: Installation</title><link>https://docs2.aspose.com/cells/cpp/gettingstarted/installation/</link><pubDate>Mon, 01 Jan 0001 00:00:00 +0000</pubDate><guid>https://docs2.aspose.com/cells/cpp/gettingstarted/installation/</guid><description>
&lt;p>Aspose.Cells for C++ : Installation&lt;/p>
&lt;h1 id="asposecells-for-c--installation">Aspose.Cells for C++ : Installation&lt;/h1>
&lt;p>
&lt;div class="card my-3 border-top-0 border-right-0 border-bottom-0 border-left border-primary rounded" style="border-width:4px !important;">
&lt;div class="wrap border border-left-0 rounded">
&lt;div class="card-header border-0 bg-white pl-3 text-primary">
&lt;h3>Contents Summary&lt;/h3>
&lt;/div>
&lt;div class="card-body pt-1">
&lt;ul>
&lt;li>1 &lt;a href="#installing-aspose.cells-for-c++">Installing Aspose.Cells for C++&lt;/a>
&lt;ul>
&lt;li>1.1 &lt;a href="#using-nuget-package-manager">Using Nuget Package Manager&lt;/a>&lt;/li>
&lt;li>1.2 &lt;a href="#using-include-and-lib-folders">Using Include and lib Folders&lt;/a>&lt;/li>
&lt;/ul>
&lt;/li>
&lt;/ul>
&lt;/div>
&lt;/div>
&lt;/div>
 &lt;/p>
&lt;p> &lt;/p>
&lt;h2 id="installing-asposecells-for-c">Installing Aspose.Cells for C++&lt;/h2>
&lt;h3 id="using-nuget-package-manager">Using Nuget Package Manager&lt;/h3>
&lt;ol>
&lt;li>In Nuget Package Manager, search for Aspose.Cells. 
&lt;ul>
&lt;li>Here is the &lt;a href="https://www.nuget.org/packages/Aspose.Cells.Cpp">Link to NuGet Package Aspose.Cells.Cpp&lt;/a>.&lt;/li>
&lt;/ul>
&lt;/li>
&lt;li>It will list the API as Aspose.Cells.Cpp.&lt;/li>
&lt;li>Press the Add button to install the package &lt;/li>
&lt;/ol>
&lt;p>You can also download ZIP package from the Aspose.Cells for C++ download page. The archive also contains the offline API documentation.&lt;/p>
&lt;h3 id="using-include-and-lib-folders">Using Include and lib Folders&lt;/h3>
&lt;ol>
&lt;li>Download/Install the latest files.&lt;/li>
&lt;li>Unzip the folder to the production environment.&lt;/li>
&lt;li>To use Aspose.Cells for C++, reference Include and lib folders in your project.&lt;/li>
&lt;/ol></description></item><item><title>Cpp: Licensing</title><link>https://docs2.aspose.com/cells/cpp/gettingstarted/licensing/</link><pubDate>Mon, 01 Jan 0001 00:00:00 +0000</pubDate><guid>https://docs2.aspose.com/cells/cpp/gettingstarted/licensing/</guid><description>
&lt;p>Aspose.Cells for C++ : Licensing&lt;/p>
&lt;h1 id="asposecells-for-c--licensing">Aspose.Cells for C++ : Licensing&lt;/h1>
&lt;p>
&lt;div class="card my-3 border-top-0 border-right-0 border-bottom-0 border-left border-primary rounded" style="border-width:4px !important;">
&lt;div class="wrap border border-left-0 rounded">
&lt;div class="card-header border-0 bg-white pl-3 text-primary">
&lt;h3>Contents Summary&lt;/h3>
&lt;/div>
&lt;div class="card-body pt-1">
&lt;ul>
&lt;li>1 &lt;a href="#evaluation-version-limitations">Evaluation Version Limitations&lt;/a>&lt;/li>
&lt;li>2 &lt;a href="#apply-license-using-file-or-stream-object">Apply License using File or Stream Object&lt;/a>
&lt;ul>
&lt;li>2.1 &lt;a href="#loading-a-license-from-file">Loading a License from File&lt;/a>&lt;/li>
&lt;li>2.2 &lt;a href="#loading-a-license-from-a-stream-object">Loading a License from a Stream Object&lt;/a>&lt;/li>
&lt;/ul>
&lt;/li>
&lt;/ul>
&lt;/div>
&lt;/div>
&lt;/div>
 &lt;/p>
&lt;p> &lt;/p>
&lt;h2 id="evaluation-version-limitations">Evaluation Version Limitations&lt;/h2>
&lt;p>A free evaluation version of Aspose.Cells for C++ can be downloaded from the downloads section of Aspose&amp;rsquo;s web site at: &lt;a href="https://downloads.aspose.com/cells/cpp">https://downloads.aspose.com/cells/cpp&lt;/a>.&lt;/p>
&lt;h2 id="apply-license-using-file-or-stream-object">Apply License using File or Stream Object&lt;/h2>
&lt;p>The license can be loaded from a file or stream object. Aspose.Cells for C++ will try to find the license in the following locations:&lt;/p>
&lt;ol>
&lt;li>Explicit path.&lt;/li>
&lt;li>The folder that contains Aspose.Cells.dll.&lt;/li>
&lt;li>The folder that contains the assembly that called Aspose.Cells.dll.&lt;/li>
&lt;li>The folder that contains the entry assembly (your .exe).&lt;/li>
&lt;li>An embedded resource in the assembly that called Aspose.Cells.dll.&lt;/li>
&lt;/ol>
&lt;p>The easiest way to set a license is to put the license file in the same folder as the Aspose.Cells.dll file and specify the file name, without a path, as shown in the example below.&lt;/p>
&lt;h3 id="loading-a-license-from-file">Loading a License from File&lt;/h3>
&lt;p>The easiest way to apply a license is to put the license file in the same folder as the Aspose.Cells.dll file and specify just the file name without a path.&lt;/p>
&lt;p>When you call the &lt;code>SetLicense&lt;/code> method, the license name that you pass should be that of the license file. For example, if you change the license file name to &amp;ldquo;Aspose.Cells.lic.xml&amp;rdquo; pass that file name to the &lt;code>Cells-&amp;gt;SetLicense(…)&lt;/code> method.&lt;/p>
&lt;p>&lt;strong>C++&lt;/strong>&lt;/p>
&lt;div class="position-relative">
&lt;div class="position-absolute" style="right:0;">
&lt;button class="btn btn-light" data-clipboard-target="#clipboard_5b26f820aa">
Copy
&lt;/button>
&lt;/div>
&lt;div id="clipboard_5b26f820aa">
&lt;div class="highlight">&lt;pre style="background-color:#f8f8f8;-moz-tab-size:4;-o-tab-size:4;tab-size:4">&lt;code class="language-c++" data-lang="c++">
&lt;span style="color:#000">intrusive_ptr&lt;/span>&lt;span style="color:#ce5c00;font-weight:bold">&amp;lt;&lt;/span>&lt;span style="color:#000">License&lt;/span>&lt;span style="color:#ce5c00;font-weight:bold">&amp;gt;&lt;/span> &lt;span style="color:#000">license&lt;/span> &lt;span style="color:#ce5c00;font-weight:bold">=&lt;/span> &lt;span style="color:#204a87;font-weight:bold">new&lt;/span> &lt;span style="color:#000">License&lt;/span>&lt;span style="color:#000;font-weight:bold">();&lt;/span>
&lt;span style="color:#000">license&lt;/span>&lt;span style="color:#ce5c00;font-weight:bold">-&amp;gt;&lt;/span>&lt;span style="color:#000">SetLicense&lt;/span>&lt;span style="color:#000;font-weight:bold">(&lt;/span>&lt;span style="color:#204a87;font-weight:bold">new&lt;/span> &lt;span style="color:#000">String&lt;/span>&lt;span style="color:#000;font-weight:bold">(&lt;/span>&lt;span style="color:#4e9a06">&amp;#34;Aspose.Cells.lic&amp;#34;&lt;/span>&lt;span style="color:#000;font-weight:bold">));&lt;/span>
&lt;/code>&lt;/pre>&lt;/div>
&lt;/div>
&lt;/div>
&lt;h3 id="loading-a-license-from-a-stream-object">Loading a License from a Stream Object&lt;/h3>
&lt;p>The following example shows how to load a license from a stream.&lt;/p>
&lt;p>&lt;strong>C++&lt;/strong>&lt;/p>
&lt;div class="position-relative">
&lt;div class="position-absolute" style="right:0;">
&lt;button class="btn btn-light" data-clipboard-target="#clipboard_411876fac3">
Copy
&lt;/button>
&lt;/div>
&lt;div id="clipboard_411876fac3">
&lt;div class="highlight">&lt;pre style="background-color:#f8f8f8;-moz-tab-size:4;-o-tab-size:4;tab-size:4">&lt;code class="language-c++" data-lang="c++">
&lt;span style="color:#000">intrusive_ptr&lt;/span>&lt;span style="color:#ce5c00;font-weight:bold">&amp;lt;&lt;/span>&lt;span style="color:#000">License&lt;/span>&lt;span style="color:#ce5c00;font-weight:bold">&amp;gt;&lt;/span>&lt;span style="color:#000">license&lt;/span> &lt;span style="color:#ce5c00;font-weight:bold">=&lt;/span> &lt;span style="color:#204a87;font-weight:bold">new&lt;/span> &lt;span style="color:#000">License&lt;/span>&lt;span style="color:#000;font-weight:bold">();&lt;/span>
&lt;span style="color:#000">intrusive_ptr&lt;/span>&lt;span style="color:#ce5c00;font-weight:bold">&amp;lt;&lt;/span>&lt;span style="color:#000">FileStream&lt;/span>&lt;span style="color:#ce5c00;font-weight:bold">&amp;gt;&lt;/span> &lt;span style="color:#000">myStream&lt;/span> &lt;span style="color:#ce5c00;font-weight:bold">=&lt;/span> &lt;span style="color:#204a87;font-weight:bold">new&lt;/span> &lt;span style="color:#000">FileStream&lt;/span>&lt;span style="color:#000;font-weight:bold">(&lt;/span>&lt;span style="color:#204a87;font-weight:bold">new&lt;/span> &lt;span style="color:#000">String&lt;/span>&lt;span style="color:#000;font-weight:bold">(&lt;/span>&lt;span style="color:#4e9a06">&amp;#34;Aspose.Cells.lic&amp;#34;&lt;/span>&lt;span style="color:#000;font-weight:bold">),&lt;/span> &lt;span style="color:#000">FileMode_Open&lt;/span>&lt;span style="color:#000;font-weight:bold">);&lt;/span>
&lt;span style="color:#000">license&lt;/span>&lt;span style="color:#ce5c00;font-weight:bold">-&amp;gt;&lt;/span>&lt;span style="color:#000">SetLicense&lt;/span>&lt;span style="color:#000;font-weight:bold">(&lt;/span>&lt;span style="color:#000">myStream&lt;/span>&lt;span style="color:#000;font-weight:bold">);&lt;/span>
&lt;/code>&lt;/pre>&lt;/div>
&lt;/div>
&lt;/div></description></item><item><title>Cpp: How to Run the Examples</title><link>https://docs2.aspose.com/cells/cpp/gettingstarted/how+to+run+the+examples/</link><pubDate>Mon, 01 Jan 0001 00:00:00 +0000</pubDate><guid>https://docs2.aspose.com/cells/cpp/gettingstarted/how+to+run+the+examples/</guid><description>
&lt;p>Aspose.Cells for C++ : How to Run the Examples&lt;/p>
&lt;h1 id="asposecells-for-c--how-to-run-the-examples">Aspose.Cells for C++ : How to Run the Examples&lt;/h1>
&lt;p>
&lt;div class="card my-3 border-top-0 border-right-0 border-bottom-0 border-left border-primary rounded" style="border-width:4px !important;">
&lt;div class="wrap border border-left-0 rounded">
&lt;div class="card-header border-0 bg-white pl-3 text-primary">
&lt;h3>Contents Summary&lt;/h3>
&lt;/div>
&lt;div class="card-body pt-1">
&lt;ul>
&lt;li>1 &lt;a href="#software-requirements">Software Requirements&lt;/a>&lt;/li>
&lt;li>2 &lt;a href="#download-from-github">Download from GitHub&lt;/a>&lt;/li>
&lt;li>3 &lt;a href="#contribute">Contribute&lt;/a>&lt;/li>
&lt;/ul>
&lt;/div>
&lt;/div>
&lt;/div>
 &lt;/p>
&lt;p> &lt;/p>
&lt;h2 id="software-requirements">Software Requirements&lt;/h2>
&lt;p>Please make sure you meet the following requirements before downloading and running the examples.&lt;/p>
&lt;ul>
&lt;li>Visual Studio 2015 or higher&lt;/li>
&lt;/ul>
&lt;h2 id="download-from-github">Download from GitHub&lt;/h2>
&lt;p>All examples of Aspose.Cells for C++ are hosted on &lt;a href="https://github.com/aspose-cells/Aspose.Cells-for-C/">GitHub&lt;/a>.&lt;/p>
&lt;ul>
&lt;li>You can either clone the repository using your favorite GitHub client or download the ZIP file from &lt;a href="https://github.com/aspose-cells/Aspose.Cells-for-C/archive/master.zip">here&lt;/a>.&lt;/li>
&lt;li>Extract the contents of ZIP file to any folder on your computer. All the examples are located in the &lt;strong>Examples&lt;/strong> folder.&lt;/li>
&lt;li>Open the solution file in Visual Studio and build the project.&lt;/li>
&lt;li>&lt;strong>Data&lt;/strong> folder at the root folder of &lt;strong>Examples&lt;/strong> contains input files. It is mandatory that you download the &lt;strong>Data&lt;/strong> folder along with the examples project.&lt;/li>
&lt;li>Open main.cpp, all the examples are called from here.&lt;/li>
&lt;li>Uncomment the examples you want to run from within the project.&lt;/li>
&lt;/ul>
&lt;p>Please feel free to reach out using our Forums if you have any issues setting up or running the examples.&lt;/p>
&lt;h2 id="contribute">Contribute&lt;/h2>
&lt;p>If you like to add or improve an example, we encourage you to contribute to the project. All examples and showcase projects in this repository are open source and can be freely used in your own applications.&lt;/p>
&lt;p>To contribute, you can fork the repository, edit the source code and create a pull request. We will review the changes and include it in the repository if found helpful.&lt;/p></description></item></channel></rss>