<rss version="2.0" xmlns:atom="http://www.w3.org/2005/Atom"><channel><title>Documentation – Inserting OLE Objects into the Worksheet</title><link>https://docs2.aspose.com/cells/cpp/developerguide/drawingobjects/inserting+ole+objects+into+the+worksheet/</link><description>Recent content in Inserting OLE Objects into the Worksheet on Documentation</description><generator>Hugo -- gohugo.io</generator><atom:link href="https://docs2.aspose.com/cells/cpp/developerguide/drawingobjects/inserting+ole+objects+into+the+worksheet/index.xml" rel="self" type="application/rss+xml"/></channel></rss>