<rss version="2.0" xmlns:atom="http://www.w3.org/2005/Atom"><channel><title>Documentation – Precedents and Dependents</title><link>https://docs2.aspose.com/cells/cpp/developerguide/data/precedents+and+dependents/</link><description>Recent content in Precedents and Dependents on Documentation</description><generator>Hugo -- gohugo.io</generator><atom:link href="https://docs2.aspose.com/cells/cpp/developerguide/data/precedents+and+dependents/index.xml" rel="self" type="application/rss+xml"/></channel></rss>