<rss version="2.0" xmlns:atom="http://www.w3.org/2005/Atom"><channel><title>Documentation – Deployment and Activation</title><link>https://docs2.aspose.com/cells/sharepoint/productinformation/install/deployment+and+activation/</link><description>Recent content in Deployment and Activation on Documentation</description><generator>Hugo -- gohugo.io</generator><atom:link href="https://docs2.aspose.com/cells/sharepoint/productinformation/install/deployment+and+activation/index.xml" rel="self" type="application/rss+xml"/></channel></rss>