<rss version="2.0" xmlns:atom="http://www.w3.org/2005/Atom"><channel><title>Documentation – Reference</title><link>https://docs2.aspose.com/cells/jasperreports/reference/</link><description>Recent content in Reference on Documentation</description><generator>Hugo -- gohugo.io</generator><atom:link href="https://docs2.aspose.com/cells/jasperreports/reference/index.xml" rel="self" type="application/rss+xml"/><item><title>Jasperreports: Configuration Parameters</title><link>https://docs2.aspose.com/cells/jasperreports/reference/configuration+parameters/</link><pubDate>Mon, 01 Jan 0001 00:00:00 +0000</pubDate><guid>https://docs2.aspose.com/cells/jasperreports/reference/configuration+parameters/</guid><description>
&lt;p>Aspose.Cells for JasperReports : Configuration Parameters&lt;/p>
&lt;h1 id="asposecells-for-jasperreports--configuration-parameters">Aspose.Cells for JasperReports : Configuration Parameters&lt;/h1>
&lt;p>The following table lists the configuration parameters.&lt;/p>
&lt;div class="table table-striped" role="alert">
&lt;table>
&lt;thead>
&lt;tr>
&lt;th align="left">Parameter name&lt;/th>
&lt;th align="left">Description&lt;/th>
&lt;/tr>
&lt;/thead>
&lt;tbody>
&lt;tr>
&lt;td align="left">FORMAT_TYPE&lt;/td>
&lt;td align="left">Can be set to &amp;ldquo;EXCEL97TO2003&amp;rdquo; or &amp;ldquo;EXCEL2007&amp;rdquo; to generate Microsoft Excel 79 0 2003 or Excel 2007 format files.&lt;/td>
&lt;/tr>
&lt;tr>
&lt;td align="left">IS_ONE_PAGE_PER_SHEET&lt;/td>
&lt;td align="left">A Boolean value specifying whether each report page should be written to a different XLS worksheet.&lt;/td>
&lt;/tr>
&lt;tr>
&lt;td align="left">IS_REMOVE_EMPTY_SPACE_BETWEEN_ROWS&lt;/td>
&lt;td align="left">A Boolean value specifying whether the empty spaces that may appear between rows should be removed or not.&lt;/td>
&lt;/tr>
&lt;tr>
&lt;td align="left">IS_REMOVE_EMPTY_SPACE_BETWEEN_COLUMNS&lt;/td>
&lt;td align="left">A Boolean value specifying whether the empty spaces that may appear between columns should be removed or not.&lt;/td>
&lt;/tr>
&lt;tr>
&lt;td align="left">IS_WHITE_PAGE_BACKGROUND&lt;/td>
&lt;td align="left">A Boolean value specifying whether the page background should be white or the default XLS background color. What the XLS background colour is may vary depending on the XLS viewer properties or the operating system color scheme.&lt;/td>
&lt;/tr>
&lt;tr>
&lt;td align="left">IS_DETECT_CELL_TYPE&lt;/td>
&lt;td align="left">Flag used to indicate whether the exporter should take into consideration the type of the original text field expressions and set the cell types and values accordingly.&lt;/td>
&lt;/tr>
&lt;tr>
&lt;td align="left">SHEET_NAMES&lt;/td>
&lt;td align="left">An array of strings representing custom sheet names. This is useful when used with the IS_ONE_PAGE_PER_SHEET parameter.&lt;/td>
&lt;/tr>
&lt;tr>
&lt;td align="left">IS_FONT_SIZE_FIX_ENABLED&lt;/td>
&lt;td align="left">Flag for decreasing font size so that text fits into the specified cell height.&lt;/td>
&lt;/tr>
&lt;tr>
&lt;td align="left">MAXIMUM_ROWS_PER_SHEET&lt;/td>
&lt;td align="left">An integer value specifying the maximum number of rows allowed to be shown in a sheet. When set, a new sheet is created for the remaining rows to be displayed. Negative values or zero means no limit has been set.&lt;/td>
&lt;/tr>
&lt;tr>
&lt;td align="left">IS_IGNORE_GRAPHICS&lt;/td>
&lt;td align="left">Flag for ignoring graphical elements and exporting text elements only.&lt;/td>
&lt;/tr>
&lt;tr>
&lt;td align="left">IS_COLLAPSE_ROW_SPAN&lt;/td>
&lt;td align="left">Flag for collapsing row span and avoid merging cells across rows.&lt;/td>
&lt;/tr>
&lt;tr>
&lt;td align="left">IS_IGNORE_CELL_BORDER&lt;/td>
&lt;td align="left">Flag for ignoring the cell border.&lt;/td>
&lt;/tr>
&lt;tr>
&lt;td align="left">IS_USE_EXCEL_CHART&lt;/td>
&lt;td align="left">Flag for using editable chart in Microsoft Excel format rather than static pictures. The default value is true.&lt;/td>
&lt;/tr>
&lt;/tbody>
&lt;/table>
&lt;/div></description></item></channel></rss>