<rss version="2.0" xmlns:atom="http://www.w3.org/2005/Atom"><channel><title>Documentation – Formula List</title><link>https://docs2.aspose.com/cells/reportingservices/reference/formulaeditorwindow/formula+list/</link><description>Recent content in Formula List on Documentation</description><generator>Hugo -- gohugo.io</generator><atom:link href="https://docs2.aspose.com/cells/reportingservices/reference/formulaeditorwindow/formula+list/index.xml" rel="self" type="application/rss+xml"/></channel></rss>