<rss version="2.0" xmlns:atom="http://www.w3.org/2005/Atom"><channel><title>Documentation – Pivot Tables</title><link>https://docs2.aspose.com/cells/cpp/developerguide/pivottables/</link><description>Recent content in Pivot Tables on Documentation</description><generator>Hugo -- gohugo.io</generator><atom:link href="https://docs2.aspose.com/cells/cpp/developerguide/pivottables/index.xml" rel="self" type="application/rss+xml"/><item><title>Cpp: Create Pivot Table</title><link>https://docs2.aspose.com/cells/cpp/developerguide/pivottables/create+pivot+table/</link><pubDate>Mon, 01 Jan 0001 00:00:00 +0000</pubDate><guid>https://docs2.aspose.com/cells/cpp/developerguide/pivottables/create+pivot+table/</guid><description>
&lt;p>Aspose.Cells for C++ : Create Pivot Table&lt;/p>
&lt;h1 id="asposecells-for-c--create-pivot-table">Aspose.Cells for C++ : Create Pivot Table&lt;/h1>
&lt;p>
&lt;div class="card my-3 border-top-0 border-right-0 border-bottom-0 border-left border-primary rounded" style="border-width:4px !important;">
&lt;div class="wrap border border-left-0 rounded">
&lt;div class="card-header border-0 bg-white pl-3 text-primary">
&lt;h3>Contents Summary&lt;/h3>
&lt;/div>
&lt;div class="card-body pt-1">
&lt;ul>
&lt;li>1 &lt;a href="#introduction">Introduction&lt;/a>&lt;/li>
&lt;li>2 &lt;a href="#create-pivot-table">Create Pivot Table&lt;/a>&lt;/li>
&lt;li>3 &lt;a href="#sample-code">Sample Code&lt;/a>&lt;/li>
&lt;/ul>
&lt;/div>
&lt;/div>
&lt;/div>
 &lt;/p>
&lt;p> &lt;/p>
&lt;h2 id="introduction">Introduction&lt;/h2>
&lt;p>Please use &lt;a href="https://apireference.aspose.com/cpp/cells/class/aspose.cells.pivot.i_pivot_table_collection/#a903a0eb3d7ef995c370f4a4385b25111">IPivotTableCollection.Add()&lt;/a> method to create a pivot table inside the worksheet. Once, the pivot table is created, you can work with it using the &lt;a href="https://apireference.aspose.com/cpp/cells/class/aspose.cells.pivot.i_pivot_table/">IPivotTable&lt;/a> class.&lt;/p>
&lt;h2 id="create-pivot-table">Create Pivot Table&lt;/h2>
&lt;p>The following sample code shows how to create a pivot table and work with it. Please check the &lt;a href="https://docs2.aspose.com/cells/cpp/attachments/22970931/23167010.xlsx">output excel file&lt;/a> generated with this code and the following screenshot showing the &lt;a href="https://docs2.aspose.com/cells/cpp/attachments/22970931/23167010.xlsx">output excel file&lt;/a> in Microsoft Excel.&lt;/p>
&lt;p>&lt;img src="https://docs2.aspose.com/cells/cpp/attachments/22970931/23167011.png" alt="">&lt;/p>
&lt;h2 id="sample-code">Sample Code&lt;/h2>
&lt;h2 id="attachments">Attachments:&lt;/h2>
&lt;p>&lt;img src="https://docs2.aspose.com/cells/cpp/images/icons/bullet_blue.gif" alt=""> &lt;a href="https://docs2.aspose.com/cells/cpp/attachments/22970931/23167010.xlsx">output.xlsx&lt;/a> (application/vnd.openxmlformats-officedocument.spreadsheetml.sheet)&lt;br>
&lt;img src="https://docs2.aspose.com/cells/cpp/images/icons/bullet_blue.gif" alt=""> &lt;a href="https://docs2.aspose.com/cells/cpp/attachments/22970931/23167011.png">sample-pivot-table-using-aspose.cells.png&lt;/a> (image/png)&lt;/p></description></item><item><title>Cpp: Manipulate Pivot Table</title><link>https://docs2.aspose.com/cells/cpp/developerguide/pivottables/manipulate+pivot+table/</link><pubDate>Mon, 01 Jan 0001 00:00:00 +0000</pubDate><guid>https://docs2.aspose.com/cells/cpp/developerguide/pivottables/manipulate+pivot+table/</guid><description>
&lt;p>Aspose.Cells for C++ : Manipulate Pivot Table&lt;/p>
&lt;h1 id="asposecells-for-c--manipulate-pivot-table">Aspose.Cells for C++ : Manipulate Pivot Table&lt;/h1>
&lt;p>
&lt;div class="card my-3 border-top-0 border-right-0 border-bottom-0 border-left border-primary rounded" style="border-width:4px !important;">
&lt;div class="wrap border border-left-0 rounded">
&lt;div class="card-header border-0 bg-white pl-3 text-primary">
&lt;h3>Contents Summary&lt;/h3>
&lt;/div>
&lt;div class="card-body pt-1">
&lt;ul>
&lt;li>1 &lt;a href="#possible-usage-scenarios">Possible Usage Scenarios&lt;/a>&lt;/li>
&lt;li>2 &lt;a href="#manipulate-pivot-table">Manipulate Pivot Table&lt;/a>&lt;/li>
&lt;li>3 &lt;a href="#sample-code">Sample Code&lt;/a>&lt;/li>
&lt;li>4 &lt;a href="#console-output">Console Output&lt;/a>&lt;/li>
&lt;/ul>
&lt;/div>
&lt;/div>
&lt;/div>
 &lt;/p>
&lt;p> &lt;/p>
&lt;h2 id="possible-usage-scenarios">Possible Usage Scenarios&lt;/h2>
&lt;p>Besides creating new pivot tables, you can manipulate the new and existing pivot tables. You can change the data in the source range of pivot table and then refresh and calculate it and attain the new values of pivot table cells. Please use &lt;a href="https://apireference.aspose.com/cpp/cells/class/aspose.cells.pivot.i_pivot_table/#ab6d71ded346508a1d4a93c59680ddaf6">IPivotTable.RefreshData()&lt;/a> and &lt;a href="https://apireference.aspose.com/cpp/cells/class/aspose.cells.pivot.i_pivot_table/#a3d6ffec8ce2a7a4ccb58e0452a1733dd">IPivotTable.CalculateData()&lt;/a> methods after you have changed the values in the source range of the pivot table to refresh the pivot table.&lt;/p>
&lt;h2 id="manipulate-pivot-table">Manipulate Pivot Table&lt;/h2>
&lt;p>The following sample code loads the &lt;a href="https://docs2.aspose.com/cells/cpp/attachments/22970933/23167013.xlsx">sample excel file&lt;/a> and accesses the existing pivot table insides its first worksheet. It changes the value of cell B3 which is inside the source range of pivot table and then refreshes the pivot table. Before it refreshes the pivot table, it accesses the value of pivot table cell H8 which is 15 and after refreshing the pivot table, its value changes to 6. Please see the &lt;a href="https://docs2.aspose.com/cells/cpp/attachments/22970933/23167014.xlsx">output excel file&lt;/a> generated with this code and the screenshot showing the effect of sample code on the sample excel file. Please also see the console output below which shows the value of the pivot table cell H8 before and after refreshing the pivot table.&lt;/p>
&lt;p>&lt;img src="https://docs2.aspose.com/cells/cpp/attachments/22970933/23167012.png" alt="">&lt;/p>
&lt;h2 id="sample-code">Sample Code&lt;/h2>
&lt;h2 id="console-output">Console Output&lt;/h2>
&lt;p>Below is the console output of the above sample code when executed with the provided &lt;a href="https://docs2.aspose.com/cells/cpp/attachments/22970933/23167013.xlsx">sample excel file&lt;/a>.&lt;/p>
&lt;div class="position-relative">
&lt;div class="position-absolute" style="right:0;">
&lt;button class="btn btn-light" data-clipboard-target="#clipboard_bf2ef1a8e8">
Copy
&lt;/button>
&lt;/div>
&lt;div id="clipboard_bf2ef1a8e8">
&lt;div class="highlight">&lt;pre style="background-color:#f8f8f8;-moz-tab-size:4;-o-tab-size:4;tab-size:4">&lt;code class="language-cs" data-lang="cs">
&lt;span style="color:#000">Before&lt;/span> &lt;span style="color:#000">refreshing&lt;/span> &lt;span style="color:#000">Pivot&lt;/span> &lt;span style="color:#000">Table&lt;/span> &lt;span style="color:#204a87;font-weight:bold">value&lt;/span> &lt;span style="color:#000">of&lt;/span> &lt;span style="color:#000">cell&lt;/span> &lt;span style="color:#000">H8&lt;/span>&lt;span style="color:#000;font-weight:bold">:&lt;/span> &lt;span style="color:#0000cf;font-weight:bold">15&lt;/span>
&lt;span style="color:#000">After&lt;/span> &lt;span style="color:#000">refreshing&lt;/span> &lt;span style="color:#000">Pivot&lt;/span> &lt;span style="color:#000">Table&lt;/span> &lt;span style="color:#204a87;font-weight:bold">value&lt;/span> &lt;span style="color:#000">of&lt;/span> &lt;span style="color:#000">cell&lt;/span> &lt;span style="color:#000">H8&lt;/span>&lt;span style="color:#000;font-weight:bold">:&lt;/span> &lt;span style="color:#0000cf;font-weight:bold">6&lt;/span>
&lt;/code>&lt;/pre>&lt;/div>
&lt;/div>
&lt;/div>
&lt;h2 id="attachments">Attachments:&lt;/h2>
&lt;p>&lt;img src="https://docs2.aspose.com/cells/cpp/images/icons/bullet_blue.gif" alt=""> &lt;a href="https://docs2.aspose.com/cells/cpp/attachments/22970933/23167012.png">refreshing-pivot-table-using-aspose.cells.png&lt;/a> (image/png)&lt;br>
&lt;img src="https://docs2.aspose.com/cells/cpp/images/icons/bullet_blue.gif" alt=""> &lt;a href="https://docs2.aspose.com/cells/cpp/attachments/22970933/23167014.xlsx">output.xlsx&lt;/a> (application/vnd.openxmlformats-officedocument.spreadsheetml.sheet)&lt;br>
&lt;img src="https://docs2.aspose.com/cells/cpp/images/icons/bullet_blue.gif" alt=""> &lt;a href="https://docs2.aspose.com/cells/cpp/attachments/22970933/23167013.xlsx">samplePivotTable.xlsx&lt;/a> (application/vnd.openxmlformats-officedocument.spreadsheetml.sheet)&lt;/p></description></item></channel></rss>