<rss version="2.0" xmlns:atom="http://www.w3.org/2005/Atom"><channel><title>Documentation – Release Notes - 2015</title><link>https://docs2.aspose.com/cells/reportingservices/releasenotes/2015/</link><description>Recent content in Release Notes - 2015 on Documentation</description><generator>Hugo -- gohugo.io</generator><atom:link href="https://docs2.aspose.com/cells/reportingservices/releasenotes/2015/index.xml" rel="self" type="application/rss+xml"/><item><title>Reportingservices: Aspose.Cells for Reporting Services 2.2.0 Release Notes</title><link>https://docs2.aspose.com/cells/reportingservices/releasenotes/2015/aspose.cells+for+reporting+services+2.2.0+release+notes/</link><pubDate>Mon, 01 Jan 0001 00:00:00 +0000</pubDate><guid>https://docs2.aspose.com/cells/reportingservices/releasenotes/2015/aspose.cells+for+reporting+services+2.2.0+release+notes/</guid><description>
&lt;p>Aspose.Cells for Reporting Services : Aspose.Cells for Reporting Services 2.2.0 Release Notes&lt;/p>
&lt;h1 id="asposecells-for-reporting-services--asposecells-for-reporting-services-220-release-notes">Aspose.Cells for Reporting Services : Aspose.Cells for Reporting Services 2.2.0 Release Notes&lt;/h1>
&lt;p>This page contains release notes for &lt;a href="http://www.aspose.com/downloads/cells/reportingservices/new-releases/aspose.cells-for-reporting-services-2.2.0/">Aspose.Cells for Reporting Services 2.2.0&lt;/a>&lt;/p>
&lt;p>Please welcome a new release of Aspose.Cells for Reporting Services V2.2.0.&lt;/p>
&lt;p>Major Features&lt;/p>
&lt;p>Other Improvements and Changes&lt;/p>
&lt;p>(SSRS-40164) Fit to Page feature for exporting Excel report&lt;/p>
&lt;p>Bugs&lt;/p>
&lt;p>(SSRS-40204) Export from SSRS is taking very long and returning an error&lt;/p>
&lt;p>(SSRS-40202) Export to Excel Error - same worksheet name already exists&lt;/p>
&lt;p>(SSRS-40201) After setting HisOption as 2 then clicking the cell ignores the rs:Format parameter when opening the hyperlink into the browser&lt;/p>
&lt;p>(SSRS-40200) The header seems to be missing when setting HisOption as 2&lt;/p>
&lt;p>(SSRS-40199) Integrity Index by Demo: Text is cutting&lt;/p>
&lt;p>(SSRS-40198) Integrity Index by Demo: Top header row is missing&lt;/p>
&lt;p>(SSRS-40197) Action Plan Tracking Report: Indentation of text in first column is not coming&lt;/p>
&lt;p>(SSRS-40196) Action Plan Tracking Report: Placement of Column Header on Action Plan Tracking Report is incorrect for FY 15 and header for FY14 is missing&lt;/p>
&lt;p>(SSRS-40195) Integrity Index Report: Indentation of text in first column is not coming&lt;/p>
&lt;p>(SSRS-40194) Integrity Index Report: Header is not merging&lt;/p>
&lt;p>(SSRS-40193) Integrity Index Report: Text is not completely visible in the cells&lt;/p>
&lt;p>(SSRS-40192) Cover Page Report: Current Date is not displayed&lt;/p>
&lt;p>(SSRS-40191) Cover Page Report: Space between the first line and second line is very less&lt;/p>
&lt;p>(SSRS-40190) Cover Page Report: Image is distorted&lt;/p>
&lt;p>(SSRS-40189) Dashboard Report - Engagement Impact Area text should be in BOLD in the fourth quad&lt;/p>
&lt;p>(SSRS-40188) Dashboard Report - Special characters are being displayed incorrectly on Quad 1 of Dashboard. For eg: &amp;quot; is being display instead of&lt;/p>
&lt;p>(SSRS-40187) Dashboard Engagement Score Report - Text not clearly visible in many reports.&lt;/p>
&lt;p>(SSRS-40186) Item Impact Analysis Report - Gray color background is appearing in first column.&lt;/p>
&lt;p>(SSRS-40185) Item Impact Analysis Report - Space on the top of report, between the title and table is more and spaces between the two headings on the top is less.&lt;/p>
&lt;p>(SSRS-40184) Integrity Index Report - Report is not getting export in XLSX, giving error : &amp;ldquo;An error occurred while exporting the report.&amp;rdquo;&lt;/p>
&lt;p>(SSRS-40183) Dashboard Report - In the fourth quad there is a lot of space between the text and the improve, sustain &amp;amp; monitor categories.&lt;/p>
&lt;p>(SSRS-40182) Dashboard Report - Engagement score should be in BOLD in the third quad.&lt;/p>
&lt;p>(SSRS-40181) No Document Map in Aspose.Cells 2.1.0&lt;/p>
&lt;p>(SSRS-40180) Is it possible to auto create &amp;ldquo;defined names&amp;rdquo;?&lt;/p>
&lt;p>(SSRS-40179) Exception occurring on export - Additional non-parsable characters are at the end of the string.&lt;/p>
&lt;p>(SSRS-40178) Excel Encryption Issue&lt;/p>
&lt;p>(SSRS-40177) A lot of space being displayed between paragraph and table&lt;/p>
&lt;p>(SSRS-40176) Dashboard 4th quadrant height should be similar to 3rd quadrant&lt;/p>
&lt;p>(SSRS-40175) Wrapping issue - text are cutting&lt;/p>
&lt;p>(SSRS-40174) Excel unreadable content popup on the MDX_ItemImpactAnalysis RDL Export&lt;/p>
&lt;p>(SSRS-40173) Formatting issues in Dashboard RDL Export&lt;/p>
&lt;p>(SSRS-40171) Error rendering document map&lt;/p>
&lt;p>(SSRS-40170) &amp;ldquo;Excel found unreadable content&amp;hellip;&amp;rdquo; popup occuring in the reports which are using sub reports&lt;/p>
&lt;p>(SSRS-40169) Visible grouped rows set hidden in the exported Excel file (XLSX)&lt;/p>
&lt;p>(SSRS-40168) Row groupings are lost in the rendered XLSX file format&lt;/p>
&lt;p>(SSRS-40167) Exception occuring: Unknown image format:Parameter is not valid.&lt;/p>
&lt;p>(SSRS-40166) Wrap Text not working using Aspose.Cells for Reporting&lt;/p>
&lt;p>(SSRS-40165) Exporting a report fails - &amp;ldquo;Could not find any recognizable digits.&amp;rdquo; error occured&lt;/p>
&lt;p>(SSRS-40163) Custom UI Runtime Error in Aspose.Cells.ReportingServices.Client.xlam&lt;/p>
&lt;p>(SSRS-40162) Aspose.Cells for RS gives Run-time error &amp;lsquo;429&amp;rsquo; on Excel 2013 (Windows 8)&lt;/p>
&lt;p>(SSRS-40160) Saving and Publishing Aspose Cells SSRS report fail&lt;/p></description></item></channel></rss>