<rss version="2.0" xmlns:atom="http://www.w3.org/2005/Atom"><channel><title>Documentation – Setting Report Attributes</title><link>https://docs2.aspose.com/cells/reportingservices/userguide/creatingtabularreport/setting+report+attributes/</link><description>Recent content in Setting Report Attributes on Documentation</description><generator>Hugo -- gohugo.io</generator><atom:link href="https://docs2.aspose.com/cells/reportingservices/userguide/creatingtabularreport/setting+report+attributes/index.xml" rel="self" type="application/rss+xml"/></channel></rss>