<rss version="2.0" xmlns:atom="http://www.w3.org/2005/Atom"><channel><title>Documentation – Using MSI Installer</title><link>https://docs2.aspose.com/cells/reportingservices/installation/installing/using+msi+installer/</link><description>Recent content in Using MSI Installer on Documentation</description><generator>Hugo -- gohugo.io</generator><atom:link href="https://docs2.aspose.com/cells/reportingservices/installation/installing/using+msi+installer/index.xml" rel="self" type="application/rss+xml"/></channel></rss>