<rss version="2.0" xmlns:atom="http://www.w3.org/2005/Atom"><channel><title>Documentation – Release Notes - 2010</title><link>https://docs2.aspose.com/cells/sharepoint/releasenotes/2010/</link><description>Recent content in Release Notes - 2010 on Documentation</description><generator>Hugo -- gohugo.io</generator><atom:link href="https://docs2.aspose.com/cells/sharepoint/releasenotes/2010/index.xml" rel="self" type="application/rss+xml"/><item><title>Sharepoint: Aspose.Cells for SharePoint 1.0.0 Release Notes</title><link>https://docs2.aspose.com/cells/sharepoint/releasenotes/2010/aspose.cells+for+sharepoint+1.0.0+release+notes/</link><pubDate>Mon, 01 Jan 0001 00:00:00 +0000</pubDate><guid>https://docs2.aspose.com/cells/sharepoint/releasenotes/2010/aspose.cells+for+sharepoint+1.0.0+release+notes/</guid><description>
&lt;p>Aspose.Cells for SharePoint : Aspose.Cells for SharePoint 1.0.0 Release Notes&lt;/p>
&lt;h1 id="asposecells-for-sharepoint--asposecells-for-sharepoint-100-release-notes">Aspose.Cells for SharePoint : Aspose.Cells for SharePoint 1.0.0 Release Notes&lt;/h1>
&lt;p>This page contains release notes for &lt;a href="http://www.aspose.com/downloads/cells/sharepoint/new-releases/aspose.cells-for-sharepoint-1.0.0/">Aspose.Cells for SharePoint 1.0.0&lt;/a>&lt;/p>
&lt;p>We are happy to announce Aspose.Cells for SharePoint v1.0.0!&lt;/p>
&lt;p>What&amp;rsquo;s new:&lt;/p>
&lt;ul>
&lt;li>Support for MS Excel input formats:  XLS, XLSX, XLST, XLSM, CSV, ODS, SpreadsheetML, TXT.&lt;/li>
&lt;li>Support for output formats:  XLS, XLSX, CSV, HTML, ODS, PDF, SpreadsheetML, TXT.&lt;/li>
&lt;/ul></description></item><item><title>Sharepoint: Aspose.Cells for SharePoint 2.0.0 Release Notes</title><link>https://docs2.aspose.com/cells/sharepoint/releasenotes/2010/aspose.cells+for+sharepoint+2.0.0+release+notes/</link><pubDate>Mon, 01 Jan 0001 00:00:00 +0000</pubDate><guid>https://docs2.aspose.com/cells/sharepoint/releasenotes/2010/aspose.cells+for+sharepoint+2.0.0+release+notes/</guid><description>
&lt;p>Aspose.Cells for SharePoint : Aspose.Cells for SharePoint 2.0.0 Release Notes&lt;/p>
&lt;h1 id="asposecells-for-sharepoint--asposecells-for-sharepoint-200-release-notes">Aspose.Cells for SharePoint : Aspose.Cells for SharePoint 2.0.0 Release Notes&lt;/h1>
&lt;p>This page contains release notes for &lt;a href="http://www.aspose.com/downloads/cells/sharepoint/new-releases/aspose.cells-for-sharepoint-2.0.0/">Aspose.Cells for SharePoint 2.0.0&lt;/a>&lt;/p>
&lt;p>We are happy to announce Aspose.Cells for SharePoint v2.0.0!&lt;/p>
&lt;p>What&amp;rsquo;s new:&lt;/p>
&lt;p>·         Supports Microsoft SharePoint Server 2010.&lt;/p>
&lt;p>·         Adds &amp;ldquo;Overwrite&amp;rdquo; option in file conversion settings page.&lt;/p></description></item></channel></rss>