<rss version="2.0" xmlns:atom="http://www.w3.org/2005/Atom"><channel><title>Documentation – Comprehensive RDL Support</title><link>https://docs2.aspose.com/cells/reportingservices/gettingstarted/features/comprehensive+rdl+support/</link><description>Recent content in Comprehensive RDL Support on Documentation</description><generator>Hugo -- gohugo.io</generator><atom:link href="https://docs2.aspose.com/cells/reportingservices/gettingstarted/features/comprehensive+rdl+support/index.xml" rel="self" type="application/rss+xml"/></channel></rss>