<rss version="2.0" xmlns:atom="http://www.w3.org/2005/Atom"><channel><title>Documentation – Aspose Tools Toolbar - only supported in SharePoint 2010</title><link>https://docs2.aspose.com/cells/sharepoint/productinformation/features/aspose+tools+toolbar+-+only+supported+in+sharepoint+2010/</link><description>Recent content in Aspose Tools Toolbar - only supported in SharePoint 2010 on Documentation</description><generator>Hugo -- gohugo.io</generator><atom:link href="https://docs2.aspose.com/cells/sharepoint/productinformation/features/aspose+tools+toolbar+-+only+supported+in+sharepoint+2010/index.xml" rel="self" type="application/rss+xml"/></channel></rss>