<rss version="2.0" xmlns:atom="http://www.w3.org/2005/Atom"><channel><title>Documentation – Miscellaneous</title><link>https://docs2.aspose.com/cells/reportingservices/gettingstarted/features/miscellaneous/</link><description>Recent content in Miscellaneous on Documentation</description><generator>Hugo -- gohugo.io</generator><atom:link href="https://docs2.aspose.com/cells/reportingservices/gettingstarted/features/miscellaneous/index.xml" rel="self" type="application/rss+xml"/></channel></rss>