<rss version="2.0" xmlns:atom="http://www.w3.org/2005/Atom"><channel><title>Documentation – User Guide</title><link>https://docs2.aspose.com/cells/jasperreports/userguide/</link><description>Recent content in User Guide on Documentation</description><generator>Hugo -- gohugo.io</generator><atom:link href="https://docs2.aspose.com/cells/jasperreports/userguide/index.xml" rel="self" type="application/rss+xml"/><item><title>Jasperreports: Filling a .jasper File with Editable Chart Support</title><link>https://docs2.aspose.com/cells/jasperreports/userguide/filling+a+.jasper+file+with+editable+chart+support/</link><pubDate>Mon, 01 Jan 0001 00:00:00 +0000</pubDate><guid>https://docs2.aspose.com/cells/jasperreports/userguide/filling+a+.jasper+file+with+editable+chart+support/</guid><description>
&lt;p>Aspose.Cells for JasperReports : Filling a .jasper File with Editable Chart Support&lt;/p>
&lt;h1 id="asposecells-for-jasperreports--filling-a-jasper-file-with-editable-chart-support">Aspose.Cells for JasperReports : Filling a .jasper File with Editable Chart Support&lt;/h1>
&lt;p>Aspose.Cells for JasperReports requires a .jasper file to be filled to a .jrprint or a JasperPrint object before it can be exported to an XLS file. There&amp;rsquo;s no modification needed for the .jrxml file whatsoever. The filling procedure stores internal representations of charts into the JasperPrint object which is then used to generate editable charts.&lt;/p>
&lt;p>Please read JasperReports&amp;rsquo; documentation for detailed description of how to fill a report.&lt;/p>
&lt;p>Here&amp;rsquo;s an example:&lt;/p>
&lt;p>&lt;strong>Java&lt;/strong>&lt;/p>
&lt;div class="position-relative">
&lt;div class="position-absolute" style="right:0;">
&lt;button class="btn btn-light" data-clipboard-target="#clipboard_24d7268a4f">
Copy
&lt;/button>
&lt;/div>
&lt;div id="clipboard_24d7268a4f">
&lt;div class="highlight">&lt;pre style="background-color:#f8f8f8;-moz-tab-size:4;-o-tab-size:4;tab-size:4">&lt;code class="language-java" data-lang="java">
&lt;span style="color:#000">JasperPrint&lt;/span> &lt;span style="color:#000">jasperPrint&lt;/span> &lt;span style="color:#ce5c00;font-weight:bold">=&lt;/span> &lt;span style="color:#000">JasperFillManager&lt;/span>&lt;span style="color:#ce5c00;font-weight:bold">.&lt;/span>&lt;span style="color:#c4a000">fillReport&lt;/span>&lt;span style="color:#ce5c00;font-weight:bold">(&lt;/span>&lt;span style="color:#000">jasperFileName&lt;/span>&lt;span style="color:#ce5c00;font-weight:bold">,&lt;/span> &lt;span style="color:#000">parameters&lt;/span>&lt;span style="color:#ce5c00;font-weight:bold">,&lt;/span> &lt;span style="color:#000">getConnection&lt;/span>&lt;span style="color:#ce5c00;font-weight:bold">());&lt;/span>
&lt;/code>&lt;/pre>&lt;/div>
&lt;/div>
&lt;/div></description></item><item><title>Jasperreports: Exporting .jrprint Files to XLS Formats</title><link>https://docs2.aspose.com/cells/jasperreports/userguide/exporting+.jrprint+files+to+xls+formats/</link><pubDate>Mon, 01 Jan 0001 00:00:00 +0000</pubDate><guid>https://docs2.aspose.com/cells/jasperreports/userguide/exporting+.jrprint+files+to+xls+formats/</guid><description>
&lt;p>Aspose.Cells for JasperReports : Exporting .jrprint Files to XLS Formats&lt;/p>
&lt;h1 id="asposecells-for-jasperreports--exporting-jrprint-files-to-xls-formats">Aspose.Cells for JasperReports : Exporting .jrprint Files to XLS Formats&lt;/h1>
&lt;p>Aspose.Cells for JasperReports provides a class named &lt;code>ACXlsExporter&lt;/code> for exporting reports to XLS files. It takes a .jrprint file or a JasperPrint object as its input, and exports it to an XLS file.&lt;/p>
&lt;p>The following code snippet demonstrates how to export the &lt;code>jasperPrint&lt;/code> object to some file path, for example, &lt;code>destFile&lt;/code>.&lt;/p>
&lt;p>&lt;strong>Java&lt;/strong>&lt;/p>
&lt;div class="position-relative">
&lt;div class="position-absolute" style="right:0;">
&lt;button class="btn btn-light" data-clipboard-target="#clipboard_ff3232f213">
Copy
&lt;/button>
&lt;/div>
&lt;div id="clipboard_ff3232f213">
&lt;div class="highlight">&lt;pre style="background-color:#f8f8f8;-moz-tab-size:4;-o-tab-size:4;tab-size:4">&lt;code class="language-java" data-lang="java">
&lt;span style="color:#204a87;font-weight:bold">import&lt;/span> &lt;span style="color:#000">com.aspose.cells.jasperreports.&lt;/span> &lt;span style="color:#000">ACXlsExporter&lt;/span>&lt;span style="color:#ce5c00;font-weight:bold">;&lt;/span>
&lt;span style="color:#ce5c00;font-weight:bold">.................&lt;/span>
&lt;span style="color:#000">ACXlsExporter&lt;/span> &lt;span style="color:#000">exporter&lt;/span> &lt;span style="color:#ce5c00;font-weight:bold">=&lt;/span> &lt;span style="color:#204a87;font-weight:bold">new&lt;/span> &lt;span style="color:#000">ACXlsExporter&lt;/span> &lt;span style="color:#ce5c00;font-weight:bold">();&lt;/span>
&lt;span style="color:#000">exporter&lt;/span>&lt;span style="color:#ce5c00;font-weight:bold">.&lt;/span>&lt;span style="color:#c4a000">setParameter&lt;/span>&lt;span style="color:#ce5c00;font-weight:bold">(&lt;/span>&lt;span style="color:#000">JRExporterParameter&lt;/span>&lt;span style="color:#ce5c00;font-weight:bold">.&lt;/span>&lt;span style="color:#c4a000">JASPER_PRINT&lt;/span>&lt;span style="color:#ce5c00;font-weight:bold">,&lt;/span> &lt;span style="color:#000">jasperPrint&lt;/span>&lt;span style="color:#ce5c00;font-weight:bold">);&lt;/span>
&lt;span style="color:#000">exporter&lt;/span>&lt;span style="color:#ce5c00;font-weight:bold">.&lt;/span>&lt;span style="color:#c4a000">setParameter&lt;/span>&lt;span style="color:#ce5c00;font-weight:bold">(&lt;/span>&lt;span style="color:#000">JRExporterParameter&lt;/span>&lt;span style="color:#ce5c00;font-weight:bold">.&lt;/span>&lt;span style="color:#c4a000">OUTPUT_FILE_NAME&lt;/span>&lt;span style="color:#ce5c00;font-weight:bold">,&lt;/span> &lt;span style="color:#000">destFile&lt;/span>&lt;span style="color:#ce5c00;font-weight:bold">.&lt;/span>&lt;span style="color:#c4a000">toString&lt;/span>&lt;span style="color:#ce5c00;font-weight:bold">());&lt;/span>
&lt;span style="color:#000">exporter&lt;/span>&lt;span style="color:#ce5c00;font-weight:bold">.&lt;/span>&lt;span style="color:#c4a000">setParameter&lt;/span>&lt;span style="color:#ce5c00;font-weight:bold">(&lt;/span>&lt;span style="color:#000">JRXlsExporterParameter&lt;/span>&lt;span style="color:#ce5c00;font-weight:bold">.&lt;/span>&lt;span style="color:#c4a000">IS_ONE_PAGE_PER_SHEET&lt;/span>&lt;span style="color:#ce5c00;font-weight:bold">,&lt;/span> &lt;span style="color:#000">Boolean&lt;/span>&lt;span style="color:#ce5c00;font-weight:bold">.&lt;/span>&lt;span style="color:#c4a000">TRUE&lt;/span>&lt;span style="color:#ce5c00;font-weight:bold">);&lt;/span>
&lt;span style="color:#000">exporter&lt;/span>&lt;span style="color:#ce5c00;font-weight:bold">.&lt;/span>&lt;span style="color:#c4a000">setParameter&lt;/span>&lt;span style="color:#ce5c00;font-weight:bold">(&lt;/span>&lt;span style="color:#000">ACXlsExporterParameter&lt;/span>&lt;span style="color:#ce5c00;font-weight:bold">.&lt;/span>&lt;span style="color:#c4a000">IS_USE_EXCEL_CHART&lt;/span>&lt;span style="color:#ce5c00;font-weight:bold">,&lt;/span> &lt;span style="color:#000">Boolean&lt;/span>&lt;span style="color:#ce5c00;font-weight:bold">.&lt;/span>&lt;span style="color:#c4a000">FALSE&lt;/span>&lt;span style="color:#ce5c00;font-weight:bold">);&lt;/span>
&lt;span style="color:#000">exporter&lt;/span>&lt;span style="color:#ce5c00;font-weight:bold">.&lt;/span>&lt;span style="color:#c4a000">exportReport&lt;/span>&lt;span style="color:#ce5c00;font-weight:bold">();&lt;/span>
&lt;/code>&lt;/pre>&lt;/div>
&lt;/div>
&lt;/div></description></item></channel></rss>