<rss version="2.0" xmlns:atom="http://www.w3.org/2005/Atom"><channel><title>Documentation – Release Notes</title><link>https://docs2.aspose.com/cells/cpp/releasenotes/</link><description>Recent content in Release Notes on Documentation</description><generator>Hugo -- gohugo.io</generator><atom:link href="https://docs2.aspose.com/cells/cpp/releasenotes/index.xml" rel="self" type="application/rss+xml"/><item><title>Cpp: Release Notes - 2019</title><link>https://docs2.aspose.com/cells/cpp/releasenotes/2019/</link><pubDate>Mon, 01 Jan 0001 00:00:00 +0000</pubDate><guid>https://docs2.aspose.com/cells/cpp/releasenotes/2019/</guid><description>
&lt;p>Aspose.Cells for C++ : Release Notes - 2019&lt;/p>
&lt;h1 id="asposecells-for-c--release-notes---2019">Aspose.Cells for C++ : Release Notes - 2019&lt;/h1></description></item><item><title>Cpp: Release Notes - 2018</title><link>https://docs2.aspose.com/cells/cpp/releasenotes/2018/</link><pubDate>Mon, 01 Jan 0001 00:00:00 +0000</pubDate><guid>https://docs2.aspose.com/cells/cpp/releasenotes/2018/</guid><description>
&lt;p>Aspose.Cells for C++ : Release Notes - 2018&lt;/p>
&lt;h1 id="asposecells-for-c--release-notes---2018">Aspose.Cells for C++ : Release Notes - 2018&lt;/h1></description></item><item><title>Cpp: Release Notes - 2017</title><link>https://docs2.aspose.com/cells/cpp/releasenotes/2017/</link><pubDate>Mon, 01 Jan 0001 00:00:00 +0000</pubDate><guid>https://docs2.aspose.com/cells/cpp/releasenotes/2017/</guid><description>
&lt;p>Aspose.Cells for C++ : Release Notes - 2017&lt;/p>
&lt;h1 id="asposecells-for-c--release-notes---2017">Aspose.Cells for C++ : Release Notes - 2017&lt;/h1></description></item><item><title>Cpp: Release Notes - 2016</title><link>https://docs2.aspose.com/cells/cpp/releasenotes/2016/</link><pubDate>Mon, 01 Jan 0001 00:00:00 +0000</pubDate><guid>https://docs2.aspose.com/cells/cpp/releasenotes/2016/</guid><description>
&lt;p>Aspose.Cells for C++ : Release Notes - 2016&lt;/p>
&lt;h1 id="asposecells-for-c--release-notes---2016">Aspose.Cells for C++ : Release Notes - 2016&lt;/h1></description></item></channel></rss>