<rss version="2.0" xmlns:atom="http://www.w3.org/2005/Atom"><channel><title>Documentation – Grouping Ungrouping Rows and Columns</title><link>https://docs2.aspose.com/cells/cpp/developerguide/rowsandcolumns/grouping+ungrouping+rows+and+columns/</link><description>Recent content in Grouping Ungrouping Rows and Columns on Documentation</description><generator>Hugo -- gohugo.io</generator><atom:link href="https://docs2.aspose.com/cells/cpp/developerguide/rowsandcolumns/grouping+ungrouping+rows+and+columns/index.xml" rel="self" type="application/rss+xml"/></channel></rss>