<rss version="2.0" xmlns:atom="http://www.w3.org/2005/Atom"><channel><title>Documentation – System Requirements</title><link>https://docs2.aspose.com/cells/sharepoint/productinformation/system+requirements/</link><description>Recent content in System Requirements on Documentation</description><generator>Hugo -- gohugo.io</generator><atom:link href="https://docs2.aspose.com/cells/sharepoint/productinformation/system+requirements/index.xml" rel="self" type="application/rss+xml"/></channel></rss>