<rss version="2.0" xmlns:atom="http://www.w3.org/2005/Atom"><channel><title>Documentation – Recognize self-closing tags</title><link>https://docs2.aspose.com/cells/pythonjava/developerguide/html/recognize+self-closing+tags/</link><description>Recent content in Recognize self-closing tags on Documentation</description><generator>Hugo -- gohugo.io</generator><atom:link href="https://docs2.aspose.com/cells/pythonjava/developerguide/html/recognize+self-closing+tags/index.xml" rel="self" type="application/rss+xml"/></channel></rss>