<rss version="2.0" xmlns:atom="http://www.w3.org/2005/Atom"><channel><title>Documentation – Aspose.Cells for Reporting Services Report Designer</title><link>https://docs2.aspose.com/cells/reportingservices/newfeatures/reportdesigner/</link><description>Recent content in Aspose.Cells for Reporting Services Report Designer on Documentation</description><generator>Hugo -- gohugo.io</generator><atom:link href="https://docs2.aspose.com/cells/reportingservices/newfeatures/reportdesigner/index.xml" rel="self" type="application/rss+xml"/><item><title>Reportingservices: Support Shared datasets</title><link>https://docs2.aspose.com/cells/reportingservices/newfeatures/reportdesigner/support+shared+datasets/</link><pubDate>Mon, 01 Jan 0001 00:00:00 +0000</pubDate><guid>https://docs2.aspose.com/cells/reportingservices/newfeatures/reportdesigner/support+shared+datasets/</guid><description>
&lt;p>Aspose.Cells for Reporting Services : Support Shared datasets&lt;/p>
&lt;h1 id="asposecells-for-reporting-services--support-shared-datasets">Aspose.Cells for Reporting Services : Support Shared datasets&lt;/h1>
&lt;p>Aspose.Cells for Reporting Services supports SSRS 2008R2 shared datasets. When the Aspose.Cells Report Designer opens a report definition file which includes shared datasets, it can automatically get dataset information which includes fields form report server.&lt;/p></description></item><item><title>Reportingservices: Import Report Definition File for SSRS2008 or SSRS2008R2</title><link>https://docs2.aspose.com/cells/reportingservices/newfeatures/reportdesigner/import+report+definition+file+for+ssrs2008+or+ssrs2008r2/</link><pubDate>Mon, 01 Jan 0001 00:00:00 +0000</pubDate><guid>https://docs2.aspose.com/cells/reportingservices/newfeatures/reportdesigner/import+report+definition+file+for+ssrs2008+or+ssrs2008r2/</guid><description>
&lt;p>Aspose.Cells for Reporting Services : Import Report Definition File for SSRS2008 or SSRS2008R2&lt;/p>
&lt;h1 id="asposecells-for-reporting-services--import-report-definition-file-for-ssrs2008-or-ssrs2008r2">Aspose.Cells for Reporting Services : Import Report Definition File for SSRS2008 or SSRS2008R2&lt;/h1>
&lt;p>When Aspose.Cells for Reporting Services Report Designer opens a report definition file, it can import report items into a Microsoft Excel file.&lt;/p></description></item><item><title>Reportingservices: Configuring Report Servers to store or cache the report server data</title><link>https://docs2.aspose.com/cells/reportingservices/newfeatures/reportdesigner/configuring+report+servers+to+store+or+cache+the+report+server+data/</link><pubDate>Mon, 01 Jan 0001 00:00:00 +0000</pubDate><guid>https://docs2.aspose.com/cells/reportingservices/newfeatures/reportdesigner/configuring+report+servers+to+store+or+cache+the+report+server+data/</guid><description>
&lt;p>Aspose.Cells for Reporting Services : Configuring Report Servers to store or cache the report server data&lt;/p>
&lt;h1 id="asposecells-for-reporting-services--configuring-report-servers-to-store-or-cache-the-report-server-data">Aspose.Cells for Reporting Services : Configuring Report Servers to store or cache the report server data&lt;/h1>
&lt;p>The Aspose.Cells for Reporting Services Report Designer saves the current accessed report server URL. When you open the Report Server Manager dialog in the Aspose.Cells Report Designer again, the dialog form automatically loads the saved report server information.&lt;/p></description></item><item><title>Reportingservices: Support tablix group page break</title><link>https://docs2.aspose.com/cells/reportingservices/newfeatures/reportdesigner/support+tablix+group+page+break/</link><pubDate>Mon, 01 Jan 0001 00:00:00 +0000</pubDate><guid>https://docs2.aspose.com/cells/reportingservices/newfeatures/reportdesigner/support+tablix+group+page+break/</guid><description>
&lt;p>Aspose.Cells for Reporting Services : Support tablix group page break&lt;/p>
&lt;h1 id="asposecells-for-reporting-services--support-tablix-group-page-break">Aspose.Cells for Reporting Services : Support tablix group page break&lt;/h1>
&lt;p>It sets Group Page Break (Between) and Page Break for table report item. The default value is set to no page break. &lt;/p>
&lt;p>&lt;img src="https://docs2.aspose.com/cells/reportingservices/attachments/95322270/95584274.png" alt="">&lt;/p>
&lt;h2 id="attachments">Attachments:&lt;/h2>
&lt;p>&lt;img src="https://docs2.aspose.com/cells/reportingservices/images/icons/bullet_blue.gif" alt=""> &lt;a href="https://docs2.aspose.com/cells/reportingservices/attachments/95322270/95584274.png">TablixGroupPageBreak.png&lt;/a> (image/png)&lt;/p></description></item></channel></rss>