<rss version="2.0" xmlns:atom="http://www.w3.org/2005/Atom"><channel><title>Documentation – Install Aspose.Cells for SharePoint</title><link>https://docs2.aspose.com/cells/sharepoint/productinformation/install/</link><description>Recent content in Install Aspose.Cells for SharePoint on Documentation</description><generator>Hugo -- gohugo.io</generator><atom:link href="https://docs2.aspose.com/cells/sharepoint/productinformation/install/index.xml" rel="self" type="application/rss+xml"/><item><title>Sharepoint: Installing Aspose.Cells for SharePoint</title><link>https://docs2.aspose.com/cells/sharepoint/productinformation/install/installing+aspose.cells+for+sharepoint/</link><pubDate>Mon, 01 Jan 0001 00:00:00 +0000</pubDate><guid>https://docs2.aspose.com/cells/sharepoint/productinformation/install/installing+aspose.cells+for+sharepoint/</guid><description>
&lt;p>Aspose.Cells for SharePoint : Installing Aspose.Cells for SharePoint&lt;/p>
&lt;h1 id="asposecells-for-sharepoint--installing-asposecells-for-sharepoint">Aspose.Cells for SharePoint : Installing Aspose.Cells for SharePoint&lt;/h1>
&lt;p>Aspose.Cells for SharePoint is downloadable as the Aspose.Cells.SharePoint.zip archive.&lt;/p>
&lt;h3 id="archive-contents">Archive Contents&lt;/h3>
&lt;p>The Aspose.Cells.SharePoint.zip archive contains:&lt;/p>
&lt;ul>
&lt;li>Aspose.Cells.SharePoint.wsp – SharePoint solution file. Aspose.Cells for SharePoint is packaged as a SharePoint solution to facilitate deployment/retraction and feature activation/deactivation across the server farm.&lt;/li>
&lt;li>Aspose_LicenseAgreement.rtf – End user license agreement&lt;/li>
&lt;li>Aspose.Cells for SharePoint.pdf – User documentation&lt;/li>
&lt;li>Aspose.Cells for SharePoint Documentation.chm – User documentation with Public API reference&lt;/li>
&lt;li>setup.exe – Setup program&lt;/li>
&lt;li>setup.exe.config – Setup configuration file&lt;/li>
&lt;/ul>
&lt;p>The setup program checks the following conditions before proceeding with installation:&lt;/p>
&lt;ul>
&lt;li>WSS 3.0, MOSS 2007 or SharePoint 2010 is installed.&lt;/li>
&lt;li>The user has permission to install SharePoint solutions.&lt;/li>
&lt;li>SharePoint database is online.&lt;/li>
&lt;li>WSS Administration service is started.&lt;/li>
&lt;li>WSS Timer service is started.&lt;/li>
&lt;/ul>
&lt;p>WSS Administration service and Timer service are needed because some setup actions rely on a timer job to propagate to all servers in the server farm.&lt;/p>
&lt;h4 id="to-install-asposecells-for-sharepoint">To install Aspose.Cells for SharePoint&lt;/h4>
&lt;ol>
&lt;li>Unpack Aspose.Cells.SharePoint zip to the local drive of the MOSS 7.0 or WSS 3.0 server.&lt;/li>
&lt;li>Run setup.exe and follow the instructions on the screen.&lt;/li>
&lt;/ol>
&lt;p>The setup program performs the following actions:&lt;/p>
&lt;ol>
&lt;li>
&lt;p>Check installation prerequisites. Setup will not continue if any check fails.&lt;/p>
&lt;p>&lt;strong>System check&lt;/strong>&lt;br>
&lt;img src="https://docs2.aspose.com/cells/sharepoint/attachments/6356999/6488089.png" alt="">&lt;/p>
&lt;/li>
&lt;li>
&lt;p>Display End User License Agreement. The user must accept the agreement in order to proceed.&lt;/p>
&lt;p>&lt;strong>The EULA&lt;/strong>&lt;br>
&lt;img src="https://docs2.aspose.com/cells/sharepoint/attachments/6356999/6488098.png" alt="">&lt;/p>
&lt;/li>
&lt;li>
&lt;p>Display deployment target selection dialog. The user selects web applications and site collections where the feature shall be activated. See the figure below.&lt;/p>
&lt;p>&lt;strong>Deployment targets&lt;/strong>&lt;br>
&lt;img src="https://docs2.aspose.com/cells/sharepoint/attachments/6356999/6488099.png" alt="">&lt;/p>
&lt;/li>
&lt;li>
&lt;p>Deploy the feature to the server farm.&lt;/p>
&lt;p>&lt;strong>Running installation&lt;/strong>&lt;br>
&lt;img src="https://docs2.aspose.com/cells/sharepoint/attachments/6356999/6488100.png" alt="">&lt;/p>
&lt;/li>
&lt;li>
&lt;p>Activate the feature for the selected site collections and configure their parent web applications.&lt;/p>
&lt;/li>
&lt;li>
&lt;p>Display a list of web applications and site collections where the feature has been deployed and activated.&lt;/p>
&lt;p>&lt;strong>Installation complete&lt;/strong>&lt;br>
&lt;img src="https://docs2.aspose.com/cells/sharepoint/attachments/6356999/6488101.png" alt="">&lt;/p>
&lt;/li>
&lt;/ol>
&lt;h2 id="attachments">Attachments:&lt;/h2>
&lt;p>&lt;img src="https://docs2.aspose.com/cells/sharepoint/images/icons/bullet_blue.gif" alt=""> &lt;a href="https://docs2.aspose.com/cells/sharepoint/attachments/6356999/6488089.png">Installing Aspose.Cells for SharePoint-001.png&lt;/a> (image/png)&lt;br>
&lt;img src="https://docs2.aspose.com/cells/sharepoint/images/icons/bullet_blue.gif" alt=""> &lt;a href="https://docs2.aspose.com/cells/sharepoint/attachments/6356999/6488098.png">Installing Aspose.Cells for SharePoint-002.png&lt;/a> (image/png)&lt;br>
&lt;img src="https://docs2.aspose.com/cells/sharepoint/images/icons/bullet_blue.gif" alt=""> &lt;a href="https://docs2.aspose.com/cells/sharepoint/attachments/6356999/6488099.png">Installing Aspose.Cells for SharePoint-003.png&lt;/a> (image/png)&lt;br>
&lt;img src="https://docs2.aspose.com/cells/sharepoint/images/icons/bullet_blue.gif" alt=""> &lt;a href="https://docs2.aspose.com/cells/sharepoint/attachments/6356999/6488100.png">Installing Aspose.Cells for SharePoint-004.png&lt;/a> (image/png)&lt;br>
&lt;img src="https://docs2.aspose.com/cells/sharepoint/images/icons/bullet_blue.gif" alt=""> &lt;a href="https://docs2.aspose.com/cells/sharepoint/attachments/6356999/6488101.png">Installing Aspose.Cells for SharePoint-005.png&lt;/a> (image/png)&lt;/p></description></item><item><title>Sharepoint: Deployment and Activation</title><link>https://docs2.aspose.com/cells/sharepoint/productinformation/install/deployment+and+activation/</link><pubDate>Mon, 01 Jan 0001 00:00:00 +0000</pubDate><guid>https://docs2.aspose.com/cells/sharepoint/productinformation/install/deployment+and+activation/</guid><description>
&lt;p>Aspose.Cells for SharePoint : Deployment and Activation&lt;/p>
&lt;h1 id="asposecells-for-sharepoint--deployment-and-activation">Aspose.Cells for SharePoint : Deployment and Activation&lt;/h1>
&lt;p>&lt;a href="https://docs2.aspose.com/cells/sharepoint/productinformation/install/installing+aspose.cells+for+sharepoint">Installing Aspose.Cells for SharePoint&lt;/a> walks you through the installation process. This article explains what the installation process is deployed and activated.&lt;/p>
&lt;h3 id="deployment">Deployment&lt;/h3>
&lt;p>Aspose.Cells for SharePoint performs the following actions during deployment:&lt;/p>
&lt;ol>
&lt;li>Installs &lt;strong>Aspose.Cells.SharePoint.dll&lt;/strong> into the Global Assembly Cache and adds a SafeControl entry to the &lt;strong>web.config&lt;/strong> file.&lt;/li>
&lt;li>Installs feature manifest and other necessary files to the appropriate directories.&lt;/li>
&lt;li>Registers the feature in the SharePoint database and makes it available for activation at the feature scope.&lt;/li>
&lt;/ol>
&lt;h3 id="activation">Activation&lt;/h3>
&lt;p>Aspose.Cells for SharePoint is packaged as a site (site collection) level feature and can be activated and deactivated on site collections.&lt;/p>
&lt;p>During activation, the feature makes some changes to the virtual directory of the parent web application of the site collection:&lt;/p>
&lt;ol>
&lt;li>Adds conversion settings page to the sitemap file.&lt;/li>
&lt;li>Copies necessary resource files to the App_GlobalResources folder in the virtual directory.&lt;/li>
&lt;/ol></description></item><item><title>Sharepoint: Activation and Deactivation after installation</title><link>https://docs2.aspose.com/cells/sharepoint/productinformation/install/activation+and+deactivation+after+installation/</link><pubDate>Mon, 01 Jan 0001 00:00:00 +0000</pubDate><guid>https://docs2.aspose.com/cells/sharepoint/productinformation/install/activation+and+deactivation+after+installation/</guid><description>
&lt;p>Aspose.Cells for SharePoint : Activation and Deactivation after installation&lt;/p>
&lt;h1 id="asposecells-for-sharepoint--activation-and-deactivation-after-installation">Aspose.Cells for SharePoint : Activation and Deactivation after installation&lt;/h1>
&lt;p>&lt;a href="https://docs2.aspose.com/cells/sharepoint/productinformation/install/installing+aspose.cells+for+sharepoint">During installation&lt;/a>, Aspose.Cells for SharePoint is &lt;a href="https://docs2.aspose.com/cells/sharepoint/productinformation/install/deployment+and+activation">activated&lt;/a> for all selected site collections. After installation, use the &lt;strong>Site Actions&lt;/strong> menu at the root web site of a site collection to activate and deactivate Aspose.Cells for SharePoint.&lt;/p>
&lt;h3 id="activating-asposecells-for-sharepoint-on-a-site-collection">Activating Aspose.Cells for SharePoint on a site collection.&lt;/h3>
&lt;p>&lt;strong>Activating Aspose.Cells&lt;/strong>&lt;br>
&lt;img src="https://docs2.aspose.com/cells/sharepoint/attachments/6356997/6488106.png" alt="">&lt;/p>
&lt;h2 id="attachments">Attachments:&lt;/h2>
&lt;p>&lt;img src="https://docs2.aspose.com/cells/sharepoint/images/icons/bullet_blue.gif" alt=""> &lt;a href="https://docs2.aspose.com/cells/sharepoint/attachments/6356997/6488106.png">Activation and Deactivation after installation-001.png&lt;/a> (image/png)&lt;/p></description></item><item><title>Sharepoint: Known Issue - Permissions to Personal Site Collections</title><link>https://docs2.aspose.com/cells/sharepoint/productinformation/install/known+issue+-+permissions+to+personal+site+collections/</link><pubDate>Mon, 01 Jan 0001 00:00:00 +0000</pubDate><guid>https://docs2.aspose.com/cells/sharepoint/productinformation/install/known+issue+-+permissions+to+personal+site+collections/</guid><description>
&lt;p>Aspose.Cells for SharePoint : Known Issue - Permissions to Personal Site Collections&lt;/p>
&lt;h1 id="asposecells-for-sharepoint--known-issue---permissions-to-personal-site-collections">Aspose.Cells for SharePoint : Known Issue - Permissions to Personal Site Collections&lt;/h1>
&lt;p>SharePoint by default does not grant full permissions to manage personal sites to portal administrators. That is why activation and deactivation on a personal site collection might fail when it is performed by portal administrators. This includes activation and deactivation during setup.&lt;/p>
&lt;h3 id="granting-permission-to-personal-sites">Granting Permission to Personal Sites&lt;/h3>
&lt;p>When this issue occurs during installation, an &lt;code>UnauthorizedAccessException&lt;/code> at &lt;code>Microsoft.SharePoint.SPFeature.Activate()&lt;/code> is logged to the SharePoint trace log. When deactivation fails as a part of un-installation, an &lt;code>UnauthorizedAccessException&lt;/code> is displayed on the last setup screen for the failed deactivation(s).&lt;/p>
&lt;p>To prevent this issue, grant portal administrators the permission to manage MySite Web application:&lt;/p>
&lt;ol>
&lt;li>
&lt;p>Go to &lt;strong>SharePoint Central Administration&lt;/strong> and select the &lt;strong>Application Management&lt;/strong> tab.&lt;/p>
&lt;/li>
&lt;li>
&lt;p>Choose &lt;strong>Policy for Web Application&lt;/strong> under the &lt;strong>Application Security&lt;/strong> group.&lt;/p>
&lt;/li>
&lt;li>
&lt;p>Make sure you select the correct Web Application for your “My Site” in the &lt;strong>Web Application&lt;/strong> list on the right.&lt;/p>
&lt;/li>
&lt;li>
&lt;p>Select &lt;strong>Add Users&lt;/strong> on the upper left.&lt;/p>
&lt;/li>
&lt;li>
&lt;p>Choose &lt;strong>All Zones&lt;/strong> by default on the &lt;strong>Add Users&lt;/strong> screen and click &lt;strong>Next&lt;/strong>.&lt;/p>
&lt;/li>
&lt;li>
&lt;p>Add the appropriate user(s) or active directory group that you want to have control over your “My Site” Web Application.&lt;/p>
&lt;/li>
&lt;li>
&lt;p>Select the level of control.&lt;/p>
&lt;p>&lt;strong>Adding users and setting the control level&lt;/strong>&lt;br>
&lt;img src="https://docs2.aspose.com/cells/sharepoint/attachments/6356998/6488108.png" alt="">&lt;/p>
&lt;/li>
&lt;li>
&lt;p>Click &lt;strong>Finish&lt;/strong>.&lt;/p>
&lt;/li>
&lt;/ol>
&lt;h2 id="attachments">Attachments:&lt;/h2>
&lt;p>&lt;img src="https://docs2.aspose.com/cells/sharepoint/images/icons/bullet_blue.gif" alt=""> &lt;a href="https://docs2.aspose.com/cells/sharepoint/attachments/6356998/6488108.png">A known issue regarding permissions to the personal site collections-001.png&lt;/a> (image/png)&lt;/p></description></item><item><title>Sharepoint: Uninstalling Aspose.Cells for SharePoint</title><link>https://docs2.aspose.com/cells/sharepoint/productinformation/install/uninstalling+aspose.cells+for+sharepoint/</link><pubDate>Mon, 01 Jan 0001 00:00:00 +0000</pubDate><guid>https://docs2.aspose.com/cells/sharepoint/productinformation/install/uninstalling+aspose.cells+for+sharepoint/</guid><description>
&lt;p>Aspose.Cells for SharePoint : Uninstalling Aspose.Cells for SharePoint&lt;/p>
&lt;h1 id="asposecells-for-sharepoint--uninstalling-asposecells-for-sharepoint">Aspose.Cells for SharePoint : Uninstalling Aspose.Cells for SharePoint&lt;/h1>
&lt;p>To uninstall Aspose.Cells for SharePoint, run the setup program. If Aspose.Cells for SharePoint is already installed, the setup program suggests removing or repairing it.&lt;/p>
&lt;h3 id="uninstallation">Uninstallation&lt;/h3>
&lt;p>During removal, the setup program deactivates Aspose.Cells for SharePoint for all site collections and retracts the solution from the server farm.&lt;/p>
&lt;p>&lt;strong>Uninstalling Aspose.Cells&lt;/strong>&lt;br>
&lt;img src="https://docs2.aspose.com/cells/sharepoint/attachments/6356995/6488102.png" alt="">&lt;/p>
&lt;p>Please note that running the &lt;strong>Repair&lt;/strong> option does not re-activate Aspose.Cells for SharePoint on site collections. Instead, the feature must be activated manually after re-deployment with the &lt;strong>Repair&lt;/strong> option.&lt;/p>
&lt;p>Uninstalling using the &lt;strong>Remove&lt;/strong> option and then re-installing may be more convenient as it allows you to select target web applications and site collections during installation.&lt;/p>
&lt;h2 id="attachments">Attachments:&lt;/h2>
&lt;p>&lt;img src="https://docs2.aspose.com/cells/sharepoint/images/icons/bullet_blue.gif" alt=""> &lt;a href="https://docs2.aspose.com/cells/sharepoint/attachments/6356995/6488102.png">Uninstalling Aspose.Cells for SharePoint-001.png&lt;/a> (image/png)&lt;/p></description></item></channel></rss>