<rss version="2.0" xmlns:atom="http://www.w3.org/2005/Atom"><channel><title>Documentation – Add settings for Page Setup in Aspose.Cells for Reporting Services renderer</title><link>https://docs2.aspose.com/cells/reportingservices/newfeatures/add+settings+for+page+setup+in+aspose.cells+for+reporting+services+renderer/</link><description>Recent content in Add settings for Page Setup in Aspose.Cells for Reporting Services renderer on Documentation</description><generator>Hugo -- gohugo.io</generator><atom:link href="https://docs2.aspose.com/cells/reportingservices/newfeatures/add+settings+for+page+setup+in+aspose.cells+for+reporting+services+renderer/index.xml" rel="self" type="application/rss+xml"/></channel></rss>