<rss version="2.0" xmlns:atom="http://www.w3.org/2005/Atom"><channel><title>Documentation – Configuring Aspose.Cells.ReportingServices Client Report Server URL</title><link>https://docs2.aspose.com/cells/reportingservices/faqs/clientissues/configuring+aspose.cells.reportingservices+client+report+server+url/</link><description>Recent content in Configuring Aspose.Cells.ReportingServices Client Report Server URL on Documentation</description><generator>Hugo -- gohugo.io</generator><atom:link href="https://docs2.aspose.com/cells/reportingservices/faqs/clientissues/configuring+aspose.cells.reportingservices+client+report+server+url/index.xml" rel="self" type="application/rss+xml"/></channel></rss>