<rss version="2.0" xmlns:atom="http://www.w3.org/2005/Atom"><channel><title>Documentation – Creating Matrix Report</title><link>https://docs2.aspose.com/cells/reportingservices/userguide/creating+matrix+report/</link><description>Recent content in Creating Matrix Report on Documentation</description><generator>Hugo -- gohugo.io</generator><atom:link href="https://docs2.aspose.com/cells/reportingservices/userguide/creating+matrix+report/index.xml" rel="self" type="application/rss+xml"/></channel></rss>