<rss version="2.0" xmlns:atom="http://www.w3.org/2005/Atom"><channel><title>Documentation – Checking the Aspose.Cells.ReportingServices Version</title><link>https://docs2.aspose.com/cells/reportingservices/faqs/clientissues/checking+the+aspose.cells.reportingservices+version/</link><description>Recent content in Checking the Aspose.Cells.ReportingServices Version on Documentation</description><generator>Hugo -- gohugo.io</generator><atom:link href="https://docs2.aspose.com/cells/reportingservices/faqs/clientissues/checking+the+aspose.cells.reportingservices+version/index.xml" rel="self" type="application/rss+xml"/></channel></rss>