<rss version="2.0" xmlns:atom="http://www.w3.org/2005/Atom"><channel><title>Documentation – Tables</title><link>https://docs2.aspose.com/cells/cpp/developerguide/tables/</link><description>Recent content in Tables on Documentation</description><generator>Hugo -- gohugo.io</generator><atom:link href="https://docs2.aspose.com/cells/cpp/developerguide/tables/index.xml" rel="self" type="application/rss+xml"/><item><title>Cpp: Create and Format Table</title><link>https://docs2.aspose.com/cells/cpp/developerguide/tables/create+and+format+table/</link><pubDate>Mon, 01 Jan 0001 00:00:00 +0000</pubDate><guid>https://docs2.aspose.com/cells/cpp/developerguide/tables/create+and+format+table/</guid><description>
&lt;p>Aspose.Cells for C++ : Create and Format Table&lt;/p>
&lt;h1 id="asposecells-for-c--create-and-format-table">Aspose.Cells for C++ : Create and Format Table&lt;/h1>
&lt;p>
&lt;div class="card my-3 border-top-0 border-right-0 border-bottom-0 border-left border-primary rounded" style="border-width:4px !important;">
&lt;div class="wrap border border-left-0 rounded">
&lt;div class="card-header border-0 bg-white pl-3 text-primary">
&lt;h3>Contents Summary&lt;/h3>
&lt;/div>
&lt;div class="card-body pt-1">
&lt;ul>
&lt;li>1 &lt;a href="#create-table">Create Table&lt;/a>
&lt;ul>
&lt;li>1.1 &lt;a href="#advantages-of-a-list-object">Advantages of a List Object&lt;/a>&lt;/li>
&lt;li>1.2 &lt;a href="#creating-a-list-object-using-microsoft-excel">Creating a List Object using Microsoft Excel&lt;/a>&lt;/li>
&lt;li>1.3 &lt;a href="#using-aspose.cells-api">Using Aspose.Cells API&lt;/a>&lt;/li>
&lt;/ul>
&lt;/li>
&lt;li>2 &lt;a href="#format-a-table">Format a Table&lt;/a>
&lt;ul>
&lt;li>2.1 &lt;a href="#formatting-a-list-object">Formatting a List Object&lt;/a>&lt;/li>
&lt;/ul>
&lt;/li>
&lt;/ul>
&lt;/div>
&lt;/div>
&lt;/div>
 &lt;/p>
&lt;h2 id="create-table">Create Table&lt;/h2>
&lt;p>One of the advantages of spreadsheets is that they allow you to create different types of lists, for example, phone lists, task lists, lists of transactions, assets or liabilities. Several users can work together to use, create and maintain various lists.&lt;/p>
&lt;p>Aspose.Cells supports creating and managing Lists.&lt;/p>
&lt;h3 id="advantages-of-a-list-object">Advantages of a List Object&lt;/h3>
&lt;p>There are quite a few advantages when you convert a list of data to an actual List Object&lt;/p>
&lt;ul>
&lt;li>New rows and columns are automatically included.&lt;/li>
&lt;li>A total row at the bottom of your list can be easily added to display SUM, AVERAGE, COUNT, etc.&lt;/li>
&lt;li>Columns added to the right are automatically incorporated into the List object.&lt;/li>
&lt;li>Charts based on rows and columns will be expanded automatically.&lt;/li>
&lt;li>Named ranges assigned to rows and columns will be expanded automatically.&lt;/li>
&lt;li>The list is protected from accidental row and column deletion.&lt;/li>
&lt;/ul>
&lt;h3 id="creating-a-list-object-using-microsoft-excel">Creating a List Object using Microsoft Excel&lt;/h3>
&lt;div class="table table-striped" role="alert">
&lt;table>
&lt;thead>
&lt;tr>
&lt;th align="left">Selecting data range for creating List object&lt;/th>
&lt;/tr>
&lt;/thead>
&lt;tbody>
&lt;tr>
&lt;td align="left">&lt;img src="http://i.imgur.com/jHcNq4o.png" alt="">&lt;/td>
&lt;/tr>
&lt;/tbody>
&lt;/table>
&lt;/div>
&lt;p>This displays the Create List dialog.&lt;/p>
&lt;div class="table table-striped" role="alert">
&lt;table>
&lt;thead>
&lt;tr>
&lt;th align="left">Create List dialog&lt;/th>
&lt;/tr>
&lt;/thead>
&lt;tbody>
&lt;tr>
&lt;td align="left">&lt;img src="http://i.imgur.com/kJmukRF.png" alt="">&lt;/td>
&lt;/tr>
&lt;/tbody>
&lt;/table>
&lt;/div>
&lt;p>Implementing the List object for the data and specifying total row (Select &lt;strong>Data&lt;/strong>, then &lt;strong>List&lt;/strong>, followed by &lt;strong>Total Row&lt;/strong>).&lt;/p>
&lt;div class="table table-striped" role="alert">
&lt;table>
&lt;thead>
&lt;tr>
&lt;th align="left">Creating a list object&lt;/th>
&lt;/tr>
&lt;/thead>
&lt;tbody>
&lt;tr>
&lt;td align="left">&lt;img src="http://i.imgur.com/ECSGVdR.png" alt="">&lt;/td>
&lt;/tr>
&lt;/tbody>
&lt;/table>
&lt;/div>
&lt;h3 id="using-asposecells-api">Using Aspose.Cells API&lt;/h3>
&lt;p>Aspose.Cells provides a class &lt;a href="https://apireference.aspose.com/cpp/cells/class/aspose.cells.i_workbook/">IWorkbook&lt;/a> that represents a Microsoft Excel file. The &lt;a href="https://apireference.aspose.com/cpp/cells/class/aspose.cells.i_workbook/">IWorkbook&lt;/a> class contains an &lt;a href="https://apireference.aspose.com/cpp/cells/class/aspose.cells.i_worksheet_collection/">IWorksheets&lt;/a> collection that allows access to each worksheet in an Excel file.&lt;/p>
&lt;p>A worksheet is represented by the &lt;a href="https://apireference.aspose.com/cpp/cells/class/aspose.cells.i_worksheet/">IWorksheet&lt;/a> class. The &lt;a href="https://apireference.aspose.com/cpp/cells/class/aspose.cells.i_worksheet/">IWorksheet&lt;/a> class provides a wide range of methods for managing a worksheet. To create an &lt;a href="https://apireference.aspose.com/cpp/cells/class/aspose.cells.tables.i_list_object/">IListObject&lt;/a> in a worksheet, use the &lt;a href="https://apireference.aspose.com/cpp/cells/class/aspose.cells.i_worksheet/#a4356bc4b8cffee624891f10ea49a4705">GetIListObjects&lt;/a> collection method of the &lt;a href="https://apireference.aspose.com/cpp/cells/class/aspose.cells.i_worksheet/">IWorksheet&lt;/a> class. Each &lt;a href="https://apireference.aspose.com/cpp/cells/class/aspose.cells.tables.i_list_object/">IListObject&lt;/a> is in fact, an object of the &lt;a href="https://apireference.aspose.com/cpp/cells/class/aspose.cells.tables.i_list_object_collection/">IListObjectCollection&lt;/a> class, which further provides the &lt;a href="https://apireference.aspose.com/cpp/cells/class/aspose.cells.tables.i_list_object_collection/#ae4afda31b69b75a78558a65bef65ee42">Add&lt;/a> method for adding an &lt;a href="https://apireference.aspose.com/cpp/cells/class/aspose.cells.tables.i_list_object/">IListObject&lt;/a> object and specifying a range of cells for the list.&lt;/p>
&lt;p>According to the specified range of cells, the &lt;a href="https://apireference.aspose.com/cpp/cells/class/aspose.cells.tables.i_list_object/">IListObject&lt;/a> object is created by Aspose.Cells. Use attributes (for example &lt;a href="https://apireference.aspose.com/cpp/cells/class/aspose.cells.tables.i_list_object/#a9026460927f035f374f5e1ea74e639f2">ShowTotals&lt;/a> and &lt;a href="https://apireference.aspose.com/cpp/cells/class/aspose.cells.tables.i_list_object/#afeeb7bfabd0971e9fe34a09f0b83ae73">ListColumns&lt;/a> etc.) of the &lt;a href="https://apireference.aspose.com/cpp/cells/class/aspose.cells.tables.i_list_object/">IListObject&lt;/a> class to control the list.&lt;/p>
&lt;p>In the example given below, we have created the same &lt;a href="https://apireference.aspose.com/cpp/cells/class/aspose.cells.tables.i_list_object/">IListObject&lt;/a> using Aspose.Cells API as we created using Microsoft Excel in the above section.&lt;/p>
&lt;h2 id="format-a-table">Format a Table&lt;/h2>
&lt;p>To manage and analyze a group of related data, it is possible to turn a range of cells into a list object (also known as an Excel table). A table is a series of rows and columns that contain related data managed independently from the data in other rows and columns. By default, every column in the table has filtering enabled in the header row so that you can filter or sort your list object data quickly. You can add a total row (a special row in a list that provides a selection of aggregate functions useful for working with numerical data) to the list object that provides a drop-down list of aggregate functions for each totals row cell. Aspose.Cells provides options for creating and managing lists (or tables).&lt;/p>
&lt;h3 id="formatting-a-list-object">Formatting a List Object&lt;/h3>
&lt;p>Aspose.Cells provides a class &lt;a href="https://apireference.aspose.com/cpp/cells/class/aspose.cells.i_workbook/">IWorkbook&lt;/a> that represents a Microsoft Excel file. The &lt;a href="https://apireference.aspose.com/cpp/cells/class/aspose.cells.i_workbook/">IWorkbook&lt;/a> class contains an &lt;a href="https://apireference.aspose.com/cpp/cells/class/aspose.cells.i_worksheet_collection/">IWorksheets&lt;/a> collection that allows access to each worksheet in an Excel file.&lt;/p>
&lt;p>A worksheet is represented by the &lt;a href="https://apireference.aspose.com/cpp/cells/class/aspose.cells.i_worksheet/">IWorksheet&lt;/a> class. The &lt;a href="https://apireference.aspose.com/cpp/cells/class/aspose.cells.i_worksheet/">IWorksheet&lt;/a> class provides a wide range of methods for managing worksheets. To create a *ListObject *in a worksheet, use &lt;a href="https://apireference.aspose.com/cpp/cells/class/aspose.cells.tables.i_list_object_collection/">IListObjectCollection&lt;/a>. Each &lt;a href="https://apireference.aspose.com/cpp/cells/class/aspose.cells.tables.i_list_object/">IListObject&lt;/a> is in fact, an object of the &lt;a href="https://apireference.aspose.com/cpp/cells/class/aspose.cells.tables.i_list_object_collection/">IListObjectCollection&lt;/a> class, which further provides the &lt;a href="https://apireference.aspose.com/cpp/cells/class/aspose.cells.tables.i_list_object_collection/#ae4afda31b69b75a78558a65bef65ee42">Add&lt;/a> method for adding an &lt;a href="https://apireference.aspose.com/cpp/cells/class/aspose.cells.tables.i_list_object/">IListObject&lt;/a> object and specify the range of cells it should encompass. According to the specified range of cells, a *ListObject *is created in the worksheet by Aspose.Cells. Use attributes (for example, &lt;a href="https://apireference.aspose.com/cpp/cells/class/aspose.cells.tables.i_list_object/#a5de8b5321b0ccb30dfb09cefe6536462">TableStyleType&lt;/a>) of the &lt;a href="https://apireference.aspose.com/cpp/cells/class/aspose.cells.tables.i_list_object/">IListObject&lt;/a> class to format the table for your requirements.&lt;/p>
&lt;p>The example below adds sample data to a worksheet, adds an &lt;a href="https://apireference.aspose.com/cpp/cells/class/aspose.cells.tables.i_list_object/">IListObject&lt;/a> and applies default styles to it. &lt;a href="https://apireference.aspose.com/cpp/cells/class/aspose.cells.tables.i_list_object/">IListObject&lt;/a> styles are supported by Microsoft Excel 2007/2010.&lt;/p></description></item><item><title>Cpp: Set the Comment of Table or List Object inside the Worksheet</title><link>https://docs2.aspose.com/cells/cpp/developerguide/tables/set+the+comment+of+table+or+list+object+inside+the+worksheet/</link><pubDate>Mon, 01 Jan 0001 00:00:00 +0000</pubDate><guid>https://docs2.aspose.com/cells/cpp/developerguide/tables/set+the+comment+of+table+or+list+object+inside+the+worksheet/</guid><description>
&lt;p>Aspose.Cells for C++ : Set the Comment of Table or List Object inside the Worksheet&lt;/p>
&lt;h1 id="asposecells-for-c--set-the-comment-of-table-or-list-object-inside-the-worksheet">Aspose.Cells for C++ : Set the Comment of Table or List Object inside the Worksheet&lt;/h1>
&lt;p>Please set the comment of the Table or List Object inside the worksheet using the &lt;a href="https://apireference.aspose.com/cpp/cells/class/aspose.cells.tables.i_list_object/#a55d8e5ca32c591d67143c99dc9972b0d">IListObject.Comment&lt;/a> method. The comment will be visible inside the &lt;code>xl/tables/tableName.xml&lt;/code> file.&lt;/p>
&lt;h2 id="set-the-comment-of-table-or-list-object-inside-the-worksheet">Set the Comment of Table or List Object inside the Worksheet&lt;/h2>
&lt;p>The following sample code loads the source excel file and sets the comment of the first table or list object inside the worksheet.&lt;/p></description></item><item><title>Cpp: Tables and Ranges</title><link>https://docs2.aspose.com/cells/cpp/developerguide/tables/tables+and+ranges/</link><pubDate>Mon, 01 Jan 0001 00:00:00 +0000</pubDate><guid>https://docs2.aspose.com/cells/cpp/developerguide/tables/tables+and+ranges/</guid><description>
&lt;p>Aspose.Cells for C++ : Tables and Ranges&lt;/p>
&lt;h1 id="asposecells-for-c--tables-and-ranges">Aspose.Cells for C++ : Tables and Ranges&lt;/h1>
&lt;p>
&lt;div class="card my-3 border-top-0 border-right-0 border-bottom-0 border-left border-primary rounded" style="border-width:4px !important;">
&lt;div class="wrap border border-left-0 rounded">
&lt;div class="card-header border-0 bg-white pl-3 text-primary">
&lt;h3>Contents Summary&lt;/h3>
&lt;/div>
&lt;div class="card-body pt-1">
&lt;ul>
&lt;li>1 &lt;a href="#introduction">Introduction&lt;/a>&lt;/li>
&lt;li>2 &lt;a href="#using-microsoft-excel">Using Microsoft Excel&lt;/a>&lt;/li>
&lt;li>3 &lt;a href="#using-aspose.cells">Using Aspose.Cells&lt;/a>&lt;/li>
&lt;/ul>
&lt;/div>
&lt;/div>
&lt;/div>
 &lt;/p>
&lt;h2 id="introduction">Introduction&lt;/h2>
&lt;p>Sometimes you create a table in Microsoft Excel and do not want to keep working with the table functionality that it comes with. Instead, you want something that looks like a table. To keep data in a table without losing formatting, convert the table to a regular range of data. Aspose.Cells does support this feature of Microsoft Excel for tables and list-objects.&lt;/p>
&lt;h2 id="using-microsoft-excel">Using Microsoft Excel&lt;/h2>
&lt;p>Use the &lt;strong>Convert to Range&lt;/strong> feature to quickly convert a table to a range without losing formatting. In Microsoft Excel 2007/2010:&lt;/p>
&lt;ol>
&lt;li>Click anywhere in the table to make sure that the active cell is in a table column.&lt;/li>
&lt;li>On the &lt;strong>Design&lt;/strong> tab, in the &lt;strong>Tools&lt;/strong> group, click &lt;strong>Convert to Range&lt;/strong>.&lt;/li>
&lt;/ol>
&lt;p>The table features are no longer available after the table has been converted to a range. For example, row headers no longer include the sort and filter arrows, and structured references (references that use table names) that were used in formulas turn into regular cell references.&lt;/p>
&lt;h2 id="using-asposecells">Using Aspose.Cells&lt;/h2>
&lt;p>The following code snippet demonstrates the same functionality using Aspose.Cells.&lt;/p></description></item></channel></rss>