<rss version="2.0" xmlns:atom="http://www.w3.org/2005/Atom"><channel><title>Documentation – Preparing for Creating Table Report</title><link>https://docs2.aspose.com/cells/reportingservices/userguide/creatingtabularreport/preparing+for+creating+table+report/</link><description>Recent content in Preparing for Creating Table Report on Documentation</description><generator>Hugo -- gohugo.io</generator><atom:link href="https://docs2.aspose.com/cells/reportingservices/userguide/creatingtabularreport/preparing+for+creating+table+report/index.xml" rel="self" type="application/rss+xml"/></channel></rss>