<rss version="2.0" xmlns:atom="http://www.w3.org/2005/Atom"><channel><title>Documentation – Support for Editable Charts</title><link>https://docs2.aspose.com/cells/reportingservices/newfeatures/supportforeditablecharts/</link><description>Recent content in Support for Editable Charts on Documentation</description><generator>Hugo -- gohugo.io</generator><atom:link href="https://docs2.aspose.com/cells/reportingservices/newfeatures/supportforeditablecharts/index.xml" rel="self" type="application/rss+xml"/><item><title>Reportingservices: Render All Report Chart Items to Excel Charts</title><link>https://docs2.aspose.com/cells/reportingservices/newfeatures/supportforeditablecharts/render+all+report+chart+items+to+excel+charts/</link><pubDate>Mon, 01 Jan 0001 00:00:00 +0000</pubDate><guid>https://docs2.aspose.com/cells/reportingservices/newfeatures/supportforeditablecharts/render+all+report+chart+items+to+excel+charts/</guid><description>
&lt;p>Aspose.Cells for Reporting Services : Render All Report Chart Items to Excel Charts&lt;/p>
&lt;h1 id="asposecells-for-reporting-services--render-all-report-chart-items-to-excel-charts">Aspose.Cells for Reporting Services : Render All Report Chart Items to Excel Charts&lt;/h1>
&lt;p>To render all chart items in a report as editable Excel charts:&lt;/p>
&lt;ol>
&lt;li>Open the &lt;strong>Aspose.Cells.ReportingServices.xml&lt;/strong> file.&lt;/li>
&lt;li>Modify the configuration parameters as follows:&lt;/li>
&lt;/ol>
&lt;div class="position-relative">
&lt;div class="position-absolute" style="right:0;">
&lt;button class="btn btn-light" data-clipboard-target="#clipboard_e3e2c59570">
Copy
&lt;/button>
&lt;/div>
&lt;div id="clipboard_e3e2c59570">
&lt;div class="highlight">&lt;pre style="background-color:#f8f8f8;-moz-tab-size:4;-o-tab-size:4;tab-size:4">&lt;code class="language-cs" data-lang="cs">
&lt;span style="color:#000;font-weight:bold">&amp;lt;&lt;/span>&lt;span style="color:#000">Chart&lt;/span> &lt;span style="color:#204a87;font-weight:bold">value&lt;/span>&lt;span style="color:#000;font-weight:bold">=&lt;/span>&lt;span style="color:#4e9a06">&amp;#34;all&amp;#34;&lt;/span>&lt;span style="color:#000;font-weight:bold">&amp;gt;&lt;/span>
&lt;span style="color:#000;font-weight:bold">&amp;lt;/&lt;/span>&lt;span style="color:#000">Chart&lt;/span>&lt;span style="color:#000;font-weight:bold">&amp;gt;&lt;/span>
&lt;/code>&lt;/pre>&lt;/div>
&lt;/div>
&lt;/div>
&lt;p>When &lt;code>value&lt;/code> is set to “all”, all chart items are rendered as editable charts.&lt;/p>
&lt;p>&lt;strong>Editing charts in Excel&lt;/strong>&lt;br>
&lt;img src="https://docs2.aspose.com/cells/reportingservices/attachments/6094933/6193424.png" alt="">&lt;/p>
&lt;h2 id="attachments">Attachments:&lt;/h2>
&lt;p>&lt;img src="https://docs2.aspose.com/cells/reportingservices/images/icons/bullet_blue.gif" alt=""> &lt;a href="https://docs2.aspose.com/cells/reportingservices/attachments/6094933/6193424.png">Render All Report Chart Items to Excel Charts-001.png&lt;/a> (image/png)&lt;/p></description></item><item><title>Reportingservices: Render Chart Items of Selected Report to Excel Charts</title><link>https://docs2.aspose.com/cells/reportingservices/newfeatures/supportforeditablecharts/render+chart+items+of+selected+report+to+excel+charts/</link><pubDate>Mon, 01 Jan 0001 00:00:00 +0000</pubDate><guid>https://docs2.aspose.com/cells/reportingservices/newfeatures/supportforeditablecharts/render+chart+items+of+selected+report+to+excel+charts/</guid><description>
&lt;p>Aspose.Cells for Reporting Services : Render Chart Items of Selected Report to Excel Charts&lt;/p>
&lt;h1 id="asposecells-for-reporting-services--render-chart-items-of-selected-report-to-excel-charts">Aspose.Cells for Reporting Services : Render Chart Items of Selected Report to Excel Charts&lt;/h1>
&lt;p>To render chart items to Microsoft Excel charts:&lt;/p>
&lt;ol>
&lt;li>Open the &lt;strong>Aspose.Cells.ReportingServices.xml&lt;/strong> file.&lt;/li>
&lt;li>Modify the configuration parameters in the &lt;strong>Aspose.Cells.ReportingServices.xml&lt;/strong> file.&lt;/li>
&lt;li>Add your desired report’s configuration information.&lt;/li>
&lt;/ol>
&lt;p>For example:&lt;/p>
&lt;div class="position-relative">
&lt;div class="position-absolute" style="right:0;">
&lt;button class="btn btn-light" data-clipboard-target="#clipboard_2972b64dd9">
Copy
&lt;/button>
&lt;/div>
&lt;div id="clipboard_2972b64dd9">
&lt;div class="highlight">&lt;pre style="background-color:#f8f8f8;-moz-tab-size:4;-o-tab-size:4;tab-size:4">&lt;code class="language-cs" data-lang="cs">
&lt;span style="color:#000;font-weight:bold">&amp;lt;&lt;/span>&lt;span style="color:#000">Chart&lt;/span> &lt;span style="color:#000;font-weight:bold">&amp;gt;&lt;/span>
&lt;span style="color:#000;font-weight:bold">&amp;lt;&lt;/span>&lt;span style="color:#000">Report&lt;/span> &lt;span style="color:#000">name&lt;/span>&lt;span style="color:#000;font-weight:bold">=&lt;/span> &lt;span style="color:#4e9a06">&amp;#34;Employee Sales Summary 2008&amp;#34;&lt;/span>&lt;span style="color:#000;font-weight:bold">&amp;gt;&lt;/span>
&lt;span style="color:#000;font-weight:bold">&amp;lt;/&lt;/span>&lt;span style="color:#000">Report&lt;/span> &lt;span style="color:#000;font-weight:bold">&amp;gt;&lt;/span>
&lt;span style="color:#000;font-weight:bold">&amp;lt;/&lt;/span>&lt;span style="color:#000">Chart&lt;/span>&lt;span style="color:#000;font-weight:bold">&amp;gt;&lt;/span>
&lt;/code>&lt;/pre>&lt;/div>
&lt;/div>
&lt;/div>
&lt;p>&lt;strong>Excel charts can be edited in Microsoft Excel&lt;/strong>&lt;br>
&lt;img src="https://docs2.aspose.com/cells/reportingservices/attachments/6094932/6193411.png" alt="">&lt;/p>
&lt;h2 id="attachments">Attachments:&lt;/h2>
&lt;p>&lt;img src="https://docs2.aspose.com/cells/reportingservices/images/icons/bullet_blue.gif" alt=""> &lt;a href="https://docs2.aspose.com/cells/reportingservices/attachments/6094932/6193411.png">Render Chart Items of Selected Report to Excel Charts-001.png&lt;/a> (image/png)&lt;/p></description></item><item><title>Reportingservices: Render Selected Chart Items to Excel Charts</title><link>https://docs2.aspose.com/cells/reportingservices/newfeatures/supportforeditablecharts/render+selected+chart+items+to+excel+charts/</link><pubDate>Mon, 01 Jan 0001 00:00:00 +0000</pubDate><guid>https://docs2.aspose.com/cells/reportingservices/newfeatures/supportforeditablecharts/render+selected+chart+items+to+excel+charts/</guid><description>
&lt;p>Aspose.Cells for Reporting Services : Render Selected Chart Items to Excel Charts&lt;/p>
&lt;h1 id="asposecells-for-reporting-services--render-selected-chart-items-to-excel-charts">Aspose.Cells for Reporting Services : Render Selected Chart Items to Excel Charts&lt;/h1>
&lt;p>To render only some charts in a report to Excel charts:&lt;/p>
&lt;ol>
&lt;li>Open the &lt;strong>Aspose.Cells.ReportingServices.xml&lt;/strong> file.&lt;/li>
&lt;li>Modify the configuration parameters of the &lt;strong>Aspose.Cells.ReportingServices.xml&lt;/strong> file.&lt;/li>
&lt;li>Add the desired report configuration information.&lt;/li>
&lt;li>Add the information for the chart items you don’t want to export as editable charts. These items are exported as static images.&lt;/li>
&lt;/ol>
&lt;p>For example:&lt;/p>
&lt;div class="position-relative">
&lt;div class="position-absolute" style="right:0;">
&lt;button class="btn btn-light" data-clipboard-target="#clipboard_0badfc480a">
Copy
&lt;/button>
&lt;/div>
&lt;div id="clipboard_0badfc480a">
&lt;div class="highlight">&lt;pre style="background-color:#f8f8f8;-moz-tab-size:4;-o-tab-size:4;tab-size:4">&lt;code class="language-cs" data-lang="cs">
&lt;span style="color:#000;font-weight:bold">&amp;lt;&lt;/span>&lt;span style="color:#000">Chart&lt;/span> &lt;span style="color:#000;font-weight:bold">&amp;gt;&lt;/span>
&lt;span style="color:#000;font-weight:bold">&amp;lt;&lt;/span>&lt;span style="color:#000">Report&lt;/span> &lt;span style="color:#000">name&lt;/span>&lt;span style="color:#000;font-weight:bold">=&lt;/span> &lt;span style="color:#4e9a06">&amp;#34;Employee Sales Summary 2008&amp;#34;&lt;/span>&lt;span style="color:#000;font-weight:bold">&amp;gt;&lt;/span>
&lt;span style="color:#000;font-weight:bold">&amp;lt;&lt;/span>&lt;span style="color:#000">ChartItem&lt;/span> &lt;span style="color:#000">name&lt;/span>&lt;span style="color:#000;font-weight:bold">=&lt;/span>&lt;span style="color:#4e9a06">&amp;#34;Chart1&amp;#34;&lt;/span> &lt;span style="color:#000">type&lt;/span>&lt;span style="color:#000;font-weight:bold">=&lt;/span>&lt;span style="color:#4e9a06">&amp;#34;image&amp;#34;&lt;/span>&lt;span style="color:#000;font-weight:bold">/&amp;gt;&lt;/span>
&lt;span style="color:#000;font-weight:bold">&amp;lt;/&lt;/span>&lt;span style="color:#000">Report&lt;/span> &lt;span style="color:#000;font-weight:bold">&amp;gt;&lt;/span>
&lt;span style="color:#000;font-weight:bold">&amp;lt;/&lt;/span>&lt;span style="color:#000">Chart&lt;/span>&lt;span style="color:#000;font-weight:bold">&amp;gt;&lt;/span>
&lt;/code>&lt;/pre>&lt;/div>
&lt;/div>
&lt;/div>
&lt;p>&lt;strong>A chart exported as an image&lt;/strong>&lt;br>
&lt;img src="https://docs2.aspose.com/cells/reportingservices/attachments/6094931/6193413.png" alt="">&lt;/p>
&lt;p>&lt;strong>A chart exported as an editable Excel chart&lt;/strong>&lt;br>
&lt;img src="https://docs2.aspose.com/cells/reportingservices/attachments/6094931/6193412.png" alt="">&lt;/p>
&lt;h2 id="attachments">Attachments:&lt;/h2>
&lt;p>&lt;img src="https://docs2.aspose.com/cells/reportingservices/images/icons/bullet_blue.gif" alt=""> &lt;a href="https://docs2.aspose.com/cells/reportingservices/attachments/6094931/6193413.png">Render Selected Chart Items to Excel Charts-001.png&lt;/a> (image/png)&lt;br>
&lt;img src="https://docs2.aspose.com/cells/reportingservices/images/icons/bullet_blue.gif" alt=""> &lt;a href="https://docs2.aspose.com/cells/reportingservices/attachments/6094931/6193412.png">Render Selected Chart Items to Excel Charts-002.png&lt;/a> (image/png)&lt;/p></description></item><item><title>Reportingservices: Mismatch Chart Types</title><link>https://docs2.aspose.com/cells/reportingservices/newfeatures/supportforeditablecharts/mismatch+chart+types/</link><pubDate>Mon, 01 Jan 0001 00:00:00 +0000</pubDate><guid>https://docs2.aspose.com/cells/reportingservices/newfeatures/supportforeditablecharts/mismatch+chart+types/</guid><description>
&lt;p>Aspose.Cells for Reporting Services : Mismatch Chart Types&lt;/p>
&lt;h1 id="asposecells-for-reporting-services--mismatch-chart-types">Aspose.Cells for Reporting Services : Mismatch Chart Types&lt;/h1>
&lt;p>Some chart types in the SQL Server Reporting Services 2008 report definition file are not available as Excel chart types:&lt;/p>
&lt;ul>
&lt;li>Line-Stepped&lt;/li>
&lt;li>Range-Plain&lt;/li>
&lt;li>Range-Smooth&lt;/li>
&lt;li>Range-Column&lt;/li>
&lt;li>Range-Bar&lt;/li>
&lt;li>Range-ErrorBar&lt;/li>
&lt;li>Range-BoxPlot&lt;/li>
&lt;li>Shape-Funnel&lt;/li>
&lt;/ul>
&lt;p>When rendering chart items that do not have equivalent options in Microsoft Excel, Aspose.Cells outputs them to images.&lt;/p></description></item></channel></rss>