<rss version="2.0" xmlns:atom="http://www.w3.org/2005/Atom"><channel><title>Documentation – Export Comments while Saving Excel file to HTML</title><link>https://docs2.aspose.com/cells/pythonjava/developerguide/html/export+comments+while+saving+excel+file+to+html/</link><description>Recent content in Export Comments while Saving Excel file to HTML on Documentation</description><generator>Hugo -- gohugo.io</generator><atom:link href="https://docs2.aspose.com/cells/pythonjava/developerguide/html/export+comments+while+saving+excel+file+to+html/index.xml" rel="self" type="application/rss+xml"/></channel></rss>