<rss version="2.0" xmlns:atom="http://www.w3.org/2005/Atom"><channel><title>Documentation – Release Notes - 2016</title><link>https://docs2.aspose.com/cells/jasperreports/releasenotes/2016/</link><description>Recent content in Release Notes - 2016 on Documentation</description><generator>Hugo -- gohugo.io</generator><atom:link href="https://docs2.aspose.com/cells/jasperreports/releasenotes/2016/index.xml" rel="self" type="application/rss+xml"/><item><title>Jasperreports: Aspose.Cells for JasperReports 2.0.0 Release Notes</title><link>https://docs2.aspose.com/cells/jasperreports/releasenotes/2016/aspose.cells+for+jasperreports+2.0.0+release+notes/</link><pubDate>Mon, 01 Jan 0001 00:00:00 +0000</pubDate><guid>https://docs2.aspose.com/cells/jasperreports/releasenotes/2016/aspose.cells+for+jasperreports+2.0.0+release+notes/</guid><description>
&lt;p>Aspose.Cells for JasperReports : Aspose.Cells for JasperReports 2.0.0 Release Notes&lt;/p>
&lt;h1 id="asposecells-for-jasperreports--asposecells-for-jasperreports-200-release-notes">Aspose.Cells for JasperReports : Aspose.Cells for JasperReports 2.0.0 Release Notes&lt;/h1>
&lt;div class="table table-striped" role="alert">
&lt;table>
&lt;thead>
&lt;tr>
&lt;th align="left">Key&lt;/th>
&lt;th align="left">Summary&lt;/th>
&lt;th align="left">Category&lt;/th>
&lt;/tr>
&lt;/thead>
&lt;tbody>
&lt;tr>
&lt;td align="left">CELLSJAVA-41448&lt;/td>
&lt;td align="left">JasperReports- Aspose.Cells does not export formulas nor it exports calculated values of the formulas&lt;/td>
&lt;td align="left">New Feature&lt;/td>
&lt;/tr>
&lt;tr>
&lt;td align="left">CELLSJAVA-41449&lt;/td>
&lt;td align="left">JasperReports - Aspose.Cells for JasperReports does not run on the newer versions of JasperServers&lt;/td>
&lt;td align="left">New Feature&lt;/td>
&lt;/tr>
&lt;/tbody>
&lt;/table>
&lt;/div>
&lt;h3 id="public-api-and-backwards-incompatible-changes">Public API and Backwards Incompatible Changes&lt;/h3>
&lt;p>The following is a list of any changes made to the public API such as added, renamed, removed or deprecated members as well as any non-backward compatible change made to Aspose.Cells for JasperReports. If you have concerns about any change listed, please raise it on the Aspose.Cells support forum.&lt;/p>
&lt;h4 id="supports-jasperserver-v630">Supports JasperServer V6.3.0&lt;/h4>
&lt;p>We removed those versions that support old versions of JasperReports and only keep the one which supports JasperServer v6.3.0 in the release archive. If users need to work with old versions of JasperReports, please download old versions of Aspose.Cells for JasperReports.&lt;/p></description></item></channel></rss>