<rss version="2.0" xmlns:atom="http://www.w3.org/2005/Atom"><channel><title>Documentation – Configuring Report Servers to store or cache the report server data</title><link>https://docs2.aspose.com/cells/reportingservices/newfeatures/reportdesigner/configuring+report+servers+to+store+or+cache+the+report+server+data/</link><description>Recent content in Configuring Report Servers to store or cache the report server data on Documentation</description><generator>Hugo -- gohugo.io</generator><atom:link href="https://docs2.aspose.com/cells/reportingservices/newfeatures/reportdesigner/configuring+report+servers+to+store+or+cache+the+report+server+data/index.xml" rel="self" type="application/rss+xml"/></channel></rss>