<rss version="2.0" xmlns:atom="http://www.w3.org/2005/Atom"><channel><title>Documentation – Add Watermark to Excel document</title><link>https://docs2.aspose.com/cells/sharepoint/productinformation/features/add+watermark+to+excel+document/</link><description>Recent content in Add Watermark to Excel document on Documentation</description><generator>Hugo -- gohugo.io</generator><atom:link href="https://docs2.aspose.com/cells/sharepoint/productinformation/features/add+watermark+to+excel+document/index.xml" rel="self" type="application/rss+xml"/></channel></rss>