<rss version="2.0" xmlns:atom="http://www.w3.org/2005/Atom"><channel><title>Documentation – XLS or XLSX Export</title><link>https://docs2.aspose.com/cells/jasperreports/gettingstarted/featuretour/xls+or+xlsx+export/</link><description>Recent content in XLS or XLSX Export on Documentation</description><generator>Hugo -- gohugo.io</generator><atom:link href="https://docs2.aspose.com/cells/jasperreports/gettingstarted/featuretour/xls+or+xlsx+export/index.xml" rel="self" type="application/rss+xml"/></channel></rss>