<rss version="2.0" xmlns:atom="http://www.w3.org/2005/Atom"><channel><title>Documentation – Add Group function in Aspose.Cells for Reporting Services Client</title><link>https://docs2.aspose.com/cells/reportingservices/newfeatures/add+group+function+in+aspose.cells+for+reporting+services+client/</link><description>Recent content in Add Group function in Aspose.Cells for Reporting Services Client on Documentation</description><generator>Hugo -- gohugo.io</generator><atom:link href="https://docs2.aspose.com/cells/reportingservices/newfeatures/add+group+function+in+aspose.cells+for+reporting+services+client/index.xml" rel="self" type="application/rss+xml"/></channel></rss>