<rss version="2.0" xmlns:atom="http://www.w3.org/2005/Atom"><channel><title>Documentation – Adding base information for Table</title><link>https://docs2.aspose.com/cells/reportingservices/userguide/creatingtabularreport/adding+base+information+for+table/</link><description>Recent content in Adding base information for Table on Documentation</description><generator>Hugo -- gohugo.io</generator><atom:link href="https://docs2.aspose.com/cells/reportingservices/userguide/creatingtabularreport/adding+base+information+for+table/index.xml" rel="self" type="application/rss+xml"/></channel></rss>