<rss version="2.0" xmlns:atom="http://www.w3.org/2005/Atom"><channel><title>Documentation – Technical Articles</title><link>https://docs2.aspose.com/cells/cpp/developerguide/technicalarticles/</link><description>Recent content in Technical Articles on Documentation</description><generator>Hugo -- gohugo.io</generator><atom:link href="https://docs2.aspose.com/cells/cpp/developerguide/technicalarticles/index.xml" rel="self" type="application/rss+xml"/><item><title>Cpp: Apply Custom Theme Colors of the Workbook using Array of Colors</title><link>https://docs2.aspose.com/cells/cpp/developerguide/technicalarticles/apply+custom+theme+colors+of+the+workbook+using+array+of+colors/</link><pubDate>Mon, 01 Jan 0001 00:00:00 +0000</pubDate><guid>https://docs2.aspose.com/cells/cpp/developerguide/technicalarticles/apply+custom+theme+colors+of+the+workbook+using+array+of+colors/</guid><description>
&lt;p>Aspose.Cells for C++ : Apply Custom Theme Colors of the Workbook using Array of Colors&lt;/p>
&lt;h1 id="asposecells-for-c--apply-custom-theme-colors-of-the-workbook-using-array-of-colors">Aspose.Cells for C++ : Apply Custom Theme Colors of the Workbook using Array of Colors&lt;/h1>
&lt;p>
&lt;div class="card my-3 border-top-0 border-right-0 border-bottom-0 border-left border-primary rounded" style="border-width:4px !important;">
&lt;div class="wrap border border-left-0 rounded">
&lt;div class="card-header border-0 bg-white pl-3 text-primary">
&lt;h3>Contents Summary&lt;/h3>
&lt;/div>
&lt;div class="card-body pt-1">
&lt;ul>
&lt;li>1 &lt;a href="#apply-custom-theme-colors-of-the-workbook-using-array-of-colors">Apply Custom Theme Colors of the Workbook using Array of Colors&lt;/a>&lt;/li>
&lt;li>2 &lt;a href="#sample-code">Sample Code&lt;/a>&lt;/li>
&lt;/ul>
&lt;/div>
&lt;/div>
&lt;/div>
 &lt;/p>
&lt;p> &lt;/p>
&lt;h2 id="apply-custom-theme-colors-of-the-workbook-using-array-of-colors">Apply Custom Theme Colors of the Workbook using Array of Colors&lt;/h2>
&lt;p>The following sample code shows how to apply custom theme colors of the workbook using an array of colors. Please check the &lt;a href="https://docs2.aspose.com/cells/cpp/attachments/22970916/23167001.xlsx">output excel file&lt;/a> generated with this code and the screenshot showing the effect of the code on the &lt;a href="https://docs2.aspose.com/cells/cpp/attachments/22970916/23167001.xlsx">output excel file&lt;/a>.&lt;/p>
&lt;p>&lt;img src="https://docs2.aspose.com/cells/cpp/attachments/22970916/23167000.png" alt="">&lt;/p>
&lt;h2 id="sample-code">Sample Code&lt;/h2>
&lt;h2 id="attachments">Attachments:&lt;/h2>
&lt;p>&lt;img src="https://docs2.aspose.com/cells/cpp/images/icons/bullet_blue.gif" alt=""> &lt;a href="https://docs2.aspose.com/cells/cpp/attachments/22970916/23167000.png">custom-theme-colors-applied.png&lt;/a> (image/png)&lt;br>
&lt;img src="https://docs2.aspose.com/cells/cpp/images/icons/bullet_blue.gif" alt=""> &lt;a href="https://docs2.aspose.com/cells/cpp/attachments/22970916/23167001.xlsx">outputApplyCustomThemeColorsOfWorkbookUsingArrayOfColors.xlsx&lt;/a> (application/vnd.openxmlformats-officedocument.spreadsheetml.sheet)&lt;/p></description></item><item><title>Cpp: Copy Theme from one Workbook to Another</title><link>https://docs2.aspose.com/cells/cpp/developerguide/technicalarticles/copy+theme+from+one+workbook+to+another/</link><pubDate>Mon, 01 Jan 0001 00:00:00 +0000</pubDate><guid>https://docs2.aspose.com/cells/cpp/developerguide/technicalarticles/copy+theme+from+one+workbook+to+another/</guid><description>
&lt;p>Aspose.Cells for C++ : Copy Theme from one Workbook to Another&lt;/p>
&lt;h1 id="asposecells-for-c--copy-theme-from-one-workbook-to-another">Aspose.Cells for C++ : Copy Theme from one Workbook to Another&lt;/h1>
&lt;p>
&lt;div class="card my-3 border-top-0 border-right-0 border-bottom-0 border-left border-primary rounded" style="border-width:4px !important;">
&lt;div class="wrap border border-left-0 rounded">
&lt;div class="card-header border-0 bg-white pl-3 text-primary">
&lt;h3>Contents Summary&lt;/h3>
&lt;/div>
&lt;div class="card-body pt-1">
&lt;ul>
&lt;li>1 &lt;a href="#copy-theme-from-one-workbook-to-another">Copy Theme from one Workbook to Another&lt;/a>&lt;/li>
&lt;li>2 &lt;a href="#sample-code">Sample Code&lt;/a>&lt;/li>
&lt;/ul>
&lt;/div>
&lt;/div>
&lt;/div>
 &lt;/p>
&lt;p> &lt;/p>
&lt;h2 id="copy-theme-from-one-workbook-to-another">Copy Theme from one Workbook to Another&lt;/h2>
&lt;p>The following sample code shows how to &lt;a href="https://docs2.aspose.com/cells/cpp/attachments/22970918/45056005.xlsx">copy theme from one workbook&lt;/a> into &lt;a href="https://docs2.aspose.com/cells/cpp/attachments/22970918/45056004.xlsx">another workbook&lt;/a>. The code is useful to apply built-in or custom themes. Just create your desired theme (it could be a built-in theme or you may customize it) in your template file using Microsoft Excel and then copy it to your source workbook using the following code.&lt;/p>
&lt;h2 id="sample-code">Sample Code&lt;/h2>
&lt;h2 id="attachments">Attachments:&lt;/h2>
&lt;p>&lt;img src="https://docs2.aspose.com/cells/cpp/images/icons/bullet_blue.gif" alt=""> &lt;a href="https://docs2.aspose.com/cells/cpp/attachments/22970918/45056004.xlsx">sampleCopyThemeFromOneWorkbookToAnother.xlsx&lt;/a> (application/vnd.openxmlformats-officedocument.spre)&lt;br>
&lt;img src="https://docs2.aspose.com/cells/cpp/images/icons/bullet_blue.gif" alt=""> &lt;a href="https://docs2.aspose.com/cells/cpp/attachments/22970918/45056005.xlsx">DamaskTheme.xlsx&lt;/a> (application/vnd.openxmlformats-officedocument.spre)&lt;/p></description></item><item><title>Cpp: Create and Manipulate Excel Table</title><link>https://docs2.aspose.com/cells/cpp/developerguide/technicalarticles/create+and+manipulate+excel+table/</link><pubDate>Mon, 01 Jan 0001 00:00:00 +0000</pubDate><guid>https://docs2.aspose.com/cells/cpp/developerguide/technicalarticles/create+and+manipulate+excel+table/</guid><description>
&lt;p>Aspose.Cells for C++ : Create and Manipulate Excel Table&lt;/p>
&lt;h1 id="asposecells-for-c--create-and-manipulate-excel-table">Aspose.Cells for C++ : Create and Manipulate Excel Table&lt;/h1>
&lt;p>
&lt;div class="card my-3 border-top-0 border-right-0 border-bottom-0 border-left border-primary rounded" style="border-width:4px !important;">
&lt;div class="wrap border border-left-0 rounded">
&lt;div class="card-header border-0 bg-white pl-3 text-primary">
&lt;h3>Contents Summary&lt;/h3>
&lt;/div>
&lt;div class="card-body pt-1">
&lt;ul>
&lt;li>1 &lt;a href="#possible-usage-scenarios">Possible Usage Scenarios&lt;/a>&lt;/li>
&lt;li>2 &lt;a href="#create-and-manipulate-excel-table">Create and Manipulate Excel Table&lt;/a>&lt;/li>
&lt;li>3 &lt;a href="#sample-code">Sample Code&lt;/a>&lt;/li>
&lt;/ul>
&lt;/div>
&lt;/div>
&lt;/div>
 &lt;/p>
&lt;p> &lt;/p>
&lt;h2 id="possible-usage-scenarios">Possible Usage Scenarios&lt;/h2>
&lt;p>Aspose.Cells allows you to create and manipulate new or existing list objects or tables. You can make use of various methods of the list object or table e.g. header row style, column stripes, style type, show subtotal, etc. and also work with individual columns of the table and set their name and totals calculation function which could be &lt;code>Min&lt;/code>, &lt;code>Max&lt;/code>, &lt;code>Count&lt;/code>, &lt;code>Average&lt;/code>, &lt;code>Sum&lt;/code> etc.&lt;/p>
&lt;h2 id="create-and-manipulate-excel-table">Create and Manipulate Excel Table&lt;/h2>
&lt;p>The following sample code loads the &lt;a href="https://docs2.aspose.com/cells/cpp/attachments/22970935/23167015.xlsx">sample excel file&lt;/a> and then creates a list object or table in a range &lt;code>A1:H10&lt;/code>, then it makes use of its various methods and sets show subtotal. Then it sets the total functions of &lt;code>3rd, 4th and 5th&lt;/code> columns to &lt;code>Min&lt;/code>, &lt;code>Max&lt;/code> and &lt;code>Count&lt;/code> respectively and writes the &lt;a href="https://docs2.aspose.com/cells/cpp/attachments/22970935/23167016.xlsx">output excel file&lt;/a>. The following screenshot shows the effect of the sample code on the &lt;a href="https://docs2.aspose.com/cells/cpp/attachments/22970935/23167015.xlsx">sample excel file&lt;/a> after execution.&lt;/p>
&lt;p>&lt;img src="https://docs2.aspose.com/cells/cpp/attachments/22970935/23167017.png" alt="">&lt;/p>
&lt;h2 id="sample-code">Sample Code&lt;/h2>
&lt;h2 id="attachments">Attachments:&lt;/h2>
&lt;p>&lt;img src="https://docs2.aspose.com/cells/cpp/images/icons/bullet_blue.gif" alt=""> &lt;a href="https://docs2.aspose.com/cells/cpp/attachments/22970935/23167015.xlsx">sample.xlsx&lt;/a> (application/vnd.openxmlformats-officedocument.spreadsheetml.sheet)&lt;br>
&lt;img src="https://docs2.aspose.com/cells/cpp/images/icons/bullet_blue.gif" alt=""> &lt;a href="https://docs2.aspose.com/cells/cpp/attachments/22970935/23167016.xlsx">output.xlsx&lt;/a> (application/vnd.openxmlformats-officedocument.spreadsheetml.sheet)&lt;br>
&lt;img src="https://docs2.aspose.com/cells/cpp/images/icons/bullet_blue.gif" alt=""> &lt;a href="https://docs2.aspose.com/cells/cpp/attachments/22970935/23167017.png">list-object-or-table-created-using-aspose.cells.png&lt;/a> (image/png)&lt;/p></description></item><item><title>Cpp: Group Rows and Columns of Worksheet</title><link>https://docs2.aspose.com/cells/cpp/developerguide/technicalarticles/group+rows+and+columns+of+worksheet/</link><pubDate>Mon, 01 Jan 0001 00:00:00 +0000</pubDate><guid>https://docs2.aspose.com/cells/cpp/developerguide/technicalarticles/group+rows+and+columns+of+worksheet/</guid><description>
&lt;p>Aspose.Cells for C++ : Group Rows and Columns of Worksheet&lt;/p>
&lt;h1 id="asposecells-for-c--group-rows-and-columns-of-worksheet">Aspose.Cells for C++ : Group Rows and Columns of Worksheet&lt;/h1>
&lt;p>
&lt;div class="card my-3 border-top-0 border-right-0 border-bottom-0 border-left border-primary rounded" style="border-width:4px !important;">
&lt;div class="wrap border border-left-0 rounded">
&lt;div class="card-header border-0 bg-white pl-3 text-primary">
&lt;h3>Contents Summary&lt;/h3>
&lt;/div>
&lt;div class="card-body pt-1">
&lt;ul>
&lt;li>1 &lt;a href="#possible-usage-scenarios">Possible Usage Scenarios&lt;/a>&lt;/li>
&lt;li>2 &lt;a href="#group-rows-and-columns-of-worksheet">Group Rows and Columns of Worksheet&lt;/a>&lt;/li>
&lt;li>3 &lt;a href="#sample-code">Sample Code&lt;/a>&lt;/li>
&lt;/ul>
&lt;/div>
&lt;/div>
&lt;/div>
 &lt;/p>
&lt;p> &lt;/p>
&lt;h2 id="possible-usage-scenarios">Possible Usage Scenarios&lt;/h2>
&lt;p>Aspose.Cells allows you to group rows and columns in a worksheet using &lt;a href="https://apireference.aspose.com/cpp/cells/class/aspose.cells.i_cells/#a88e0180ed1a4a423e0bd3ac599ef9332">ICells.GroupRows()&lt;/a> and &lt;a href="https://apireference.aspose.com/cpp/cells/class/aspose.cells.i_cells/#aaa14179e2a84ba5c2857f8434570d3d8">ICells.GroupColumns()&lt;/a> methods.&lt;/p>
&lt;h2 id="group-rows-and-columns-of-worksheet">Group Rows and Columns of Worksheet&lt;/h2>
&lt;p>The following sample code shows how to group rows and columns. It groups the rows and columns up to the 3rd level. Please check the &lt;a href="https://docs2.aspose.com/cells/cpp/attachments/22970914/23166998.xlsx">output excel file&lt;/a> generated with this code. It has two worksheets, the first one contains the grouping of rows and the second one contains the grouping of columns. Please also see the screenshot showing the grouping of rows in its first worksheet.&lt;/p>
&lt;p>&lt;img src="https://docs2.aspose.com/cells/cpp/attachments/22970914/23166999.png" alt="">&lt;/p>
&lt;h2 id="sample-code">Sample Code&lt;/h2>
&lt;h2 id="attachments">Attachments:&lt;/h2>
&lt;p>&lt;img src="https://docs2.aspose.com/cells/cpp/images/icons/bullet_blue.gif" alt=""> &lt;a href="https://docs2.aspose.com/cells/cpp/attachments/22970914/23166998.xlsx">output.xlsx&lt;/a> (application/vnd.openxmlformats-officedocument.spreadsheetml.sheet)&lt;br>
&lt;img src="https://docs2.aspose.com/cells/cpp/images/icons/bullet_blue.gif" alt=""> &lt;a href="https://docs2.aspose.com/cells/cpp/attachments/22970914/23166999.png">grouping-of-rows-and-columns.png&lt;/a> (image/png)&lt;/p></description></item></channel></rss>