<rss version="2.0" xmlns:atom="http://www.w3.org/2005/Atom"><channel><title>Documentation – Cells Helper</title><link>https://docs2.aspose.com/cells/cpp/developerguide/helper/</link><description>Recent content in Cells Helper on Documentation</description><generator>Hugo -- gohugo.io</generator><atom:link href="https://docs2.aspose.com/cells/cpp/developerguide/helper/index.xml" rel="self" type="application/rss+xml"/><item><title>Cpp: Names and Indices</title><link>https://docs2.aspose.com/cells/cpp/developerguide/helper/names+and+indices/</link><pubDate>Mon, 01 Jan 0001 00:00:00 +0000</pubDate><guid>https://docs2.aspose.com/cells/cpp/developerguide/helper/names+and+indices/</guid><description>
&lt;p>Aspose.Cells for C++ : Names and Indices&lt;/p>
&lt;h1 id="asposecells-for-c--names-and-indices">Aspose.Cells for C++ : Names and Indices&lt;/h1>
&lt;p>
&lt;div class="card my-3 border-top-0 border-right-0 border-bottom-0 border-left border-primary rounded" style="border-width:4px !important;">
&lt;div class="wrap border border-left-0 rounded">
&lt;div class="card-header border-0 bg-white pl-3 text-primary">
&lt;h3>Contents Summary&lt;/h3>
&lt;/div>
&lt;div class="card-body pt-1">
&lt;ul>
&lt;li>1 &lt;a href="#get-cell-name-from-row-and-column-indices">Get Cell Name from Row and Column Indices&lt;/a>&lt;/li>
&lt;li>2 &lt;a href="#get-row-and-column-indices-from-cell-name">Get Row and Column Indices from Cell Name&lt;/a>&lt;/li>
&lt;/ul>
&lt;/div>
&lt;/div>
&lt;/div>
 &lt;/p>
&lt;h2 id="get-cell-name-from-row-and-column-indices">Get Cell Name from Row and Column Indices&lt;/h2>
&lt;p>It is possible to find a cell&amp;rsquo;s name given the row and column index. This article explains how.&lt;br>
Aspose.Cells provides the &lt;code>ICellsHelper.CellIndexToName_i&lt;/code> method which allows developers to get a cell&amp;rsquo;s name if they provide the row and column index.&lt;/p>
&lt;p>Unlike Microsoft Excel, where row and column indices start from 1, Aspose.Cells starts counting row and column indices from 0.&lt;/p>
&lt;p>The following sample code illustrates how to use &lt;code>ICellsHelper.CellIndexToName_i&lt;/code> to access the a cell&amp;rsquo;s name given a known row and column index. The code generates the following output.&lt;/p>
&lt;h2 id="get-row-and-column-indices-from-cell-name">Get Row and Column Indices from Cell Name&lt;/h2>
&lt;p>It is possible to find a row and column index of the cell from its name. This article explains how.&lt;br>
Aspose.Cells provides the &lt;code>ICellsHelper.CellNameToIndex_i&lt;/code> method which allows developers to get a row and column index from the cell&amp;rsquo;s name.&lt;/p>
&lt;p>Unlike Microsoft Excel, where row and column indices start from 1, Aspose.Cells starts counting row and column indices from 0.&lt;/p>
&lt;p>The following sample code illustrates how to use &lt;code>CellsHelper.CellNameToIndex&lt;/code> to get the row and column index from the cell&amp;rsquo;s name. The code generates the following output.&lt;/p></description></item></channel></rss>