<rss version="2.0" xmlns:atom="http://www.w3.org/2005/Atom"><channel><title>Documentation – Accessing Cells of a Worksheet</title><link>https://docs2.aspose.com/cells/cpp/developerguide/data/accessing+cells+of+a+worksheet/</link><description>Recent content in Accessing Cells of a Worksheet on Documentation</description><generator>Hugo -- gohugo.io</generator><atom:link href="https://docs2.aspose.com/cells/cpp/developerguide/data/accessing+cells+of+a+worksheet/index.xml" rel="self" type="application/rss+xml"/></channel></rss>