<rss version="2.0" xmlns:atom="http://www.w3.org/2005/Atom"><channel><title>Documentation – Managing Page Breaks</title><link>https://docs2.aspose.com/cells/cpp/developerguide/worksheets/managing+page+breaks/</link><description>Recent content in Managing Page Breaks on Documentation</description><generator>Hugo -- gohugo.io</generator><atom:link href="https://docs2.aspose.com/cells/cpp/developerguide/worksheets/managing+page+breaks/index.xml" rel="self" type="application/rss+xml"/></channel></rss>