<rss version="2.0" xmlns:atom="http://www.w3.org/2005/Atom"><channel><title>Documentation – Add Hide Function in Aspose.Cells for Reporting Services Client</title><link>https://docs2.aspose.com/cells/reportingservices/newfeatures/addhidefunction/</link><description>Recent content in Add Hide Function in Aspose.Cells for Reporting Services Client on Documentation</description><generator>Hugo -- gohugo.io</generator><atom:link href="https://docs2.aspose.com/cells/reportingservices/newfeatures/addhidefunction/index.xml" rel="self" type="application/rss+xml"/><item><title>Reportingservices: Set a Tables Hide Attributes from the Modify Attribute Form</title><link>https://docs2.aspose.com/cells/reportingservices/newfeatures/addhidefunction/set+a+tables+hide+attributes+from+the+modify+attribute+form/</link><pubDate>Mon, 01 Jan 0001 00:00:00 +0000</pubDate><guid>https://docs2.aspose.com/cells/reportingservices/newfeatures/addhidefunction/set+a+tables+hide+attributes+from+the+modify+attribute+form/</guid><description>
&lt;p>Aspose.Cells for Reporting Services : Set a Table&amp;rsquo;s Hide Attributes from the Modify Attribute Form&lt;/p>
&lt;h1 id="asposecells-for-reporting-services--set-a-tables-hide-attributes-from-the-modify-attribute-form">Aspose.Cells for Reporting Services : Set a Table&amp;rsquo;s Hide Attributes from the Modify Attribute Form&lt;/h1>
&lt;p>Set a table report&amp;rsquo;s hide attributes from &lt;strong>Modify Attribute&lt;/strong>. Parameters include:&lt;/p>
&lt;ul>
&lt;li>&lt;strong>Type&lt;/strong> represents the hide object type. It includes table, row and column.&lt;/li>
&lt;li>&lt;strong>Index&lt;/strong> represents the hide object&amp;rsquo; position. When type is worksheet, the value is null. The index value starts from 0.&lt;/li>
&lt;li>&lt;strong>Expression&lt;/strong> represents the hide state Value. The value is true, false or an Excel formula. The expression supports Reporting Services formula.&lt;/li>
&lt;/ul>
&lt;p>&lt;strong>Setting a table report&amp;rsquo;s hide attributes&lt;/strong>&lt;br>
&lt;img src="https://docs2.aspose.com/cells/reportingservices/attachments/6094926/6193403.png" alt="">&lt;/p>
&lt;h2 id="attachments">Attachments:&lt;/h2>
&lt;p>&lt;img src="https://docs2.aspose.com/cells/reportingservices/images/icons/bullet_blue.gif" alt=""> &lt;a href="https://docs2.aspose.com/cells/reportingservices/attachments/6094926/6193403.png">addhide1.png&lt;/a> (image/png)&lt;/p></description></item><item><title>Reportingservices: Set Hide Option for Excel Row Column and Sheet using Dyn-Hide Form</title><link>https://docs2.aspose.com/cells/reportingservices/newfeatures/addhidefunction/set+hide+option+for+excel+row+column+and+sheet+using+dyn-hide+form/</link><pubDate>Mon, 01 Jan 0001 00:00:00 +0000</pubDate><guid>https://docs2.aspose.com/cells/reportingservices/newfeatures/addhidefunction/set+hide+option+for+excel+row+column+and+sheet+using+dyn-hide+form/</guid><description>
&lt;p>Aspose.Cells for Reporting Services : Set Hide Option for Excel Row, Column and Sheet using Dyn-Hide Form&lt;/p>
&lt;h1 id="asposecells-for-reporting-services--set-hide-option-for-excel-row-column-and-sheet-using-dyn-hide-form">Aspose.Cells for Reporting Services : Set Hide Option for Excel Row, Column and Sheet using Dyn-Hide Form&lt;/h1>
&lt;p>Aspose.Cells for Reporting Services hides any specified row, column and sheet based set in the &lt;code>Hide&lt;/code> parameters. The parameters include:&lt;/p>
&lt;ul>
&lt;li>&lt;strong>SheetName&lt;/strong> represents a worksheet which specifies a hide object.&lt;/li>
&lt;li>&lt;strong>Type&lt;/strong> represents the hide object type. It includes worksheet, row and column.&lt;/li>
&lt;li>&lt;strong>Row/Column Index&lt;/strong> represents the specified hide object. When the type is worksheet, the value is null. Column index supports character. The index value starts from 1.&lt;/li>
&lt;li>&lt;strong>Hide State&lt;/strong> represents the hide state value. The value is true, false or an Excel formula. The parameter only supports Reporting Services report parameters.&lt;/li>
&lt;/ul>
&lt;p>&lt;strong>Specifying hide options&lt;/strong>&lt;br>
&lt;img src="https://docs2.aspose.com/cells/reportingservices/attachments/6094941/6193404.png" alt="">&lt;/p>
&lt;h2 id="attachments">Attachments:&lt;/h2>
&lt;p>&lt;img src="https://docs2.aspose.com/cells/reportingservices/images/icons/bullet_blue.gif" alt=""> &lt;a href="https://docs2.aspose.com/cells/reportingservices/attachments/6094941/6193405.png">addhide1.png&lt;/a> (image/png)&lt;br>
&lt;img src="https://docs2.aspose.com/cells/reportingservices/images/icons/bullet_blue.gif" alt=""> &lt;a href="https://docs2.aspose.com/cells/reportingservices/attachments/6094941/6193404.png">addhide2.png&lt;/a> (image/png)&lt;/p></description></item></channel></rss>