<rss version="2.0" xmlns:atom="http://www.w3.org/2005/Atom"><channel><title>Documentation – Parameterized Report</title><link>https://docs2.aspose.com/cells/reportingservices/userguide/parameterizedreport/</link><description>Recent content in Parameterized Report on Documentation</description><generator>Hugo -- gohugo.io</generator><atom:link href="https://docs2.aspose.com/cells/reportingservices/userguide/parameterizedreport/index.xml" rel="self" type="application/rss+xml"/><item><title>Reportingservices: Creating Report Parameters</title><link>https://docs2.aspose.com/cells/reportingservices/userguide/parameterizedreport/creating+report+parameters/</link><pubDate>Mon, 01 Jan 0001 00:00:00 +0000</pubDate><guid>https://docs2.aspose.com/cells/reportingservices/userguide/parameterizedreport/creating+report+parameters/</guid><description>
&lt;p>Aspose.Cells for Reporting Services : Creating Report Parameters&lt;/p>
&lt;h1 id="asposecells-for-reporting-services--creating-report-parameters">Aspose.Cells for Reporting Services : Creating Report Parameters&lt;/h1>
&lt;p>To create a report parameter in Aspose.Cells.Report.Designer:&lt;/p>
&lt;ol>
&lt;li>
&lt;p>Open Microsoft Excel.&lt;/p>
&lt;/li>
&lt;li>
&lt;p>Click &lt;strong>Report Parameter&lt;/strong> on the Aspose.Cells.Report.Designer toolbar. (&lt;img src="https://docs2.aspose.com/cells/reportingservices/attachments/6094956/6193508.png" alt="">)&lt;br>
In the dialog box, all the report parameters are listed in the left panel.&lt;/p>
&lt;/li>
&lt;li>
&lt;p>Click &lt;strong>Add&lt;/strong>.&lt;/p>
&lt;p>&lt;strong>The Report Parameter Configuration form&lt;/strong>&lt;br>
&lt;img src="https://docs2.aspose.com/cells/reportingservices/attachments/6094956/6193507.png" alt="">&lt;/p>
&lt;/li>
&lt;li>
&lt;p>In the dialog box, input the report parameter information.&lt;/p>
&lt;p>&lt;strong>Adding parameter information&lt;/strong>&lt;br>
&lt;img src="https://docs2.aspose.com/cells/reportingservices/attachments/6094956/6193506.png" alt="">&lt;/p>
&lt;p>The valid values for a report parameter may come from a dataset or a group of user-defined values. A report parameter has two data fields: label and value. The label value can be null.&lt;/p>
&lt;/li>
&lt;li>
&lt;p>Click &lt;strong>Setup&lt;/strong> to set up a group of values for the report parameter.&lt;/p>
&lt;/li>
&lt;li>
&lt;p>Add values for the &lt;strong>Label&lt;/strong> and &lt;strong>Value&lt;/strong> fields.&lt;/p>
&lt;p>&lt;strong>Adding label and value&lt;/strong>&lt;br>
&lt;img src="https://docs2.aspose.com/cells/reportingservices/attachments/6094956/6193505.png" alt="">&lt;/p>
&lt;/li>
&lt;li>
&lt;p>Click &lt;strong>Add&lt;/strong>.&lt;br>
Repeat to add other values for the parameter.&lt;/p>
&lt;/li>
&lt;li>
&lt;p>Click &lt;strong>Close&lt;/strong>.&lt;/p>
&lt;/li>
&lt;li>
&lt;p>Click &lt;strong>Save&lt;/strong> to save the parameter.&lt;/p>
&lt;/li>
&lt;li>
&lt;p>The new report parameter is listed in the left panel.&lt;/p>
&lt;/li>
&lt;/ol>
&lt;pre>&lt;code>**The new parameter**
![](https://docs2.aspose.com/cells/reportingservices/attachments/6094956/6193502.png)
&lt;/code>&lt;/pre>
&lt;h2 id="attachments">Attachments:&lt;/h2>
&lt;p>&lt;img src="https://docs2.aspose.com/cells/reportingservices/images/icons/bullet_blue.gif" alt=""> &lt;a href="https://docs2.aspose.com/cells/reportingservices/attachments/6094956/6193508.png">Creating Report Parameters-001.png&lt;/a> (image/png)&lt;br>
&lt;img src="https://docs2.aspose.com/cells/reportingservices/images/icons/bullet_blue.gif" alt=""> &lt;a href="https://docs2.aspose.com/cells/reportingservices/attachments/6094956/6193507.png">Creating Report Parameters-002.png&lt;/a> (image/png)&lt;br>
&lt;img src="https://docs2.aspose.com/cells/reportingservices/images/icons/bullet_blue.gif" alt=""> &lt;a href="https://docs2.aspose.com/cells/reportingservices/attachments/6094956/6193506.png">Creating Report Parameters-003.png&lt;/a> (image/png)&lt;br>
&lt;img src="https://docs2.aspose.com/cells/reportingservices/images/icons/bullet_blue.gif" alt=""> &lt;a href="https://docs2.aspose.com/cells/reportingservices/attachments/6094956/6193505.png">Creating Report Parameters-004.png&lt;/a> (image/png)&lt;br>
&lt;img src="https://docs2.aspose.com/cells/reportingservices/images/icons/bullet_blue.gif" alt=""> &lt;a href="https://docs2.aspose.com/cells/reportingservices/attachments/6094956/6193504.png">Creating Report Parameters-005.png&lt;/a> (image/png)&lt;br>
&lt;img src="https://docs2.aspose.com/cells/reportingservices/images/icons/bullet_blue.gif" alt=""> &lt;a href="https://docs2.aspose.com/cells/reportingservices/attachments/6094956/6193503.png">Creating Report Parameters-006.png&lt;/a> (image/png)&lt;br>
&lt;img src="https://docs2.aspose.com/cells/reportingservices/images/icons/bullet_blue.gif" alt=""> &lt;a href="https://docs2.aspose.com/cells/reportingservices/attachments/6094956/6193502.png">Creating Report Parameters-007.png&lt;/a> (image/png)&lt;/p></description></item><item><title>Reportingservices: Modifying Report Parameters</title><link>https://docs2.aspose.com/cells/reportingservices/userguide/parameterizedreport/modifying+report+parameters/</link><pubDate>Mon, 01 Jan 0001 00:00:00 +0000</pubDate><guid>https://docs2.aspose.com/cells/reportingservices/userguide/parameterizedreport/modifying+report+parameters/</guid><description>
&lt;p>Aspose.Cells for Reporting Services : Modifying Report Parameters&lt;/p>
&lt;h1 id="asposecells-for-reporting-services--modifying-report-parameters">Aspose.Cells for Reporting Services : Modifying Report Parameters&lt;/h1>
&lt;p>To modify a report parameter:&lt;/p>
&lt;ol>
&lt;li>
&lt;p>Open Microsoft Excel.&lt;/p>
&lt;/li>
&lt;li>
&lt;p>Click &lt;strong>Report Parameter&lt;/strong> on the Aspose.Cells.Report.Designer toolbar (&lt;img src="https://docs2.aspose.com/cells/reportingservices/attachments/6094955/6193274.png" alt="">).&lt;/p>
&lt;/li>
&lt;li>
&lt;p>Select a report parameter listed in the left panel, for example &lt;strong>ReportMonth&lt;/strong>.&lt;/p>
&lt;/li>
&lt;li>
&lt;p>Click &lt;strong>Modify&lt;/strong>.&lt;/p>
&lt;p>&lt;strong>Selecting a parameter&lt;/strong>&lt;br>
&lt;img src="https://docs2.aspose.com/cells/reportingservices/attachments/6094955/6193281.png" alt="">&lt;/p>
&lt;/li>
&lt;li>
&lt;p>Modify the report parameter information.&lt;/p>
&lt;p>&lt;strong>Modifying the parameter&lt;/strong>&lt;br>
&lt;img src="https://docs2.aspose.com/cells/reportingservices/attachments/6094955/6193280.png" alt="">&lt;/p>
&lt;/li>
&lt;li>
&lt;p>Click &lt;strong>Save&lt;/strong>.&lt;/p>
&lt;/li>
&lt;/ol>
&lt;h2 id="attachments">Attachments:&lt;/h2>
&lt;p>&lt;img src="https://docs2.aspose.com/cells/reportingservices/images/icons/bullet_blue.gif" alt=""> &lt;a href="https://docs2.aspose.com/cells/reportingservices/attachments/6094955/6193274.png">Modifying Report Parameters-001.png&lt;/a> (image/png)&lt;br>
&lt;img src="https://docs2.aspose.com/cells/reportingservices/images/icons/bullet_blue.gif" alt=""> &lt;a href="https://docs2.aspose.com/cells/reportingservices/attachments/6094955/6193281.png">Modifying Report Parameters-002.png&lt;/a> (image/png)&lt;br>
&lt;img src="https://docs2.aspose.com/cells/reportingservices/images/icons/bullet_blue.gif" alt=""> &lt;a href="https://docs2.aspose.com/cells/reportingservices/attachments/6094955/6193280.png">Modifying Report Parameters-003.png&lt;/a> (image/png)&lt;/p></description></item><item><title>Reportingservices: Mapping Query Parameters to Report Parameters</title><link>https://docs2.aspose.com/cells/reportingservices/userguide/parameterizedreport/mapping+query+parameters+to+report+parameters/</link><pubDate>Mon, 01 Jan 0001 00:00:00 +0000</pubDate><guid>https://docs2.aspose.com/cells/reportingservices/userguide/parameterizedreport/mapping+query+parameters+to+report+parameters/</guid><description>
&lt;p>Aspose.Cells for Reporting Services : Mapping Query Parameters to Report Parameters&lt;/p>
&lt;h1 id="asposecells-for-reporting-services--mapping-query-parameters-to-report-parameters">Aspose.Cells for Reporting Services : Mapping Query Parameters to Report Parameters&lt;/h1>
&lt;ol>
&lt;li>
&lt;p>Open Microsoft Excel.&lt;/p>
&lt;/li>
&lt;li>
&lt;p>Click &lt;strong>Build Data Set&lt;/strong> on the Aspose.Cells.Report.Designer toolbar (&lt;img src="https://docs2.aspose.com/cells/reportingservices/attachments/6094958/6193284.png" alt="">).&lt;/p>
&lt;/li>
&lt;li>
&lt;p>Select a data set in the left panel, for example &lt;strong>EmpSalesDetail&lt;/strong>.&lt;/p>
&lt;p>&lt;strong>Selecting a data set&lt;/strong>&lt;br>
&lt;img src="https://docs2.aspose.com/cells/reportingservices/attachments/6094958/6193283.png" alt="">&lt;/p>
&lt;/li>
&lt;li>
&lt;p>Click the Parameters tab in the right panel to list the data set&amp;rsquo;s parameters.&lt;/p>
&lt;/li>
&lt;li>
&lt;p>Click the &lt;strong>Binded Report Parameter&lt;/strong> column.&lt;br>
All the report parameters created in advance are listed.&lt;/p>
&lt;/li>
&lt;li>
&lt;p>Select a parameter.&lt;/p>
&lt;p>&lt;strong>Mapping parameters&lt;/strong>&lt;br>
&lt;img src="https://docs2.aspose.com/cells/reportingservices/attachments/6094958/6193282.png" alt="">&lt;/p>
&lt;/li>
&lt;li>
&lt;p>Repeat to map all the query parameters to report parameters.&lt;/p>
&lt;p>&lt;strong>Mapping complete&lt;/strong>&lt;br>
&lt;img src="https://docs2.aspose.com/cells/reportingservices/attachments/6094958/6193289.png" alt="">&lt;/p>
&lt;/li>
&lt;li>
&lt;p>Click &lt;strong>Close&lt;/strong>.&lt;/p>
&lt;/li>
&lt;/ol>
&lt;h2 id="attachments">Attachments:&lt;/h2>
&lt;p>&lt;img src="https://docs2.aspose.com/cells/reportingservices/images/icons/bullet_blue.gif" alt=""> &lt;a href="https://docs2.aspose.com/cells/reportingservices/attachments/6094958/6193284.png">Mapping Query Parameters to Report Parameters-001.png&lt;/a> (image/png)&lt;br>
&lt;img src="https://docs2.aspose.com/cells/reportingservices/images/icons/bullet_blue.gif" alt=""> &lt;a href="https://docs2.aspose.com/cells/reportingservices/attachments/6094958/6193283.png">Mapping Query Parameters to Report Parameters-002.png&lt;/a> (image/png)&lt;br>
&lt;img src="https://docs2.aspose.com/cells/reportingservices/images/icons/bullet_blue.gif" alt=""> &lt;a href="https://docs2.aspose.com/cells/reportingservices/attachments/6094958/6193282.png">Mapping Query Parameters to Report Parameters-003.png&lt;/a> (image/png)&lt;br>
&lt;img src="https://docs2.aspose.com/cells/reportingservices/images/icons/bullet_blue.gif" alt=""> &lt;a href="https://docs2.aspose.com/cells/reportingservices/attachments/6094958/6193289.png">Mapping Query Parameters to Report Parameters-004.png&lt;/a> (image/png)&lt;/p></description></item></channel></rss>