<rss version="2.0" xmlns:atom="http://www.w3.org/2005/Atom"><channel><title>Documentation – Release Notes</title><link>https://docs2.aspose.com/cells/sharepoint/releasenotes/</link><description>Recent content in Release Notes on Documentation</description><generator>Hugo -- gohugo.io</generator><atom:link href="https://docs2.aspose.com/cells/sharepoint/releasenotes/index.xml" rel="self" type="application/rss+xml"/><item><title>Sharepoint: Release Notes - 2017</title><link>https://docs2.aspose.com/cells/sharepoint/releasenotes/2017/</link><pubDate>Mon, 01 Jan 0001 00:00:00 +0000</pubDate><guid>https://docs2.aspose.com/cells/sharepoint/releasenotes/2017/</guid><description>
&lt;p>Aspose.Cells for SharePoint : Release Notes - 2017&lt;/p>
&lt;h1 id="asposecells-for-sharepoint--release-notes---2017">Aspose.Cells for SharePoint : Release Notes - 2017&lt;/h1></description></item><item><title>Sharepoint: Release Notes - 2014</title><link>https://docs2.aspose.com/cells/sharepoint/releasenotes/2014/</link><pubDate>Mon, 01 Jan 0001 00:00:00 +0000</pubDate><guid>https://docs2.aspose.com/cells/sharepoint/releasenotes/2014/</guid><description>
&lt;p>Aspose.Cells for SharePoint : Release Notes - 2014&lt;/p>
&lt;h1 id="asposecells-for-sharepoint--release-notes---2014">Aspose.Cells for SharePoint : Release Notes - 2014&lt;/h1>
&lt;h3 id="release-notes---2014">Release Notes - 2014&lt;/h3>
&lt;p>        &lt;a href="https://docs2.aspose.com/cells/sharepoint/releasenotes/2014/aspose.cells+for+sharepoint+3.1.0+release+notes">&lt;strong>Aspose.Cells for SharePoint 3.1.0 Release Notes&lt;/strong>&lt;/a>&lt;/p>
&lt;p>&lt;a href="#">Expand all&lt;/a>   &lt;a href="#">Collapse all&lt;/a>&lt;/p></description></item><item><title>Sharepoint: Release Notes - 2013</title><link>https://docs2.aspose.com/cells/sharepoint/releasenotes/2013/</link><pubDate>Mon, 01 Jan 0001 00:00:00 +0000</pubDate><guid>https://docs2.aspose.com/cells/sharepoint/releasenotes/2013/</guid><description>
&lt;p>Aspose.Cells for SharePoint : Release Notes - 2013&lt;/p>
&lt;h1 id="asposecells-for-sharepoint--release-notes---2013">Aspose.Cells for SharePoint : Release Notes - 2013&lt;/h1></description></item><item><title>Sharepoint: Release Notes - 2012</title><link>https://docs2.aspose.com/cells/sharepoint/releasenotes/2012/</link><pubDate>Mon, 01 Jan 0001 00:00:00 +0000</pubDate><guid>https://docs2.aspose.com/cells/sharepoint/releasenotes/2012/</guid><description>
&lt;p>Aspose.Cells for SharePoint : Release Notes - 2012&lt;/p>
&lt;h1 id="asposecells-for-sharepoint--release-notes---2012">Aspose.Cells for SharePoint : Release Notes - 2012&lt;/h1>
&lt;h3 id="release-notes---2012">Release Notes - 2012&lt;/h3>
&lt;p>        &lt;a href="https://docs2.aspose.com/cells/sharepoint/releasenotes/2012/aspose.cells+for+sharepoint+3.0.0+release+notes">&lt;strong>Aspose.Cells for SharePoint 3.0.0 Release Notes&lt;/strong>&lt;/a>&lt;/p>
&lt;p>&lt;a href="#">Expand all&lt;/a>   &lt;a href="#">Collapse all&lt;/a>&lt;/p></description></item><item><title>Sharepoint: Release Notes - 2011</title><link>https://docs2.aspose.com/cells/sharepoint/releasenotes/2011/</link><pubDate>Mon, 01 Jan 0001 00:00:00 +0000</pubDate><guid>https://docs2.aspose.com/cells/sharepoint/releasenotes/2011/</guid><description>
&lt;p>Aspose.Cells for SharePoint : Release Notes - 2011&lt;/p>
&lt;h1 id="asposecells-for-sharepoint--release-notes---2011">Aspose.Cells for SharePoint : Release Notes - 2011&lt;/h1></description></item><item><title>Sharepoint: Release Notes - 2010</title><link>https://docs2.aspose.com/cells/sharepoint/releasenotes/2010/</link><pubDate>Mon, 01 Jan 0001 00:00:00 +0000</pubDate><guid>https://docs2.aspose.com/cells/sharepoint/releasenotes/2010/</guid><description>
&lt;p>Aspose.Cells for SharePoint : Release Notes - 2010&lt;/p>
&lt;h1 id="asposecells-for-sharepoint--release-notes---2010">Aspose.Cells for SharePoint : Release Notes - 2010&lt;/h1>
&lt;h3 id="release-notes---2010">Release Notes - 2010&lt;/h3>
&lt;p>        &lt;a href="https://docs2.aspose.com/cells/sharepoint/releasenotes/2010/aspose.cells+for+sharepoint+1.0.0+release+notes">&lt;strong>Aspose.Cells for SharePoint 1.0.0 Release Notes&lt;/strong>&lt;/a> &lt;br>
        &lt;a href="https://docs2.aspose.com/cells/sharepoint/releasenotes/2010/aspose.cells+for+sharepoint+2.0.0+release+notes">&lt;strong>Aspose.Cells for SharePoint 2.0.0 Release Notes&lt;/strong>&lt;/a>&lt;/p>
&lt;p>&lt;a href="#">Expand all&lt;/a>   &lt;a href="#">Collapse all&lt;/a>&lt;/p></description></item></channel></rss>