<rss version="2.0" xmlns:atom="http://www.w3.org/2005/Atom"><channel><title>Documentation – Features</title><link>https://docs2.aspose.com/cells/sharepoint/productinformation/features/</link><description>Recent content in Features on Documentation</description><generator>Hugo -- gohugo.io</generator><atom:link href="https://docs2.aspose.com/cells/sharepoint/productinformation/features/index.xml" rel="self" type="application/rss+xml"/><item><title>Sharepoint: Multiple Format Support</title><link>https://docs2.aspose.com/cells/sharepoint/productinformation/features/multiple+format+support/</link><pubDate>Mon, 01 Jan 0001 00:00:00 +0000</pubDate><guid>https://docs2.aspose.com/cells/sharepoint/productinformation/features/multiple+format+support/</guid><description>
&lt;p>Aspose.Cells for SharePoint : Multiple Format Support&lt;/p>
&lt;h1 id="asposecells-for-sharepoint--multiple-format-support">Aspose.Cells for SharePoint : Multiple Format Support&lt;/h1>
&lt;p>With Aspose.Cells for SharePoint you can convert documents between many popular office document formats from a SharePoint document library. Most of the conversions are done with high fidelity and precision.&lt;/p>
&lt;h4 id="supported-input-formats">Supported Input Formats&lt;/h4>
&lt;p>Aspose.Cells for SharePoint supports the following input formats:&lt;/p>
&lt;ul>
&lt;li>XLS – Microsoft Excel 97~2003&lt;/li>
&lt;li>XLSX – Office Open XML&lt;/li>
&lt;li>XLSM, XLTX, XLTM – Office Open XML&lt;/li>
&lt;li>CSV – Comma Separated Values Worksheet Document&lt;/li>
&lt;li>ODS – OpenDocument&lt;/li>
&lt;li>XML – Microsoft Excel SpreadsheetML&lt;/li>
&lt;/ul>
&lt;p>To generate documents, Aspose.Cells for SharePoint relies on a built-in version of &lt;a href="http://www.aspose.com/categories/.net-components/aspose.cells-for-.net/default.aspx">Aspose.Cells for .NET&lt;/a>, the market leading spreadsheet-processing component from Aspose. Microsoft Excel is not used to generate documents.&lt;/p>
&lt;h4 id="supported-output-formats">Supported Output Formats&lt;/h4>
&lt;p>The full list of output formats supported by Aspose.Cells for SharePoint is:&lt;/p>
&lt;ul>
&lt;li>PDF – Adobe Portable Document&lt;/li>
&lt;li>XLS – Microsoft Excel 97 - 2003&lt;/li>
&lt;li>XLSX – Office Open XML&lt;/li>
&lt;li>XLSM – Office Open XML for macros enabled&lt;/li>
&lt;li>TXT – Plain Text&lt;/li>
&lt;li>XML – Microsoft Excel SpreadsheetML&lt;/li>
&lt;li>ODS – OpenDocument&lt;/li>
&lt;li>CSV – Comma Separated Values&lt;/li>
&lt;li>XLSB – Microsoft Excel Binary 2007&lt;/li>
&lt;li>MHTML – Multipurpose Internet Mail Extension HTML&lt;/li>
&lt;li>XPS – XML Paper Specification&lt;/li>
&lt;li>TIFF – Tagged Image File Format&lt;/li>
&lt;li>SVG – Scalable Vector Graphics&lt;/li>
&lt;li>DIF – Drawing Interchange Format&lt;/li>
&lt;/ul>
&lt;p>&lt;strong>The supported conversion formats available for a file are listed&lt;/strong>&lt;br>
&lt;img src="https://docs2.aspose.com/cells/sharepoint/attachments/6357019/47153161.png" alt="">&lt;/p>
&lt;h2 id="attachments">Attachments:&lt;/h2>
&lt;p>&lt;img src="https://docs2.aspose.com/cells/sharepoint/images/icons/bullet_blue.gif" alt=""> &lt;a href="https://docs2.aspose.com/cells/sharepoint/attachments/6357019/6488074.png">Multiple formats support-001.png&lt;/a> (image/png)&lt;br>
&lt;img src="https://docs2.aspose.com/cells/sharepoint/images/icons/bullet_blue.gif" alt=""> &lt;a href="https://docs2.aspose.com/cells/sharepoint/attachments/6357019/47153161.png">multipleformat1.png&lt;/a> (image/png)&lt;/p></description></item><item><title>Sharepoint: World Class Free Technical Support</title><link>https://docs2.aspose.com/cells/sharepoint/productinformation/features/world+class+free+technical+support/</link><pubDate>Mon, 01 Jan 0001 00:00:00 +0000</pubDate><guid>https://docs2.aspose.com/cells/sharepoint/productinformation/features/world+class+free+technical+support/</guid><description>
&lt;p>Aspose.Cells for SharePoint : World Class Free Technical Support&lt;/p>
&lt;h1 id="asposecells-for-sharepoint--world-class-free-technical-support">Aspose.Cells for SharePoint : World Class Free Technical Support&lt;/h1>
&lt;p>Aspose is renowned for its free and unlimited technical support provided directly by the developers of the products. If a new version of a product is available, or if resolving a question results in a fix, all new releases are free if you have an active subscription.&lt;/p>
&lt;h3 id="getting-support">Getting Support&lt;/h3>
&lt;h4 id="forums">Forums&lt;/h4>
&lt;p>&lt;a href="https://forum.aspose.com/">Aspose&amp;rsquo;s Support Forums&lt;/a> is the place not only to resolve technical issues, but to participate in discussions with the vibrant and growing community of Aspose users. Currently there are over 190,000 users registered at the Aspose website.&lt;/p>
&lt;h4 id="blogs">Blogs&lt;/h4>
&lt;p>&lt;a href="https://blog.aspose.com/">Aspose.Blogs&lt;/a> is the place to look for information about the latest releases and about what Aspose developers have to say.&lt;/p>
&lt;h4 id="need-more-support">Need more support?&lt;/h4>
&lt;p>Aspose offers free support to all users. For companies want that their issue will get prioritized, or who want to influence our product development road map, there are &lt;a href="http://www.aspose.com/corporate/services/support-options.aspx">advanced support options&lt;/a> like Priority Support and Enterprise Support.&lt;/p>
&lt;p>&lt;strong>There is plenty of activity in the Aspose.Support Forums.&lt;/strong>&lt;/p>
&lt;p>&lt;img src="https://docs2.aspose.com/cells/sharepoint/attachments/6357018/50528276.png" alt="">&lt;/p>
&lt;h2 id="attachments">Attachments:&lt;/h2>
&lt;p>&lt;img src="https://docs2.aspose.com/cells/sharepoint/images/icons/bullet_blue.gif" alt=""> &lt;a href="https://docs2.aspose.com/cells/sharepoint/attachments/6357018/6488072.png">World Class Free Technical Support-001.png&lt;/a> (image/png)&lt;br>
&lt;img src="https://docs2.aspose.com/cells/sharepoint/images/icons/bullet_blue.gif" alt=""> &lt;a href="https://docs2.aspose.com/cells/sharepoint/attachments/6357018/50528276.png">wcs1.png&lt;/a> (image/png)&lt;/p></description></item><item><title>Sharepoint: Conversion Options</title><link>https://docs2.aspose.com/cells/sharepoint/productinformation/features/conversion+options/</link><pubDate>Mon, 01 Jan 0001 00:00:00 +0000</pubDate><guid>https://docs2.aspose.com/cells/sharepoint/productinformation/features/conversion+options/</guid><description>
&lt;p>Aspose.Cells for SharePoint : Conversion Options&lt;/p>
&lt;h1 id="asposecells-for-sharepoint--conversion-options">Aspose.Cells for SharePoint : Conversion Options&lt;/h1>
&lt;p>To make the conversion process as flexible as possible, Aspose.Cells for SharePoints allows you to set options that define how the converted file will be treated.&lt;/p>
&lt;h3 id="options">Options&lt;/h3>
&lt;p>The following options are available during conversion:&lt;/p>
&lt;h4 id="concatenate-files">Concatenate Files&lt;/h4>
&lt;p>Select &lt;strong>Combine Files&lt;/strong> to combine files that were originally in different formats into one, single document.&lt;/p>
&lt;p>This option is available when you select a folder, or several individual files, for conversion. Move documents in the list up or down to set the order in which you want the documents to be combined.&lt;/p>
&lt;p>&lt;strong>Combining files&lt;/strong>&lt;br>
&lt;img src="https://docs2.aspose.com/cells/sharepoint/attachments/6357017/6488070.png" alt="">&lt;/p>
&lt;h4 id="convert-files-in-subfolders">Convert Files in Subfolders&lt;/h4>
&lt;p>Select &lt;strong>Convert files in subfolders&lt;/strong> to recursively convert all of the documents and subfolders in a selected folder.&lt;/p>
&lt;p>The existing subfolder structure is created in the destination folder.&lt;/p>
&lt;p>This option is only available under SharePoint 2007. In SharePoint 2010, subfolders are processed by default. To process only files in a root folder in SharePoint 2010, select the individual files instead of the folder, and don&amp;rsquo;t select any subfolders.&lt;/p>
&lt;h4 id="overwrite-existing-files-in-the-destination-folder">Overwrite Existing Files in the Destination Folder&lt;/h4>
&lt;p>If the destination folder already contains files with the same name as the ones you want to convert, you have two options. Select to overwrite existing files to replace already existing files with freshly converted ones. Clear the option to skip processing files of the same name.&lt;/p>
&lt;h2 id="attachments">Attachments:&lt;/h2>
&lt;p>&lt;img src="https://docs2.aspose.com/cells/sharepoint/images/icons/bullet_blue.gif" alt=""> &lt;a href="https://docs2.aspose.com/cells/sharepoint/attachments/6357017/6488070.png">diff_conversion1.png&lt;/a> (image/png)&lt;/p></description></item><item><title>Sharepoint: Previewing document</title><link>https://docs2.aspose.com/cells/sharepoint/productinformation/features/previewing+document/</link><pubDate>Mon, 01 Jan 0001 00:00:00 +0000</pubDate><guid>https://docs2.aspose.com/cells/sharepoint/productinformation/features/previewing+document/</guid><description>
&lt;p>Aspose.Cells for SharePoint : Previewing document&lt;/p>
&lt;h1 id="asposecells-for-sharepoint--previewing-document">Aspose.Cells for SharePoint : Previewing document&lt;/h1>
&lt;p>Aspose.Cells for Share Point supports previewing documents directly from SharePoint. The following formats support preview:&lt;/p>
&lt;ul>
&lt;li>XLS – Microsoft Excel 97 - 2003&lt;/li>
&lt;li>XLSX – Office Open XML&lt;/li>
&lt;li>XLSM, XLTX, XLTM – Office Open XML&lt;/li>
&lt;li>XML – Microsoft Excel SpreadsheetML&lt;/li>
&lt;/ul>
&lt;p>&lt;strong>Selecting a document to preview&lt;/strong>&lt;br>
&lt;img src="https://docs2.aspose.com/cells/sharepoint/attachments/6357016/6488084.png" alt="">&lt;/p>
&lt;p>&lt;strong>Document preview from within a SharePoint library&lt;/strong>&lt;br>
&lt;img src="https://docs2.aspose.com/cells/sharepoint/attachments/6357016/6488082.png" alt="">&lt;/p>
&lt;h2 id="attachments">Attachments:&lt;/h2>
&lt;p>&lt;img src="https://docs2.aspose.com/cells/sharepoint/images/icons/bullet_blue.gif" alt=""> &lt;a href="https://docs2.aspose.com/cells/sharepoint/attachments/6357016/6488084.png">previewing_doc1.png&lt;/a> (image/png)&lt;br>
&lt;img src="https://docs2.aspose.com/cells/sharepoint/images/icons/bullet_blue.gif" alt=""> &lt;a href="https://docs2.aspose.com/cells/sharepoint/attachments/6357016/6488083.png">previewing_doc2.png&lt;/a> (image/png)&lt;br>
&lt;img src="https://docs2.aspose.com/cells/sharepoint/images/icons/bullet_blue.gif" alt=""> &lt;a href="https://docs2.aspose.com/cells/sharepoint/attachments/6357016/6488082.png">previewing_doc3.png&lt;/a> (image/png)&lt;/p></description></item><item><title>Sharepoint: Aspose Tools Toolbar - only supported in SharePoint 2010</title><link>https://docs2.aspose.com/cells/sharepoint/productinformation/features/aspose+tools+toolbar+-+only+supported+in+sharepoint+2010/</link><pubDate>Mon, 01 Jan 0001 00:00:00 +0000</pubDate><guid>https://docs2.aspose.com/cells/sharepoint/productinformation/features/aspose+tools+toolbar+-+only+supported+in+sharepoint+2010/</guid><description>
&lt;p>Aspose.Cells for SharePoint : Aspose Tools Toolbar - only supported in SharePoint 2010&lt;/p>
&lt;h1 id="asposecells-for-sharepoint--aspose-tools-toolbar---only-supported-in-sharepoint-2010">Aspose.Cells for SharePoint : Aspose Tools Toolbar - only supported in SharePoint 2010&lt;/h1>
&lt;p>Aspose.Cells for SharePoint provides a toolbar that includes some valuable options and commands:&lt;/p>
&lt;ul>
&lt;li>
&lt;p>Convert with Aspose.Cells&lt;/p>
&lt;/li>
&lt;li>
&lt;p>Preview Document with Aspose.Cells&lt;/p>
&lt;/li>
&lt;li>
&lt;p>Search in Document with Aspose.Cells&lt;/p>
&lt;/li>
&lt;li>
&lt;p>Add Watermark with Aspose.Cells&lt;/p>
&lt;/li>
&lt;li>
&lt;p>Add Footer with Aspose.Cells&lt;/p>
&lt;/li>
&lt;/ul>
&lt;p>&lt;strong>The Aspose.Cells toolbar&lt;/strong>&lt;/p>
&lt;p>&lt;img src="https://docs2.aspose.com/cells/sharepoint/attachments/6357015/47153162.png" alt="">&lt;/p>
&lt;h2 id="attachments">Attachments:&lt;/h2>
&lt;p>&lt;img src="https://docs2.aspose.com/cells/sharepoint/images/icons/bullet_blue.gif" alt=""> &lt;a href="https://docs2.aspose.com/cells/sharepoint/attachments/6357015/6488078.png">aspose_tools.png&lt;/a> (image/png)&lt;br>
&lt;img src="https://docs2.aspose.com/cells/sharepoint/images/icons/bullet_blue.gif" alt=""> &lt;a href="https://docs2.aspose.com/cells/sharepoint/attachments/6357015/47153162.png">tools1.png&lt;/a> (image/png)&lt;/p></description></item><item><title>Sharepoint: Search in a Document</title><link>https://docs2.aspose.com/cells/sharepoint/productinformation/features/search+in+a+document/</link><pubDate>Mon, 01 Jan 0001 00:00:00 +0000</pubDate><guid>https://docs2.aspose.com/cells/sharepoint/productinformation/features/search+in+a+document/</guid><description>
&lt;p>Aspose.Cells for SharePoint : Search in a Document&lt;/p>
&lt;h1 id="asposecells-for-sharepoint--search-in-a-document">Aspose.Cells for SharePoint : Search in a Document&lt;/h1>
&lt;p>Aspose.Cells for SharePoint supports searches in documents stored in SharePoint sites. Aspose.Cells for Share Point supports the following input formats to preview documents:&lt;/p>
&lt;ul>
&lt;li>XLS – Microsoft Excel 97 - 2003&lt;/li>
&lt;li>XLSX – Office Open XML&lt;/li>
&lt;li>XLSM, XLTX, XLTM – Office Open XML&lt;/li>
&lt;li>XML - Microsoft Excel SpreadsheetML&lt;/li>
&lt;/ul>
&lt;p>To search in a document:&lt;/p>
&lt;ol>
&lt;li>
&lt;p>Select a document or folder you want to search.&lt;/p>
&lt;/li>
&lt;li>
&lt;p>Right-click and select &lt;strong>Search in Document with Aspose.Cells&lt;/strong>.&lt;/p>
&lt;/li>
&lt;li>
&lt;p>Set the search criteria.&lt;br>
The search results are displayed.&lt;/p>
&lt;/li>
&lt;/ol>
&lt;p>&lt;strong>The Search in Document option&lt;/strong>&lt;br>
&lt;img src="https://docs2.aspose.com/cells/sharepoint/attachments/6357014/6488091.png" alt="">&lt;/p>
&lt;p>&lt;strong>Set the search criteria&lt;/strong>&lt;br>
&lt;img src="https://docs2.aspose.com/cells/sharepoint/attachments/6357014/6488092.png" alt="">&lt;/p>
&lt;p>&lt;strong>Search results&lt;/strong>&lt;br>
&lt;img src="https://docs2.aspose.com/cells/sharepoint/attachments/6357014/6488093.png" alt="">&lt;/p>
&lt;h2 id="attachments">Attachments:&lt;/h2>
&lt;p>&lt;img src="https://docs2.aspose.com/cells/sharepoint/images/icons/bullet_blue.gif" alt=""> &lt;a href="https://docs2.aspose.com/cells/sharepoint/attachments/6357014/6488091.png">search_in1.png&lt;/a> (image/png)&lt;br>
&lt;img src="https://docs2.aspose.com/cells/sharepoint/images/icons/bullet_blue.gif" alt=""> &lt;a href="https://docs2.aspose.com/cells/sharepoint/attachments/6357014/6488092.png">search_in2.png&lt;/a> (image/png)&lt;br>
&lt;img src="https://docs2.aspose.com/cells/sharepoint/images/icons/bullet_blue.gif" alt=""> &lt;a href="https://docs2.aspose.com/cells/sharepoint/attachments/6357014/6488093.png">search_in3.png&lt;/a> (image/png)&lt;/p></description></item><item><title>Sharepoint: Add Watermark to Excel document</title><link>https://docs2.aspose.com/cells/sharepoint/productinformation/features/add+watermark+to+excel+document/</link><pubDate>Mon, 01 Jan 0001 00:00:00 +0000</pubDate><guid>https://docs2.aspose.com/cells/sharepoint/productinformation/features/add+watermark+to+excel+document/</guid><description>
&lt;p>Aspose.Cells for SharePoint : Add Watermark to Excel document&lt;/p>
&lt;h1 id="asposecells-for-sharepoint--add-watermark-to-excel-document">Aspose.Cells for SharePoint : Add Watermark to Excel document&lt;/h1>
&lt;p>Aspose.Cells for SharePoint supports to add Watermark to Excel spreadsheets.&lt;/p>
&lt;p>&lt;img src="https://docs2.aspose.com/cells/sharepoint/attachments/46858765/47153163.png" alt="">&lt;/p>
&lt;h2 id="attachments">Attachments:&lt;/h2>
&lt;p>&lt;img src="https://docs2.aspose.com/cells/sharepoint/images/icons/bullet_blue.gif" alt=""> &lt;a href="https://docs2.aspose.com/cells/sharepoint/attachments/46858765/47153163.png">addwatermark1.png&lt;/a> (image/png)&lt;/p></description></item><item><title>Sharepoint: Add Footer to Excel document</title><link>https://docs2.aspose.com/cells/sharepoint/productinformation/features/add+footer+to+excel+document/</link><pubDate>Mon, 01 Jan 0001 00:00:00 +0000</pubDate><guid>https://docs2.aspose.com/cells/sharepoint/productinformation/features/add+footer+to+excel+document/</guid><description>
&lt;p>Aspose.Cells for SharePoint : Add Footer to Excel document&lt;/p>
&lt;h1 id="asposecells-for-sharepoint--add-footer-to-excel-document">Aspose.Cells for SharePoint : Add Footer to Excel document&lt;/h1>
&lt;p>Aspose.Cells for SharePoint supports to add footer in Excel spreadsheet.&lt;/p>
&lt;p>&lt;img src="https://docs2.aspose.com/cells/sharepoint/attachments/46858767/47153164.png" alt="">&lt;/p>
&lt;h2 id="attachments">Attachments:&lt;/h2>
&lt;p>&lt;img src="https://docs2.aspose.com/cells/sharepoint/images/icons/bullet_blue.gif" alt=""> &lt;a href="https://docs2.aspose.com/cells/sharepoint/attachments/46858767/47153164.png">addfooter1.png&lt;/a> (image/png)&lt;/p></description></item></channel></rss>