<rss version="2.0" xmlns:atom="http://www.w3.org/2005/Atom"><channel><title>Documentation – Render Selected Chart Items to Excel Charts</title><link>https://docs2.aspose.com/cells/reportingservices/newfeatures/supportforeditablecharts/render+selected+chart+items+to+excel+charts/</link><description>Recent content in Render Selected Chart Items to Excel Charts on Documentation</description><generator>Hugo -- gohugo.io</generator><atom:link href="https://docs2.aspose.com/cells/reportingservices/newfeatures/supportforeditablecharts/render+selected+chart+items+to+excel+charts/index.xml" rel="self" type="application/rss+xml"/></channel></rss>