<rss version="2.0" xmlns:atom="http://www.w3.org/2005/Atom"><channel><title>Documentation – Activation and Deactivation after installation</title><link>https://docs2.aspose.com/cells/sharepoint/productinformation/install/activation+and+deactivation+after+installation/</link><description>Recent content in Activation and Deactivation after installation on Documentation</description><generator>Hugo -- gohugo.io</generator><atom:link href="https://docs2.aspose.com/cells/sharepoint/productinformation/install/activation+and+deactivation+after+installation/index.xml" rel="self" type="application/rss+xml"/></channel></rss>