<rss version="2.0" xmlns:atom="http://www.w3.org/2005/Atom"><channel><title>Documentation – How to Load Aspose.Cells for Reporting Services Add-Ins for Excel x64</title><link>https://docs2.aspose.com/cells/reportingservices/faqs/clientissues/how+to+load+aspose.cells+for+reporting+services+add-ins+for+excel+x64/</link><description>Recent content in How to Load Aspose.Cells for Reporting Services Add-Ins for Excel x64 on Documentation</description><generator>Hugo -- gohugo.io</generator><atom:link href="https://docs2.aspose.com/cells/reportingservices/faqs/clientissues/how+to+load+aspose.cells+for+reporting+services+add-ins+for+excel+x64/index.xml" rel="self" type="application/rss+xml"/></channel></rss>