<rss version="2.0" xmlns:atom="http://www.w3.org/2005/Atom"><channel><title>Documentation – Release Notes - 2019</title><link>https://docs2.aspose.com/cells/pythonjava/releasenotes-2019/</link><description>Recent content in Release Notes - 2019 on Documentation</description><generator>Hugo -- gohugo.io</generator><atom:link href="https://docs2.aspose.com/cells/pythonjava/releasenotes-2019/index.xml" rel="self" type="application/rss+xml"/><item><title>Pythonjava: Aspose.Cells for Python via Java 19.12 Release Notes</title><link>https://docs2.aspose.com/cells/pythonjava/releasenotes-2019/aspose.cells+for+python+via+java+19.12+release+notes/</link><pubDate>Mon, 01 Jan 0001 00:00:00 +0000</pubDate><guid>https://docs2.aspose.com/cells/pythonjava/releasenotes-2019/aspose.cells+for+python+via+java+19.12+release+notes/</guid><description>
&lt;p>Aspose.Cells for Python via Java : Aspose.Cells for Python via Java 19.12 Release Notes&lt;/p>
&lt;h1 id="asposecells-for-python-via-java--asposecells-for-python-via-java-1912-release-notes">Aspose.Cells for Python via Java : Aspose.Cells for Python via Java 19.12 Release Notes&lt;/h1>
&lt;p>This page contains release notes for Aspose.Cells for Python via Java 19.12.&lt;/p>
&lt;div class="table table-striped" role="alert">
&lt;table>
&lt;thead>
&lt;tr>
&lt;th align="left">Key&lt;/th>
&lt;th align="left">Summary&lt;/th>
&lt;th align="left">Category&lt;/th>
&lt;/tr>
&lt;/thead>
&lt;tbody>
&lt;tr>
&lt;td align="left">CELLSPYTHONJAVA-9&lt;/td>
&lt;td align="left">&lt;strong>File Formats and Conversions&lt;/strong> * XLS, SpreadsheetML (XLSX, XML), Comma Separated Value (CSV), HTML, OpenDocument Spreadsheet (ODS), PDF, Tab Delimited, Plain Text (TXT)&lt;/td>
&lt;td align="left">New Feature&lt;/td>
&lt;/tr>
&lt;tr>
&lt;td align="left">CELLSPYTHONJAVA-10&lt;/td>
&lt;td align="left">&lt;strong>Rendering and Printing&lt;/strong> * Render spreadsheet to vector images (EMF)* Render worksheets to raster images (Multipage TIFF, GIF)* Render worksheets to raster images (PNG, JPEG, etc.)* Render Spreadsheet to PDF with high fidelity&lt;/td>
&lt;td align="left">New Feature&lt;/td>
&lt;/tr>
&lt;tr>
&lt;td align="left">CELLSPYTHONJAVA-11&lt;/td>
&lt;td align="left">&lt;strong>Spreadsheet Content Features&lt;/strong> * Copy or move worksheets within or between workbooks* Insert images, Create conventional and custom charts and Set gradient background for charts using API* Add comments to cells* Microsoft Excel 2007/2010 themes and colors* Create auto-filters* Implement data validations* Implement data sorting* Find and replace text* Merge/split Cells* Group/ungroup rows and columns* Create custom page breaks* Calculate complex Excel formulae* Support advanced conditional formatting supported in Microsoft Excel 2007/2010* Freeze/unfreeze Panes* Insert hyperlinks to link data* Implement Smart Markers* Specify document properties settings* Protect/unprotect worksheets* Specify advanced protection options introduced in Excel XP and later versions* Create list object/Microsoft Excel tables* Create subtotals* Insert form controls and other drawing shapes/objects* Create pivot tables and pivot charts* Preserve or remove addin, VBA, macros* Manipulate named ranges* Add, preserve or extract OLE objects from the spreadsheets.* Implement Microsoft Excel sparklines* Encrypt files&lt;/td>
&lt;td align="left">New Feature&lt;/td>
&lt;/tr>
&lt;tr>
&lt;td align="left">CELLSPYTHONJAVA-12&lt;/td>
&lt;td align="left">&lt;strong>Spreadsheet Formatting Features&lt;/strong> * Apply all characters formatting in the cells including fonts, colors, effects, borders, and shading* Apply all the number format settings (supported in Microsoft Excel) for the cells* Set all types of text alignment settings* Apply different kinds of Font Settings for the cells* Apply different colors to cells, fonts, gridlines, graphic objects, etc.* Apply different rich text formatting in a single cell* Apply different border settings on cells* Apply different background patterns on cells* Apply Format settings on a worksheet, row, column or a range of cells, etc.&lt;/td>
&lt;td align="left">New Feature&lt;/td>
&lt;/tr>
&lt;tr>
&lt;td align="left">CELLSPYTHONJAVA-13&lt;/td>
&lt;td align="left">&lt;strong>PageSetup Features&lt;/strong> * Adjust your page orientation, scaling, paper size * Specify your margins and page centering * Create or edit your header and/or footer * Set print area, print titles, or turn on gridlines, etc.&lt;/td>
&lt;td align="left">New Feature&lt;/td>
&lt;/tr>
&lt;/tbody>
&lt;/table>
&lt;/div></description></item></channel></rss>