<rss version="2.0" xmlns:atom="http://www.w3.org/2005/Atom"><channel><title>Documentation – Set a Tables Hide Attributes from the Modify Attribute Form</title><link>https://docs2.aspose.com/cells/reportingservices/newfeatures/addhidefunction/set+a+tables+hide+attributes+from+the+modify+attribute+form/</link><description>Recent content in Set a Tables Hide Attributes from the Modify Attribute Form on Documentation</description><generator>Hugo -- gohugo.io</generator><atom:link href="https://docs2.aspose.com/cells/reportingservices/newfeatures/addhidefunction/set+a+tables+hide+attributes+from+the+modify+attribute+form/index.xml" rel="self" type="application/rss+xml"/></channel></rss>