<rss version="2.0" xmlns:atom="http://www.w3.org/2005/Atom"><channel><title>Documentation – Find if the Worksheet is Dialog Sheet</title><link>https://docs2.aspose.com/cells/pythonjava/developerguide/worksheets/find+if+the+worksheet+is+dialog+sheet/</link><description>Recent content in Find if the Worksheet is Dialog Sheet on Documentation</description><generator>Hugo -- gohugo.io</generator><atom:link href="https://docs2.aspose.com/cells/pythonjava/developerguide/worksheets/find+if+the+worksheet+is+dialog+sheet/index.xml" rel="self" type="application/rss+xml"/></channel></rss>