<rss version="2.0" xmlns:atom="http://www.w3.org/2005/Atom"><channel><title>Documentation – Convert Excel to HTML with headings</title><link>https://docs2.aspose.com/cells/pythonjava/developerguide/html/convert+excel+to+html+with+headings/</link><description>Recent content in Convert Excel to HTML with headings on Documentation</description><generator>Hugo -- gohugo.io</generator><atom:link href="https://docs2.aspose.com/cells/pythonjava/developerguide/html/convert+excel+to+html+with+headings/index.xml" rel="self" type="application/rss+xml"/></channel></rss>