<rss version="2.0" xmlns:atom="http://www.w3.org/2005/Atom"><channel><title>Documentation – Support for Microsoft Excel 2007 or 2010 Custom UI</title><link>https://docs2.aspose.com/cells/reportingservices/newfeatures/support+for+microsoft+excel+2007+or+2010+custom+ui/</link><description>Recent content in Support for Microsoft Excel 2007 or 2010 Custom UI on Documentation</description><generator>Hugo -- gohugo.io</generator><atom:link href="https://docs2.aspose.com/cells/reportingservices/newfeatures/support+for+microsoft+excel+2007+or+2010+custom+ui/index.xml" rel="self" type="application/rss+xml"/></channel></rss>