<rss version="2.0" xmlns:atom="http://www.w3.org/2005/Atom"><channel><title>Documentation – Opening Files</title><link>https://docs2.aspose.com/cells/pythonjava/developerguide/openingfiles/</link><description>Recent content in Opening Files on Documentation</description><generator>Hugo -- gohugo.io</generator><atom:link href="https://docs2.aspose.com/cells/pythonjava/developerguide/openingfiles/index.xml" rel="self" type="application/rss+xml"/><item><title>Pythonjava: Open CSV Files</title><link>https://docs2.aspose.com/cells/pythonjava/developerguide/openingfiles/open+csv+files/</link><pubDate>Mon, 01 Jan 0001 00:00:00 +0000</pubDate><guid>https://docs2.aspose.com/cells/pythonjava/developerguide/openingfiles/open+csv+files/</guid><description>
&lt;p>Aspose.Cells for Python via Java : Open CSV Files&lt;/p>
&lt;h1 id="asposecells-for-python-via-java--open-csv-files">Aspose.Cells for Python via Java : Open CSV Files&lt;/h1>
&lt;p>
&lt;div class="card my-3 border-top-0 border-right-0 border-bottom-0 border-left border-primary rounded" style="border-width:4px !important;">
&lt;div class="wrap border border-left-0 rounded">
&lt;div class="card-header border-0 bg-white pl-3 text-primary">
&lt;h3>Contents Summary&lt;/h3>
&lt;/div>
&lt;div class="card-body pt-1">
&lt;ul>
&lt;li>1 &lt;a href="#open-csv-files">Open CSV Files&lt;/a>&lt;/li>
&lt;/ul>
&lt;/div>
&lt;/div>
&lt;/div>
 &lt;/p>
&lt;p> &lt;/p>
&lt;h2 id="open-csv-files">Open CSV Files&lt;/h2>
&lt;p>Comma Separated Values (CSV) files contain records whose values are delimited or separated by commas. You may use Microsoft Excel to save you spreadsheet in CSV format.&lt;/p>
&lt;p>To open CSV files, use the &lt;a href="https://apireference.aspose.com/cells/python/asposecells.api/LoadOptions">LoadOptions&lt;/a> class, and select the &lt;a href="https://apireference.aspose.com/cells/python/asposecells.api/fileformattype#CSV">CSV&lt;/a> value, predefined in the &lt;a href="https://apireference.aspose.com/cells/python/asposecells.api/FileFormatType">FileFormatType&lt;/a> enumeration.&lt;/p>
&lt;p>The following code snippet demonstrates opening CSV file with Aspose.Cells for Python via Java API.&lt;/p></description></item></channel></rss>