<rss version="2.0" xmlns:atom="http://www.w3.org/2005/Atom"><channel><title>Documentation – Support tablix group page break</title><link>https://docs2.aspose.com/cells/reportingservices/newfeatures/reportdesigner/support+tablix+group+page+break/</link><description>Recent content in Support tablix group page break on Documentation</description><generator>Hugo -- gohugo.io</generator><atom:link href="https://docs2.aspose.com/cells/reportingservices/newfeatures/reportdesigner/support+tablix+group+page+break/index.xml" rel="self" type="application/rss+xml"/></channel></rss>