<rss version="2.0" xmlns:atom="http://www.w3.org/2005/Atom"><channel><title>Documentation – User Guide</title><link>https://docs2.aspose.com/cells/reportingservices/userguide/</link><description>Recent content in User Guide on Documentation</description><generator>Hugo -- gohugo.io</generator><atom:link href="https://docs2.aspose.com/cells/reportingservices/userguide/index.xml" rel="self" type="application/rss+xml"/><item><title>Reportingservices: Creating Matrix Report</title><link>https://docs2.aspose.com/cells/reportingservices/userguide/creating+matrix+report/</link><pubDate>Mon, 01 Jan 0001 00:00:00 +0000</pubDate><guid>https://docs2.aspose.com/cells/reportingservices/userguide/creating+matrix+report/</guid><description>
&lt;p>Aspose.Cells for Reporting Services : Creating Matrix Report&lt;/p>
&lt;h1 id="asposecells-for-reporting-services--creating-matrix-report">Aspose.Cells for Reporting Services : Creating Matrix Report&lt;/h1>
&lt;p>Aspose.Cells for Reporting Services lets you design a matrix in Microsoft Excel.&lt;/p>
&lt;h3 id="matrix-template">Matrix Template&lt;/h3>
&lt;p>In an Aspose.Cells report template, a matrix consists of corner, rows groups, column groups and data portions. A sample matrix is shown below.&lt;/p>
&lt;p>&lt;strong>A sample matrix&lt;/strong>&lt;br>
&lt;img src="https://docs2.aspose.com/cells/reportingservices/attachments/6094934/6193465.png" alt="">&lt;/p>
&lt;ul>
&lt;li>&lt;strong>Matrix corner&lt;/strong>: located in the upper-left corner, or upper-right corner for right-to-left (RTL) layouts. This area is automatically created when you add both row groups and column groups to a matrix data region. In this area, you can merge cells embedded textbox report item.&lt;/li>
&lt;li>&lt;strong>Matrix column groups area&lt;/strong>: located in the upper-right corner (upper-left corner for RTL layout). This area is automatically created when you add a column group. The cells in this area represent members of the column groups hierarchy, and display the column group instance values. In the figure, the cells that display OrderYear is a nested column group, and the cell that displays OrderQtr is an adjacent column group.&lt;/li>
&lt;li>&lt;strong>Matrix row groups area&lt;/strong>: located on the lower-left corner (lower right for RTL layout). This area is automatically created when you add a row group. The cells in this area represent members of the row groups hierarchy, and display row group instance values. In the figure, these cells are nested row groups.&lt;/li>
&lt;li>&lt;strong>Matrix data area&lt;/strong>: located in the lower right corner (lower left for RTL layout). The matrix data displays detail and grouped data. In this example, only aggregated data is used. By default, the cells in a group row or column that contain simple expressions that do not include an aggregate function, evaluate to the first value in the group. In the figure, the cells display the aggregate totals for the line totals for all sales orders.&lt;/li>
&lt;/ul>
&lt;h4 id="creating-a-matrix-template">Creating a Matrix Template&lt;/h4>
&lt;p>Before creating a matrix report, create the data sources, datasets and report parameters (optional). (Follow the instructions in &lt;a href="https://docs2.aspose.com/cells/reportingservices/userguide/datasourcesandqueries/">Data Sources and Queries&lt;/a> if you need assistance.) In the sample, we use the AdventureWorks sample database that ships with SQL Server Reporting Services 2008.&lt;/p>
&lt;p>To create a new matrix:&lt;/p>
&lt;ol>
&lt;li>
&lt;p>Open Microsoft Excel.&lt;/p>
&lt;/li>
&lt;li>
&lt;p>Click &lt;strong>Open Report&lt;/strong> to open an RDL Report file that contains the data sources, datasets and report parameters created in advance.&lt;br>
Once the file has been opened successfully all its information is available for use, for example, its datasets are listed in the &lt;strong>DataSet&lt;/strong> list.&lt;/p>
&lt;/li>
&lt;li>
&lt;p>Open a Microsoft Excel worksheet and select a data set.&lt;/p>
&lt;p>&lt;img src="https://docs2.aspose.com/cells/reportingservices/attachments/6094934/6193462.png" alt="">&lt;/p>
&lt;/li>
&lt;li>
&lt;p>Set row groups and column groups through &lt;strong>Set Group&lt;/strong>.&lt;/p>
&lt;p>&lt;img src="https://docs2.aspose.com/cells/reportingservices/attachments/6094934/6193463.png" alt="">&lt;/p>
&lt;/li>
&lt;li>
&lt;p>Merge cells to set matrix corner.&lt;/p>
&lt;p>&lt;img src="https://docs2.aspose.com/cells/reportingservices/attachments/6094934/6193452.png" alt="">&lt;/p>
&lt;/li>
&lt;li>
&lt;p>Set matrix corner through inserting a formula.&lt;/p>
&lt;p>&lt;img src="https://docs2.aspose.com/cells/reportingservices/attachments/6094934/6193453.png" alt="">&lt;/p>
&lt;p>&lt;img src="https://docs2.aspose.com/cells/reportingservices/attachments/6094934/6193458.png" alt="">&lt;/p>
&lt;/li>
&lt;li>
&lt;p>Click &lt;strong>Set Attribute&lt;/strong> to set matrix attribute.&lt;/p>
&lt;p>&lt;img src="https://docs2.aspose.com/cells/reportingservices/attachments/6094934/6193450.png" alt="">&lt;/p>
&lt;p>It consists of name, range, group and order.&lt;/p>
&lt;/li>
&lt;li>
&lt;p>Clicking modify attribute checks and modifies all matrix attributes of the current worksheet.&lt;/p>
&lt;p>&lt;img src="https://docs2.aspose.com/cells/reportingservices/attachments/6094934/6193464.png" alt="">&lt;/p>
&lt;/li>
&lt;li>
&lt;p>Save, publish and review report.&lt;/p>
&lt;/li>
&lt;/ol>
&lt;h2 id="attachments">Attachments:&lt;/h2>
&lt;p>&lt;img src="https://docs2.aspose.com/cells/reportingservices/images/icons/bullet_blue.gif" alt=""> &lt;a href="https://docs2.aspose.com/cells/reportingservices/attachments/6094934/6193406.png">Design Matrix-001.png&lt;/a> (image/png)&lt;br>
&lt;img src="https://docs2.aspose.com/cells/reportingservices/images/icons/bullet_blue.gif" alt=""> &lt;a href="https://docs2.aspose.com/cells/reportingservices/attachments/6094934/6193409.png">Design Matrix-002.png&lt;/a> (image/png)&lt;br>
&lt;img src="https://docs2.aspose.com/cells/reportingservices/images/icons/bullet_blue.gif" alt=""> &lt;a href="https://docs2.aspose.com/cells/reportingservices/attachments/6094934/6193408.png">Design Matrix-003.png&lt;/a> (image/png)&lt;br>
&lt;img src="https://docs2.aspose.com/cells/reportingservices/images/icons/bullet_blue.gif" alt=""> &lt;a href="https://docs2.aspose.com/cells/reportingservices/attachments/6094934/6193460.png">Design Matrix-004.png&lt;/a> (image/png)&lt;br>
&lt;img src="https://docs2.aspose.com/cells/reportingservices/images/icons/bullet_blue.gif" alt=""> &lt;a href="https://docs2.aspose.com/cells/reportingservices/attachments/6094934/6193461.png">Design Matrix-005.png&lt;/a> (image/png)&lt;br>
&lt;img src="https://docs2.aspose.com/cells/reportingservices/images/icons/bullet_blue.gif" alt=""> &lt;a href="https://docs2.aspose.com/cells/reportingservices/attachments/6094934/6193458.png">Design Matrix-006.png&lt;/a> (image/png)&lt;br>
&lt;img src="https://docs2.aspose.com/cells/reportingservices/images/icons/bullet_blue.gif" alt=""> &lt;a href="https://docs2.aspose.com/cells/reportingservices/attachments/6094934/6193459.png">Design Matrix-007.png&lt;/a> (image/png)&lt;br>
&lt;img src="https://docs2.aspose.com/cells/reportingservices/images/icons/bullet_blue.gif" alt=""> &lt;a href="https://docs2.aspose.com/cells/reportingservices/attachments/6094934/6193464.png">Design Matrix-008.png&lt;/a> (image/png)&lt;br>
&lt;img src="https://docs2.aspose.com/cells/reportingservices/images/icons/bullet_blue.gif" alt=""> &lt;a href="https://docs2.aspose.com/cells/reportingservices/attachments/6094934/6193465.png">Design Matrix-001a.png&lt;/a> (image/png)&lt;br>
&lt;img src="https://docs2.aspose.com/cells/reportingservices/images/icons/bullet_blue.gif" alt=""> &lt;a href="https://docs2.aspose.com/cells/reportingservices/attachments/6094934/6193462.png">Design Matrix-002a.png&lt;/a> (image/png)&lt;br>
&lt;img src="https://docs2.aspose.com/cells/reportingservices/images/icons/bullet_blue.gif" alt=""> &lt;a href="https://docs2.aspose.com/cells/reportingservices/attachments/6094934/6193463.png">Design Matrix-003a.png&lt;/a> (image/png)&lt;br>
&lt;img src="https://docs2.aspose.com/cells/reportingservices/images/icons/bullet_blue.gif" alt=""> &lt;a href="https://docs2.aspose.com/cells/reportingservices/attachments/6094934/6193452.png">Design Matrix-004a.png&lt;/a> (image/png)&lt;br>
&lt;img src="https://docs2.aspose.com/cells/reportingservices/images/icons/bullet_blue.gif" alt=""> &lt;a href="https://docs2.aspose.com/cells/reportingservices/attachments/6094934/6193453.png">Design Matrix-005b.png&lt;/a> (image/png)&lt;br>
&lt;img src="https://docs2.aspose.com/cells/reportingservices/images/icons/bullet_blue.gif" alt=""> &lt;a href="https://docs2.aspose.com/cells/reportingservices/attachments/6094934/6193450.png">Design Matrix-007b.png&lt;/a> (image/png)&lt;/p></description></item><item><title>Reportingservices: Preface</title><link>https://docs2.aspose.com/cells/reportingservices/userguide/preface/</link><pubDate>Mon, 01 Jan 0001 00:00:00 +0000</pubDate><guid>https://docs2.aspose.com/cells/reportingservices/userguide/preface/</guid><description>
&lt;p>Aspose.Cells for Reporting Services : Preface&lt;/p>
&lt;h1 id="asposecells-for-reporting-services--preface">Aspose.Cells for Reporting Services : Preface&lt;/h1>
&lt;p>Aspose.Cells for Reporting Services mainly contains two components : Aspose.Cells.Report.Designer and Aspose.Cells.Renderer for Reporting Services. The former is used to design reports directly in Microsoft Excel and the latter is responsible for rendering a RDL report to Microsoft Excel.&lt;/p>
&lt;h3 id="designing-a-report-with-the-report-designer">Designing a Report with the Report Designer&lt;/h3>
&lt;p>The main steps to design a report using Aspose.Cells.Report.Designer are:&lt;/p>
&lt;ol>
&lt;li>&lt;strong>Create data sources and queries&lt;/strong>.&lt;br>
Microsoft Query is integrated with Aspose.Cells.Report.Designer and used as a graphic tool to create data sources and queries. Users can also make use of an existing RDL file in which data sources and queries are available for operations.&lt;/li>
&lt;li>&lt;strong>Map parameters&lt;/strong>.&lt;br>
If the SQL statements of a query include parameters, users have to create report parameters and map SQL parameters to report parameters. You can designate valid values for a report parameter in Aspose.Cells.Report.Designer.&lt;/li>
&lt;li>&lt;strong>Design Microsoft Excel report template contents, styles and formats&lt;/strong>.&lt;br>
An Aspose.Cells report template may contain any number of the following types of report items:
&lt;ul>
&lt;li>Table&lt;/li>
&lt;li>Pivot table&lt;/li>
&lt;li>Chart&lt;/li>
&lt;li>Textbox&lt;/li>
&lt;li>Matrix&lt;br>
Normally a query (that is, DataSet) is used as a data source for report item. You can also use Reporting Services parameters, formulas and global variables as a data source for some types of report items. The styles and formats of report items are specified simply by setting the styles and formats of the cells that compose the report items.&lt;/li>
&lt;/ul>
&lt;/li>
&lt;li>&lt;strong>Publish report&lt;/strong>.&lt;br>
After the above steps, the report is ready to publish. Users can designate which folder the report is published to. If needed, you can assign a shared data source on the Report Server as the data source for the report.&lt;/li>
&lt;li>&lt;strong>Preview report&lt;/strong>.&lt;br>
When selecting a report for preview on the Report Server, you are prompted to specify which file format to export it to (for example Microsoft Excel 97-2003 binary XLS format, SpreadsheetML or Microsoft Excel 2007 XLSX format), and any input report parameters created during the report design. After this, the report is populated with data supplied by Reporting Services.&lt;/li>
&lt;/ol></description></item><item><title>Reportingservices: Aspose.Cells Template and Smart Markers</title><link>https://docs2.aspose.com/cells/reportingservices/userguide/aspose.cells+template+and+smart+markers/</link><pubDate>Mon, 01 Jan 0001 00:00:00 +0000</pubDate><guid>https://docs2.aspose.com/cells/reportingservices/userguide/aspose.cells+template+and+smart+markers/</guid><description>
&lt;p>Aspose.Cells for Reporting Services : Aspose.Cells Template and Smart Markers&lt;/p>
&lt;h1 id="asposecells-for-reporting-services--asposecells-template-and-smart-markers">Aspose.Cells for Reporting Services : Aspose.Cells Template and Smart Markers&lt;/h1>
&lt;p>An Aspose.Cells template is a Microsoft Excel workbook that contains Smart Markers. Smart Markers acts as data placeholder for report items and are replaced with the corresponding data at rendering time. There are five types of smart markers, listed as below. All the markers can be inserted into a template by Aspose.Cells.Report.Designer. The can also be edited manually.&lt;/p>
&lt;h3 id="smart-markers">Smart Markers&lt;/h3>
&lt;h4 id="data-markers">Data Markers&lt;/h4>
&lt;p>The format of &lt;strong>data markers&lt;/strong> is &lt;code>&amp;amp;=DataSetName.FieldName&lt;/code>. For example: &lt;code>&amp;amp;=SalesDetail.sales&lt;/code> where &lt;code>SalesDetail&lt;/code> is the name of a data set or query and &lt;code>sales&lt;/code> is the name of one of its fields. At rendering time, data markers are replaced with the values of dataset provided by Reporting Services.&lt;/p>
&lt;h4 id="reporting-services-formulas-markers">Reporting Services Formulas Markers&lt;/h4>
&lt;p>The format of Reporting Services&amp;rsquo; &lt;strong>formulas markers&lt;/strong> is &lt;code>&amp;amp;=expression&lt;/code>. For example: &lt;code>&amp;amp;=sum(SalesDetail.sales)/100&lt;/code>. The expression consists of function, dataset fields, operator and so on. At rendering time. Reporting Services formulas markers are replaced with computed values.&lt;/p>
&lt;h4 id="reporting-services-global-variable-markers">Reporting Services Global Variable Markers&lt;/h4>
&lt;p>The format of Reporting Services&amp;rsquo; &lt;strong>global variable markers&lt;/strong> is &lt;code>&amp;amp;=Globals! Variable Name&lt;/code>. For example: &lt;code>&amp;amp;=Globals!ExecutionTime&lt;/code> where &lt;code>ExecutionTime&lt;/code> is the name of a global variable. Global variable markers are replaced with global variable values at rendering time.&lt;/p>
&lt;h4 id="reporting-services-parameters-markers">Reporting Services Parameters Markers&lt;/h4>
&lt;p>A report parameter has two attributes: value and label. Consequently, &lt;strong>parameters markers&lt;/strong> have two formats: &lt;code>&amp;amp;= Parameters! ParamName.Value&lt;/code> and &lt;code>&amp;amp;=Parameters! ParamName.Label&lt;/code>. They indicate the name and the label of the parameter respectively. At rendering time, parameters markers are replaced with the parameter values entered by the user.&lt;/p>
&lt;h4 id="dynamic-formulas">Dynamic Formulas&lt;/h4>
&lt;p>In order to make calculations on inserterd rows, use dynamic formulas. &lt;strong>Dynamic formulas&lt;/strong> allow you to insert Microsoft Excel&amp;rsquo;s formulas into cells even when a formula references rows that will be inserted during the export process. They can be repeated for each inserted row or used only with cells where data markers are placed for them.&lt;/p>
&lt;p>The format of dynamic formulas is &lt;code>&amp;amp;=&amp;amp;=RepeatDynamicFormula&lt;/code>.&lt;/p>
&lt;p>Dynamic Formulas allow the following additional options:&lt;/p>
&lt;ul>
&lt;li>{r} – Current row number.&lt;/li>
&lt;li>{2}, {-1} – Offset to current row number.&lt;/li>
&lt;/ul>
&lt;p>&lt;strong>A repeating dynamic formula and the resulting Excel worksheet&lt;/strong>&lt;br>
&lt;img src="https://docs2.aspose.com/cells/reportingservices/attachments/6094949/6193436.png" alt="">&lt;/p>
&lt;h2 id="attachments">Attachments:&lt;/h2>
&lt;p>&lt;img src="https://docs2.aspose.com/cells/reportingservices/images/icons/bullet_blue.gif" alt=""> &lt;a href="https://docs2.aspose.com/cells/reportingservices/attachments/6094949/6193436.png">Aspose.Cells Template and Smart Markers-001.png&lt;/a> (image/png)&lt;/p></description></item><item><title>Reportingservices: Aspose.Cells Template and RDL Files</title><link>https://docs2.aspose.com/cells/reportingservices/userguide/aspose.cells+template+and+rdl+files/</link><pubDate>Mon, 01 Jan 0001 00:00:00 +0000</pubDate><guid>https://docs2.aspose.com/cells/reportingservices/userguide/aspose.cells+template+and+rdl+files/</guid><description>
&lt;p>Aspose.Cells for Reporting Services : Aspose.Cells Template and RDL Files&lt;/p>
&lt;h1 id="asposecells-for-reporting-services--asposecells-template-and-rdl-files">Aspose.Cells for Reporting Services : Aspose.Cells Template and RDL Files&lt;/h1>
&lt;p>A report definition contains data retrieval and layout information for a report. Report Definition Language (RDL) is an XML representation for report definition. RDL is an open schema: developers can extend RDL with additional attributes and elements. The standard file extension for report definition files is .rdl. Its MIME type is text/xml.&lt;/p>
&lt;p>An Aspose.Cells template is a Microsoft Excel workbook that contains report layout information and is saved into RDL Files (Format) when the template design work is completed. When an RDL file that does not contain an Aspose.Cells template is opened, only its data sources and queries are available for use in Aspose.Cells.Report.Designer. When an RDL file that contains a Aspose.Cells template is opened, the template is retrieved and opened as a workbook in Microsoft Excel.&lt;/p></description></item><item><title>Reportingservices: Data Sources and Queries</title><link>https://docs2.aspose.com/cells/reportingservices/userguide/datasourcesandqueries/</link><pubDate>Mon, 01 Jan 0001 00:00:00 +0000</pubDate><guid>https://docs2.aspose.com/cells/reportingservices/userguide/datasourcesandqueries/</guid><description>
&lt;p>Aspose.Cells for Reporting Services : Data Sources and Queries&lt;/p>
&lt;h1 id="asposecells-for-reporting-services--data-sources-and-queries">Aspose.Cells for Reporting Services : Data Sources and Queries&lt;/h1>
&lt;p>The first step in the procedure for designing a report in Aspose.Cells.Report.Designer is to create data sources and queries. There are two ways to do this. In the first approach, we may use an existing RDL report definition file that is created by other tools, for example utilizing Visual Studio and the file contains data sources and queries necessary for report design and data retrieval. The second way is to create new sources and queries in Aspose.Cells.Report.Designer.&lt;/p>
&lt;h6 id="this-section-includes-the-following-topics">This section includes the following topics:&lt;/h6>
&lt;ul>
&lt;li>&lt;a href="https://docs2.aspose.com/cells/reportingservices/userguide/datasourcesandqueries/using+data+sources+and+queries+created+in+visual+studio">Using Data Sources and Queries Created in Visual Studio&lt;/a>&lt;/li>
&lt;li>&lt;a href="https://docs2.aspose.com/cells/reportingservices/userguide/datasourcesandqueries/creating+new+data+sources+and+queries">Creating New Data sources and Queries&lt;/a>&lt;/li>
&lt;li>&lt;a href="https://docs2.aspose.com/cells/reportingservices/userguide/datasourcesandqueries/creating+new+query+using+existing+data+source">Creating New Query Using Existing Data Source&lt;/a>&lt;/li>
&lt;li>&lt;a href="https://docs2.aspose.com/cells/reportingservices/userguide/datasourcesandqueries/editing+query">Editing Query&lt;/a>&lt;/li>
&lt;/ul>
&lt;h2 id="attachments">Attachments:&lt;/h2>
&lt;p>&lt;img src="https://docs2.aspose.com/cells/reportingservices/images/icons/bullet_blue.gif" alt=""> &lt;a href="https://docs2.aspose.com/cells/reportingservices/attachments/6094947/6193439.png">Using Data Sources and Queries Created in Visual Studio-001.png&lt;/a> (image/png)&lt;br>
&lt;img src="https://docs2.aspose.com/cells/reportingservices/images/icons/bullet_blue.gif" alt=""> &lt;a href="https://docs2.aspose.com/cells/reportingservices/attachments/6094947/6193438.png">Using Data Sources and Queries Created in Visual Studio-002.png&lt;/a> (image/png)&lt;br>
&lt;img src="https://docs2.aspose.com/cells/reportingservices/images/icons/bullet_blue.gif" alt=""> &lt;a href="https://docs2.aspose.com/cells/reportingservices/attachments/6094947/6193494.png">Using Data Sources and Queries Created in Visual Studio-003.png&lt;/a> (image/png)&lt;br>
&lt;img src="https://docs2.aspose.com/cells/reportingservices/images/icons/bullet_blue.gif" alt=""> &lt;a href="https://docs2.aspose.com/cells/reportingservices/attachments/6094947/6193478.png">Creating New Data sources and Queries-001.png&lt;/a> (image/png)&lt;br>
&lt;img src="https://docs2.aspose.com/cells/reportingservices/images/icons/bullet_blue.gif" alt=""> &lt;a href="https://docs2.aspose.com/cells/reportingservices/attachments/6094947/6193481.png">Creating New Data sources and Queries-002.png&lt;/a> (image/png)&lt;br>
&lt;img src="https://docs2.aspose.com/cells/reportingservices/images/icons/bullet_blue.gif" alt=""> &lt;a href="https://docs2.aspose.com/cells/reportingservices/attachments/6094947/6193480.png">Creating New Data sources and Queries-003.png&lt;/a> (image/png)&lt;br>
&lt;img src="https://docs2.aspose.com/cells/reportingservices/images/icons/bullet_blue.gif" alt=""> &lt;a href="https://docs2.aspose.com/cells/reportingservices/attachments/6094947/6193475.png">Creating New Data sources and Queries-004.png&lt;/a> (image/png)&lt;br>
&lt;img src="https://docs2.aspose.com/cells/reportingservices/images/icons/bullet_blue.gif" alt=""> &lt;a href="https://docs2.aspose.com/cells/reportingservices/attachments/6094947/6193474.png">Creating New Data sources and Queries-005.png&lt;/a> (image/png)&lt;br>
&lt;img src="https://docs2.aspose.com/cells/reportingservices/images/icons/bullet_blue.gif" alt=""> &lt;a href="https://docs2.aspose.com/cells/reportingservices/attachments/6094947/6193477.png">Creating New Data sources and Queries-006.png&lt;/a> (image/png)&lt;br>
&lt;img src="https://docs2.aspose.com/cells/reportingservices/images/icons/bullet_blue.gif" alt=""> &lt;a href="https://docs2.aspose.com/cells/reportingservices/attachments/6094947/6193476.png">Creating New Data sources and Queries-007.png&lt;/a> (image/png)&lt;br>
&lt;img src="https://docs2.aspose.com/cells/reportingservices/images/icons/bullet_blue.gif" alt=""> &lt;a href="https://docs2.aspose.com/cells/reportingservices/attachments/6094947/6193471.png">Creating New Data sources and Queries-008.png&lt;/a> (image/png)&lt;br>
&lt;img src="https://docs2.aspose.com/cells/reportingservices/images/icons/bullet_blue.gif" alt=""> &lt;a href="https://docs2.aspose.com/cells/reportingservices/attachments/6094947/6193470.png">Creating New Data sources and Queries-009.png&lt;/a> (image/png)&lt;br>
&lt;img src="https://docs2.aspose.com/cells/reportingservices/images/icons/bullet_blue.gif" alt=""> &lt;a href="https://docs2.aspose.com/cells/reportingservices/attachments/6094947/6193473.png">Creating New Data sources and Queries-010.png&lt;/a> (image/png)&lt;br>
&lt;img src="https://docs2.aspose.com/cells/reportingservices/images/icons/bullet_blue.gif" alt=""> &lt;a href="https://docs2.aspose.com/cells/reportingservices/attachments/6094947/6193472.png">Creating New Data sources and Queries-011.png&lt;/a> (image/png)&lt;br>
&lt;img src="https://docs2.aspose.com/cells/reportingservices/images/icons/bullet_blue.gif" alt=""> &lt;a href="https://docs2.aspose.com/cells/reportingservices/attachments/6094947/6193467.png">Creating New Data sources and Queries-012.png&lt;/a> (image/png)&lt;br>
&lt;img src="https://docs2.aspose.com/cells/reportingservices/images/icons/bullet_blue.gif" alt=""> &lt;a href="https://docs2.aspose.com/cells/reportingservices/attachments/6094947/6193466.png">Creating New Data sources and Queries-013.png&lt;/a> (image/png)&lt;br>
&lt;img src="https://docs2.aspose.com/cells/reportingservices/images/icons/bullet_blue.gif" alt=""> &lt;a href="https://docs2.aspose.com/cells/reportingservices/attachments/6094947/6193469.png">Creating New Data sources and Queries-014.png&lt;/a> (image/png)&lt;br>
&lt;img src="https://docs2.aspose.com/cells/reportingservices/images/icons/bullet_blue.gif" alt=""> &lt;a href="https://docs2.aspose.com/cells/reportingservices/attachments/6094947/6193468.png">Creating New Data sources and Queries-015.png&lt;/a> (image/png)&lt;br>
&lt;img src="https://docs2.aspose.com/cells/reportingservices/images/icons/bullet_blue.gif" alt=""> &lt;a href="https://docs2.aspose.com/cells/reportingservices/attachments/6094947/6193528.png">Creating New Data sources and Queries-016.png&lt;/a> (image/png)&lt;br>
&lt;img src="https://docs2.aspose.com/cells/reportingservices/images/icons/bullet_blue.gif" alt=""> &lt;a href="https://docs2.aspose.com/cells/reportingservices/attachments/6094947/6193523.png">Creating New Query Using Existing Data Source-001.png&lt;/a> (image/png)&lt;br>
&lt;img src="https://docs2.aspose.com/cells/reportingservices/images/icons/bullet_blue.gif" alt=""> &lt;a href="https://docs2.aspose.com/cells/reportingservices/attachments/6094947/6193520.png">Creating New Query Using Existing Data Source-002.png&lt;/a> (image/png)&lt;br>
&lt;img src="https://docs2.aspose.com/cells/reportingservices/images/icons/bullet_blue.gif" alt=""> &lt;a href="https://docs2.aspose.com/cells/reportingservices/attachments/6094947/6193521.png">Creating New Query Using Existing Data Source-003.png&lt;/a> (image/png)&lt;br>
&lt;img src="https://docs2.aspose.com/cells/reportingservices/images/icons/bullet_blue.gif" alt=""> &lt;a href="https://docs2.aspose.com/cells/reportingservices/attachments/6094947/6193518.png">Creating New Query Using Existing Data Source-004.png&lt;/a> (image/png)&lt;br>
&lt;img src="https://docs2.aspose.com/cells/reportingservices/images/icons/bullet_blue.gif" alt=""> &lt;a href="https://docs2.aspose.com/cells/reportingservices/attachments/6094947/6193519.png">Creating New Query Using Existing Data Source-005.png&lt;/a> (image/png)&lt;br>
&lt;img src="https://docs2.aspose.com/cells/reportingservices/images/icons/bullet_blue.gif" alt=""> &lt;a href="https://docs2.aspose.com/cells/reportingservices/attachments/6094947/6193516.png">Creating New Query Using Existing Data Source-006.png&lt;/a> (image/png)&lt;br>
&lt;img src="https://docs2.aspose.com/cells/reportingservices/images/icons/bullet_blue.gif" alt=""> &lt;a href="https://docs2.aspose.com/cells/reportingservices/attachments/6094947/6193512.png">Editing Query-001.png&lt;/a> (image/png)&lt;br>
&lt;img src="https://docs2.aspose.com/cells/reportingservices/images/icons/bullet_blue.gif" alt=""> &lt;a href="https://docs2.aspose.com/cells/reportingservices/attachments/6094947/6193511.png">Editing Query-002.png&lt;/a> (image/png)&lt;br>
&lt;img src="https://docs2.aspose.com/cells/reportingservices/images/icons/bullet_blue.gif" alt=""> &lt;a href="https://docs2.aspose.com/cells/reportingservices/attachments/6094947/6193510.png">Editing Query-003.png&lt;/a> (image/png)&lt;br>
&lt;img src="https://docs2.aspose.com/cells/reportingservices/images/icons/bullet_blue.gif" alt=""> &lt;a href="https://docs2.aspose.com/cells/reportingservices/attachments/6094947/6193509.png">Editing Query-004.png&lt;/a> (image/png)&lt;/p></description></item><item><title>Reportingservices: Parameterized Report</title><link>https://docs2.aspose.com/cells/reportingservices/userguide/parameterizedreport/</link><pubDate>Mon, 01 Jan 0001 00:00:00 +0000</pubDate><guid>https://docs2.aspose.com/cells/reportingservices/userguide/parameterizedreport/</guid><description>
&lt;p>Aspose.Cells for Reporting Services : Parameterized Report&lt;/p>
&lt;h1 id="asposecells-for-reporting-services--parameterized-report">Aspose.Cells for Reporting Services : Parameterized Report&lt;/h1>
&lt;p>A &lt;em>parameterized report&lt;/em> is a report that accepts input values that are used when the report is processed.&lt;/p>
&lt;p>With a parameterized report, you can vary the output of a report based on the values that are set at run-time. Reporting Services supports two kinds of parameters: query parameters and report parameters.&lt;/p>
&lt;ul>
&lt;li>&lt;strong>Query parameters&lt;/strong> are used to select or filter data during data processing. If a query parameter is specified, a value must be provided either by the user or by default properties to complete the SELECT statement or stored procedure that retrieves data for a report.&lt;/li>
&lt;li>&lt;strong>Report parameters&lt;/strong> are used during report processing to show a different aspect of the data. A report parameter is usually used to filter a large set of records, but it can have other uses depending on the queries and expressions in the report.&lt;/li>
&lt;/ul>
&lt;p>Report parameters differ from query parameters in that they are defined in a report and processed by the report server, while query parameters are defined as a part of the dataset query and processed on the database server. In Aspose.Cells.Report.Designer, query parameters are specified at query creating time in Microsoft Query.&lt;/p>
&lt;p>You can create report parameters and map query parameters to the corresponding report parameter in Aspose.Cells.Report.Designer. This way, it is possible to select values for report parameters and have them passed in the query to limit the data retrieved from the data source.&lt;/p>
&lt;h6 id="this-section-includes-the-following-topics">This section includes the following topics:&lt;/h6>
&lt;ul>
&lt;li>&lt;a href="https://docs2.aspose.com/cells/reportingservices/userguide/parameterizedreport/creating+report+parameters">Creating Report Parameters&lt;/a>&lt;/li>
&lt;li>&lt;a href="https://docs2.aspose.com/cells/reportingservices/userguide/parameterizedreport/modifying+report+parameters">Modifying Report Parameters&lt;/a>&lt;/li>
&lt;li>&lt;a href="https://docs2.aspose.com/cells/reportingservices/userguide/parameterizedreport/mapping+query+parameters+to+report+parameters">Mapping Query Parameters to Report Parameters&lt;/a>&lt;/li>
&lt;/ul>
&lt;h2 id="attachments">Attachments:&lt;/h2>
&lt;p>&lt;img src="https://docs2.aspose.com/cells/reportingservices/images/icons/bullet_blue.gif" alt=""> &lt;a href="https://docs2.aspose.com/cells/reportingservices/attachments/6094944/6193501.png">Creating Report Parameters-001.png&lt;/a> (image/png)&lt;br>
&lt;img src="https://docs2.aspose.com/cells/reportingservices/images/icons/bullet_blue.gif" alt=""> &lt;a href="https://docs2.aspose.com/cells/reportingservices/attachments/6094944/6193500.png">Creating Report Parameters-002.png&lt;/a> (image/png)&lt;br>
&lt;img src="https://docs2.aspose.com/cells/reportingservices/images/icons/bullet_blue.gif" alt=""> &lt;a href="https://docs2.aspose.com/cells/reportingservices/attachments/6094944/6193499.png">Creating Report Parameters-003.png&lt;/a> (image/png)&lt;br>
&lt;img src="https://docs2.aspose.com/cells/reportingservices/images/icons/bullet_blue.gif" alt=""> &lt;a href="https://docs2.aspose.com/cells/reportingservices/attachments/6094944/6193498.png">Creating Report Parameters-004.png&lt;/a> (image/png)&lt;br>
&lt;img src="https://docs2.aspose.com/cells/reportingservices/images/icons/bullet_blue.gif" alt=""> &lt;a href="https://docs2.aspose.com/cells/reportingservices/attachments/6094944/6193277.png">Creating Report Parameters-005.png&lt;/a> (image/png)&lt;br>
&lt;img src="https://docs2.aspose.com/cells/reportingservices/images/icons/bullet_blue.gif" alt=""> &lt;a href="https://docs2.aspose.com/cells/reportingservices/attachments/6094944/6193276.png">Creating Report Parameters-006.png&lt;/a> (image/png)&lt;br>
&lt;img src="https://docs2.aspose.com/cells/reportingservices/images/icons/bullet_blue.gif" alt=""> &lt;a href="https://docs2.aspose.com/cells/reportingservices/attachments/6094944/6193275.png">Creating Report Parameters-007.png&lt;/a> (image/png)&lt;br>
&lt;img src="https://docs2.aspose.com/cells/reportingservices/images/icons/bullet_blue.gif" alt=""> &lt;a href="https://docs2.aspose.com/cells/reportingservices/attachments/6094944/6193279.png">Modifying Report Parameters-001.png&lt;/a> (image/png)&lt;br>
&lt;img src="https://docs2.aspose.com/cells/reportingservices/images/icons/bullet_blue.gif" alt=""> &lt;a href="https://docs2.aspose.com/cells/reportingservices/attachments/6094944/6193278.png">Modifying Report Parameters-002.png&lt;/a> (image/png)&lt;br>
&lt;img src="https://docs2.aspose.com/cells/reportingservices/images/icons/bullet_blue.gif" alt=""> &lt;a href="https://docs2.aspose.com/cells/reportingservices/attachments/6094944/6193285.png">Modifying Report Parameters-003.png&lt;/a> (image/png)&lt;br>
&lt;img src="https://docs2.aspose.com/cells/reportingservices/images/icons/bullet_blue.gif" alt=""> &lt;a href="https://docs2.aspose.com/cells/reportingservices/attachments/6094944/6193288.png">Mapping Query Parameters to Report Parameters-001.png&lt;/a> (image/png)&lt;br>
&lt;img src="https://docs2.aspose.com/cells/reportingservices/images/icons/bullet_blue.gif" alt=""> &lt;a href="https://docs2.aspose.com/cells/reportingservices/attachments/6094944/6193287.png">Mapping Query Parameters to Report Parameters-002.png&lt;/a> (image/png)&lt;br>
&lt;img src="https://docs2.aspose.com/cells/reportingservices/images/icons/bullet_blue.gif" alt=""> &lt;a href="https://docs2.aspose.com/cells/reportingservices/attachments/6094944/6193286.png">Mapping Query Parameters to Report Parameters-003.png&lt;/a> (image/png)&lt;br>
&lt;img src="https://docs2.aspose.com/cells/reportingservices/images/icons/bullet_blue.gif" alt=""> &lt;a href="https://docs2.aspose.com/cells/reportingservices/attachments/6094944/6193292.png">Mapping Query Parameters to Report Parameters-004.png&lt;/a> (image/png)&lt;/p></description></item><item><title>Reportingservices: Creating Tabular Report</title><link>https://docs2.aspose.com/cells/reportingservices/userguide/creatingtabularreport/</link><pubDate>Mon, 01 Jan 0001 00:00:00 +0000</pubDate><guid>https://docs2.aspose.com/cells/reportingservices/userguide/creatingtabularreport/</guid><description>
&lt;p>Aspose.Cells for Reporting Services : Creating Tabular Report&lt;/p>
&lt;h1 id="asposecells-for-reporting-services--creating-tabular-report">Aspose.Cells for Reporting Services : Creating Tabular Report&lt;/h1>
&lt;p>A table in an Aspose.Cells Report template consists of a header, table data rows, row groups and footers. A sample table is shown below.&lt;/p>
&lt;p>&lt;strong>An example table&lt;/strong>&lt;br>
&lt;img src="https://docs2.aspose.com/cells/reportingservices/attachments/6094957/6193293.png" alt="">&lt;/p>
&lt;h4 id="table-header">Table Header&lt;/h4>
&lt;p>Table header normally contains the title for each table column and other text items such as static text, report parameters, global report variables and so on. The table header is optional. If using a header, the header tag should be placed to the left of the first column of table data to indicate that the row is a header.&lt;/p>
&lt;h4 id="table-data-row">Table Data Row&lt;/h4>
&lt;p>A table data row is a row of cells that contain smart markers. A table can only contain a single data row.&lt;/p>
&lt;h4 id="row-group">Row Group&lt;/h4>
&lt;p>The row group follows closely after the table data row and comprises two parts: group tag and group data row.&lt;/p>
&lt;p>The group tag should be placed to the left of the first table data column to indicate that the row is the row group&amp;rsquo;s data row. The format of the group tag is &lt;code>##group{GroupColumn&lt;/code>}, for example &lt;code>##group{SalesOrderNumber&lt;/code>} where &lt;code>SalesOrderNumber&lt;/code> is one of the data set&amp;rsquo; column names. A table can only contain one row group, but a row group can contain more than one group data row. The group tag may be placed only in the first data row, as shown in the sample above.&lt;/p>
&lt;p>The group tag is removed from the output Microsoft Excel file at rendering time. Row groups are optional.&lt;/p>
&lt;h4 id="footers">Footers&lt;/h4>
&lt;p>Footers come after the row group and includes three parts: footer tag, footer data row and footer text area.&lt;/p>
&lt;p>The footer tag should be placed on the left of the first column of the table data column that indicates the row is the table footer. A table can contain more than one footer data rows and each footer row has to be marked by a footer tag.&lt;/p>
&lt;p>The footer text area can contain static text, report parameters and global report variables, as shown in the sample above.&lt;/p>
&lt;p>The footer tag is removed from output Microsoft Excel file at rendering time. Footers are optional.&lt;/p>
&lt;p>The output of the sample template is shown below.&lt;/p>
&lt;p>&lt;strong>Sample template&lt;/strong>&lt;br>
&lt;img src="https://docs2.aspose.com/cells/reportingservices/attachments/6094957/6193290.png" alt="">&lt;/p>
&lt;h6 id="this-section-includes-the-following-topics">This section includes the following topics:&lt;/h6>
&lt;ul>
&lt;li>&lt;a href="https://docs2.aspose.com/cells/reportingservices/userguide/creatingtabularreport/preparing+for+creating+table+report">Preparing for Creating Table Report&lt;/a>&lt;/li>
&lt;li>&lt;a href="https://docs2.aspose.com/cells/reportingservices/userguide/creatingtabularreport/adding+base+information+for+table">Adding base information for Table&lt;/a>&lt;/li>
&lt;li>&lt;a href="https://docs2.aspose.com/cells/reportingservices/userguide/creatingtabularreport/adding+reporting+services+formulas">Adding Reporting Services Formulas&lt;/a>&lt;/li>
&lt;li>&lt;a href="https://docs2.aspose.com/cells/reportingservices/userguide/creatingtabularreport/adding+table+group">Adding Table Group&lt;/a>&lt;/li>
&lt;li>&lt;a href="https://docs2.aspose.com/cells/reportingservices/userguide/creatingtabularreport/adding+table+footers">Adding Table Footers&lt;/a>&lt;/li>
&lt;li>&lt;a href="https://docs2.aspose.com/cells/reportingservices/userguide/creatingtabularreport/adding+report+parameters+to+report">Adding Report Parameters to Report&lt;/a>&lt;/li>
&lt;li>&lt;a href="https://docs2.aspose.com/cells/reportingservices/userguide/creatingtabularreport/adding+reporting+services+global+variables+to+report">Adding Reporting Services Global Variables to Report&lt;/a>&lt;/li>
&lt;li>&lt;a href="https://docs2.aspose.com/cells/reportingservices/userguide/creatingtabularreport/setting+report+attributes">Setting Report Attributes&lt;/a>&lt;/li>
&lt;li>&lt;a href="https://docs2.aspose.com/cells/reportingservices/userguide/creatingtabularreport/modifying+report+attributes">Modifying Report Attributes&lt;/a>&lt;/li>
&lt;/ul>
&lt;h2 id="attachments">Attachments:&lt;/h2>
&lt;p>&lt;img src="https://docs2.aspose.com/cells/reportingservices/images/icons/bullet_blue.gif" alt=""> &lt;a href="https://docs2.aspose.com/cells/reportingservices/attachments/6094957/6193293.png">Creating Tabular Report-001.png&lt;/a> (image/png)&lt;br>
&lt;img src="https://docs2.aspose.com/cells/reportingservices/images/icons/bullet_blue.gif" alt=""> &lt;a href="https://docs2.aspose.com/cells/reportingservices/attachments/6094957/6193290.png">Creating Tabular Report-002.png&lt;/a> (image/png)&lt;br>
&lt;img src="https://docs2.aspose.com/cells/reportingservices/images/icons/bullet_blue.gif" alt=""> &lt;a href="https://docs2.aspose.com/cells/reportingservices/attachments/6094957/6193295.png">Preparing for Creating Table Report-001.png&lt;/a> (image/png)&lt;br>
&lt;img src="https://docs2.aspose.com/cells/reportingservices/images/icons/bullet_blue.gif" alt=""> &lt;a href="https://docs2.aspose.com/cells/reportingservices/attachments/6094957/6193300.png">Preparing for Creating Table Report-002.png&lt;/a> (image/png)&lt;br>
&lt;img src="https://docs2.aspose.com/cells/reportingservices/images/icons/bullet_blue.gif" alt=""> &lt;a href="https://docs2.aspose.com/cells/reportingservices/attachments/6094957/6193301.png">Preparing for Creating Table Report-003.png&lt;/a> (image/png)&lt;br>
&lt;img src="https://docs2.aspose.com/cells/reportingservices/images/icons/bullet_blue.gif" alt=""> &lt;a href="https://docs2.aspose.com/cells/reportingservices/attachments/6094957/6193298.png">Preparing for Creating Table Report-004.png&lt;/a> (image/png)&lt;br>
&lt;img src="https://docs2.aspose.com/cells/reportingservices/images/icons/bullet_blue.gif" alt=""> &lt;a href="https://docs2.aspose.com/cells/reportingservices/attachments/6094957/6193309.png">Creating a new Table-001.png&lt;/a> (image/png)&lt;br>
&lt;img src="https://docs2.aspose.com/cells/reportingservices/images/icons/bullet_blue.gif" alt=""> &lt;a href="https://docs2.aspose.com/cells/reportingservices/attachments/6094957/6193308.png">Creating a new Table-002.png&lt;/a> (image/png)&lt;br>
&lt;img src="https://docs2.aspose.com/cells/reportingservices/images/icons/bullet_blue.gif" alt=""> &lt;a href="https://docs2.aspose.com/cells/reportingservices/attachments/6094957/6193311.png">Creating a new Table-003.png&lt;/a> (image/png)&lt;br>
&lt;img src="https://docs2.aspose.com/cells/reportingservices/images/icons/bullet_blue.gif" alt=""> &lt;a href="https://docs2.aspose.com/cells/reportingservices/attachments/6094957/6193310.png">Creating a new Table-004.png&lt;/a> (image/png)&lt;br>
&lt;img src="https://docs2.aspose.com/cells/reportingservices/images/icons/bullet_blue.gif" alt=""> &lt;a href="https://docs2.aspose.com/cells/reportingservices/attachments/6094957/6193313.png">Creating a new Table-005.png&lt;/a> (image/png)&lt;br>
&lt;img src="https://docs2.aspose.com/cells/reportingservices/images/icons/bullet_blue.gif" alt=""> &lt;a href="https://docs2.aspose.com/cells/reportingservices/attachments/6094957/6193312.png">Creating a new Table-006.png&lt;/a> (image/png)&lt;br>
&lt;img src="https://docs2.aspose.com/cells/reportingservices/images/icons/bullet_blue.gif" alt=""> &lt;a href="https://docs2.aspose.com/cells/reportingservices/attachments/6094957/6193315.png">Creating a new Table-007.png&lt;/a> (image/png)&lt;br>
&lt;img src="https://docs2.aspose.com/cells/reportingservices/images/icons/bullet_blue.gif" alt=""> &lt;a href="https://docs2.aspose.com/cells/reportingservices/attachments/6094957/6193321.png">Adding Reporting Services Formulas-001.png&lt;/a> (image/png)&lt;br>
&lt;img src="https://docs2.aspose.com/cells/reportingservices/images/icons/bullet_blue.gif" alt=""> &lt;a href="https://docs2.aspose.com/cells/reportingservices/attachments/6094957/6193320.png">Adding Reporting Services Formulas-002.png&lt;/a> (image/png)&lt;br>
&lt;img src="https://docs2.aspose.com/cells/reportingservices/images/icons/bullet_blue.gif" alt=""> &lt;a href="https://docs2.aspose.com/cells/reportingservices/attachments/6094957/6193322.png">Adding Reporting Services Formulas-003.png&lt;/a> (image/png)&lt;br>
&lt;img src="https://docs2.aspose.com/cells/reportingservices/images/icons/bullet_blue.gif" alt=""> &lt;a href="https://docs2.aspose.com/cells/reportingservices/attachments/6094957/6193323.png">Adding Reporting Services Formulas-004.png&lt;/a> (image/png)&lt;br>
&lt;img src="https://docs2.aspose.com/cells/reportingservices/images/icons/bullet_blue.gif" alt=""> &lt;a href="https://docs2.aspose.com/cells/reportingservices/attachments/6094957/6193324.png">Adding Reporting Services Formulas-005.png&lt;/a> (image/png)&lt;br>
&lt;img src="https://docs2.aspose.com/cells/reportingservices/images/icons/bullet_blue.gif" alt=""> &lt;a href="https://docs2.aspose.com/cells/reportingservices/attachments/6094957/6193330.png">Adding Table Group-001.png&lt;/a> (image/png)&lt;br>
&lt;img src="https://docs2.aspose.com/cells/reportingservices/images/icons/bullet_blue.gif" alt=""> &lt;a href="https://docs2.aspose.com/cells/reportingservices/attachments/6094957/6193331.png">Adding Table Group-002.png&lt;/a> (image/png)&lt;br>
&lt;img src="https://docs2.aspose.com/cells/reportingservices/images/icons/bullet_blue.gif" alt=""> &lt;a href="https://docs2.aspose.com/cells/reportingservices/attachments/6094957/6193332.png">Adding Table Group-003.png&lt;/a> (image/png)&lt;br>
&lt;img src="https://docs2.aspose.com/cells/reportingservices/images/icons/bullet_blue.gif" alt=""> &lt;a href="https://docs2.aspose.com/cells/reportingservices/attachments/6094957/6193333.png">Adding Table Group-004.png&lt;/a> (image/png)&lt;br>
&lt;img src="https://docs2.aspose.com/cells/reportingservices/images/icons/bullet_blue.gif" alt=""> &lt;a href="https://docs2.aspose.com/cells/reportingservices/attachments/6094957/6193334.png">Adding Table Group-005.png&lt;/a> (image/png)&lt;br>
&lt;img src="https://docs2.aspose.com/cells/reportingservices/images/icons/bullet_blue.gif" alt=""> &lt;a href="https://docs2.aspose.com/cells/reportingservices/attachments/6094957/6193342.png">Adding Table Footers-001.png&lt;/a> (image/png)&lt;br>
&lt;img src="https://docs2.aspose.com/cells/reportingservices/images/icons/bullet_blue.gif" alt=""> &lt;a href="https://docs2.aspose.com/cells/reportingservices/attachments/6094957/6193341.png">Adding Table Footers-002.png&lt;/a> (image/png)&lt;br>
&lt;img src="https://docs2.aspose.com/cells/reportingservices/images/icons/bullet_blue.gif" alt=""> &lt;a href="https://docs2.aspose.com/cells/reportingservices/attachments/6094957/6193340.png">Adding Table Footers-003.png&lt;/a> (image/png)&lt;br>
&lt;img src="https://docs2.aspose.com/cells/reportingservices/images/icons/bullet_blue.gif" alt=""> &lt;a href="https://docs2.aspose.com/cells/reportingservices/attachments/6094957/6193339.png">Adding Table Footers-004.png&lt;/a> (image/png)&lt;br>
&lt;img src="https://docs2.aspose.com/cells/reportingservices/images/icons/bullet_blue.gif" alt=""> &lt;a href="https://docs2.aspose.com/cells/reportingservices/attachments/6094957/6193338.png">Adding Table Footers-005.png&lt;/a> (image/png)&lt;br>
&lt;img src="https://docs2.aspose.com/cells/reportingservices/images/icons/bullet_blue.gif" alt=""> &lt;a href="https://docs2.aspose.com/cells/reportingservices/attachments/6094957/6193353.png">Adding Table Footers-006.png&lt;/a> (image/png)&lt;br>
&lt;img src="https://docs2.aspose.com/cells/reportingservices/images/icons/bullet_blue.gif" alt=""> &lt;a href="https://docs2.aspose.com/cells/reportingservices/attachments/6094957/6193347.png">Adding Report Parameters to Report-001.png&lt;/a> (image/png)&lt;br>
&lt;img src="https://docs2.aspose.com/cells/reportingservices/images/icons/bullet_blue.gif" alt=""> &lt;a href="https://docs2.aspose.com/cells/reportingservices/attachments/6094957/6193346.png">Adding Report Parameters to Report-002.png&lt;/a> (image/png)&lt;br>
&lt;img src="https://docs2.aspose.com/cells/reportingservices/images/icons/bullet_blue.gif" alt=""> &lt;a href="https://docs2.aspose.com/cells/reportingservices/attachments/6094957/6193360.png">Adding Report Parameters to Report-003.png&lt;/a> (image/png)&lt;br>
&lt;img src="https://docs2.aspose.com/cells/reportingservices/images/icons/bullet_blue.gif" alt=""> &lt;a href="https://docs2.aspose.com/cells/reportingservices/attachments/6094957/6193361.png">Adding Report Parameters to Report-004.png&lt;/a> (image/png)&lt;br>
&lt;img src="https://docs2.aspose.com/cells/reportingservices/images/icons/bullet_blue.gif" alt=""> &lt;a href="https://docs2.aspose.com/cells/reportingservices/attachments/6094957/6193358.png">Adding Report Parameters to Report-005.png&lt;/a> (image/png)&lt;br>
&lt;img src="https://docs2.aspose.com/cells/reportingservices/images/icons/bullet_blue.gif" alt=""> &lt;a href="https://docs2.aspose.com/cells/reportingservices/attachments/6094957/6193355.png">Adding Reporting Services Global Variables to Report-001.png&lt;/a> (image/png)&lt;br>
&lt;img src="https://docs2.aspose.com/cells/reportingservices/images/icons/bullet_blue.gif" alt=""> &lt;a href="https://docs2.aspose.com/cells/reportingservices/attachments/6094957/6193368.png">Adding Reporting Services Global Variables to Report-002.png&lt;/a> (image/png)&lt;br>
&lt;img src="https://docs2.aspose.com/cells/reportingservices/images/icons/bullet_blue.gif" alt=""> &lt;a href="https://docs2.aspose.com/cells/reportingservices/attachments/6094957/6193369.png">Adding Reporting Services Global Variables to Report-003.png&lt;/a> (image/png)&lt;br>
&lt;img src="https://docs2.aspose.com/cells/reportingservices/images/icons/bullet_blue.gif" alt=""> &lt;a href="https://docs2.aspose.com/cells/reportingservices/attachments/6094957/6193366.png">Adding Reporting Services Global Variables to Report-004.png&lt;/a> (image/png)&lt;br>
&lt;img src="https://docs2.aspose.com/cells/reportingservices/images/icons/bullet_blue.gif" alt=""> &lt;a href="https://docs2.aspose.com/cells/reportingservices/attachments/6094957/6193374.png">Setting Report Attributes-001.png&lt;/a> (image/png)&lt;br>
&lt;img src="https://docs2.aspose.com/cells/reportingservices/images/icons/bullet_blue.gif" alt=""> &lt;a href="https://docs2.aspose.com/cells/reportingservices/attachments/6094957/6193377.png">Setting Report Attributes-002.png&lt;/a> (image/png)&lt;br>
&lt;img src="https://docs2.aspose.com/cells/reportingservices/images/icons/bullet_blue.gif" alt=""> &lt;a href="https://docs2.aspose.com/cells/reportingservices/attachments/6094957/6193376.png">Setting Report Attributes-003.png&lt;/a> (image/png)&lt;br>
&lt;img src="https://docs2.aspose.com/cells/reportingservices/images/icons/bullet_blue.gif" alt=""> &lt;a href="https://docs2.aspose.com/cells/reportingservices/attachments/6094957/6193371.png">Setting Report Attributes-004.png&lt;/a> (image/png)&lt;br>
&lt;img src="https://docs2.aspose.com/cells/reportingservices/images/icons/bullet_blue.gif" alt=""> &lt;a href="https://docs2.aspose.com/cells/reportingservices/attachments/6094957/6193370.png">Setting Report Attributes-005.png&lt;/a> (image/png)&lt;br>
&lt;img src="https://docs2.aspose.com/cells/reportingservices/images/icons/bullet_blue.gif" alt=""> &lt;a href="https://docs2.aspose.com/cells/reportingservices/attachments/6094957/6193373.png">Setting Report Attributes-006.png&lt;/a> (image/png)&lt;br>
&lt;img src="https://docs2.aspose.com/cells/reportingservices/images/icons/bullet_blue.gif" alt=""> &lt;a href="https://docs2.aspose.com/cells/reportingservices/attachments/6094957/6193385.png">Modifying Report Attributes-001.png&lt;/a> (image/png)&lt;br>
&lt;img src="https://docs2.aspose.com/cells/reportingservices/images/icons/bullet_blue.gif" alt=""> &lt;a href="https://docs2.aspose.com/cells/reportingservices/attachments/6094957/6193384.png">Modifying Report Attributes-002.png&lt;/a> (image/png)&lt;br>
&lt;img src="https://docs2.aspose.com/cells/reportingservices/images/icons/bullet_blue.gif" alt=""> &lt;a href="https://docs2.aspose.com/cells/reportingservices/attachments/6094957/6193379.png">Modifying Report Attributes-003.png&lt;/a> (image/png)&lt;/p></description></item><item><title>Reportingservices: Saving Reports</title><link>https://docs2.aspose.com/cells/reportingservices/userguide/saving+reports/</link><pubDate>Mon, 01 Jan 0001 00:00:00 +0000</pubDate><guid>https://docs2.aspose.com/cells/reportingservices/userguide/saving+reports/</guid><description>
&lt;p>Aspose.Cells for Reporting Services : Saving Reports&lt;/p>
&lt;h1 id="asposecells-for-reporting-services--saving-reports">Aspose.Cells for Reporting Services : Saving Reports&lt;/h1>
&lt;p>To save a report, click &lt;strong>Save Report&lt;/strong> on the Aspose.Cells.Report.Designer toolbar (&lt;img src="https://docs2.aspose.com/cells/reportingservices/attachments/6094959/6193380.png" alt="">).&lt;br>
The report (Microsoft Excel template) is saved as an RDL file.&lt;/p>
&lt;h2 id="attachments">Attachments:&lt;/h2>
&lt;p>&lt;img src="https://docs2.aspose.com/cells/reportingservices/images/icons/bullet_blue.gif" alt=""> &lt;a href="https://docs2.aspose.com/cells/reportingservices/attachments/6094959/6193380.png">Saving Reports-001.png&lt;/a> (image/png)&lt;/p></description></item><item><title>Reportingservices: Sub Report</title><link>https://docs2.aspose.com/cells/reportingservices/userguide/subreport/</link><pubDate>Mon, 01 Jan 0001 00:00:00 +0000</pubDate><guid>https://docs2.aspose.com/cells/reportingservices/userguide/subreport/</guid><description>
&lt;p>Aspose.Cells for Reporting Services : Sub Report&lt;/p>
&lt;h1 id="asposecells-for-reporting-services--sub-report">Aspose.Cells for Reporting Services : Sub Report&lt;/h1>
&lt;p>A sub-report can be embedded in a table item. The format is: &lt;code>&amp;amp;=subreport{ReportName=your report name; parameter1 name = parameter1 value; parameter2 name = parameter2 value; ...&lt;/code>}&lt;/p>
&lt;p>&lt;strong>A sub-report in a report definition&lt;/strong>&lt;br>
&lt;img src="https://docs2.aspose.com/cells/reportingservices/attachments/6094962/6193391.png" alt="">&lt;/p>
&lt;p>In the example, the name of sub-report is “Sales Order Detail”. It has one parameter, SalesOrderNumber. The value of the parameter is &lt;code>EmpSalesDetail.SalesOrderNumber&lt;/code>.&lt;/p>
&lt;h3 id="restrictions-on-sub-reports">Restrictions on Sub-Reports&lt;/h3>
&lt;ol>
&lt;li>The sub-report should be designed with Aspose.Cells.ReportingServices Designer.&lt;/li>
&lt;li>The sub-report can only be embedded in the table group row, and the group row cannot contain any elements except the sub-report. Embedding a sub-report in the table detail rows or footer rows is not allowed.&lt;/li>
&lt;li>Currently, nesting more than one level is not supported. The sub-report can not contain an embedded report.&lt;/li>
&lt;/ol>
&lt;h6 id="this-section-includes-the-following-topics">This section includes the following topics:&lt;/h6>
&lt;ul>
&lt;li>&lt;a href="https://docs2.aspose.com/cells/reportingservices/userguide/subreport/creating+table+item">Creating Table Item&lt;/a>&lt;/li>
&lt;li>&lt;a href="https://docs2.aspose.com/cells/reportingservices/userguide/subreport/add+sub+report+item">Add Sub Report Item&lt;/a>&lt;/li>
&lt;/ul>
&lt;h2 id="attachments">Attachments:&lt;/h2>
&lt;p>&lt;img src="https://docs2.aspose.com/cells/reportingservices/images/icons/bullet_blue.gif" alt=""> &lt;a href="https://docs2.aspose.com/cells/reportingservices/attachments/6094962/6193391.png">Sub Report-001.png&lt;/a> (image/png)&lt;br>
&lt;img src="https://docs2.aspose.com/cells/reportingservices/images/icons/bullet_blue.gif" alt=""> &lt;a href="https://docs2.aspose.com/cells/reportingservices/attachments/6094962/6193393.png">Creating Table Item-001.png&lt;/a> (image/png)&lt;br>
&lt;img src="https://docs2.aspose.com/cells/reportingservices/images/icons/bullet_blue.gif" alt=""> &lt;a href="https://docs2.aspose.com/cells/reportingservices/attachments/6094962/6193401.png">Add Sub Report Item-001.png&lt;/a> (image/png)&lt;br>
&lt;img src="https://docs2.aspose.com/cells/reportingservices/images/icons/bullet_blue.gif" alt=""> &lt;a href="https://docs2.aspose.com/cells/reportingservices/attachments/6094962/6193394.png">Add Sub Report Item-002.png&lt;/a> (image/png)&lt;br>
&lt;img src="https://docs2.aspose.com/cells/reportingservices/images/icons/bullet_blue.gif" alt=""> &lt;a href="https://docs2.aspose.com/cells/reportingservices/attachments/6094962/6193395.png">Add Sub Report Item-003.png&lt;/a> (image/png)&lt;br>
&lt;img src="https://docs2.aspose.com/cells/reportingservices/images/icons/bullet_blue.gif" alt=""> &lt;a href="https://docs2.aspose.com/cells/reportingservices/attachments/6094962/6193396.png">Add Sub Report Item-004.png&lt;/a> (image/png)&lt;br>
&lt;img src="https://docs2.aspose.com/cells/reportingservices/images/icons/bullet_blue.gif" alt=""> &lt;a href="https://docs2.aspose.com/cells/reportingservices/attachments/6094962/6193397.png">Add Sub Report Item-005.png&lt;/a> (image/png)&lt;br>
&lt;img src="https://docs2.aspose.com/cells/reportingservices/images/icons/bullet_blue.gif" alt=""> &lt;a href="https://docs2.aspose.com/cells/reportingservices/attachments/6094962/6193163.png">Add Sub Report Item-006.png&lt;/a> (image/png)&lt;br>
&lt;img src="https://docs2.aspose.com/cells/reportingservices/images/icons/bullet_blue.gif" alt=""> &lt;a href="https://docs2.aspose.com/cells/reportingservices/attachments/6094962/6193164.png">Add Sub Report Item-007.png&lt;/a> (image/png)&lt;/p></description></item><item><title>Reportingservices: Working with PivotTable</title><link>https://docs2.aspose.com/cells/reportingservices/userguide/working+with+pivottable/</link><pubDate>Mon, 01 Jan 0001 00:00:00 +0000</pubDate><guid>https://docs2.aspose.com/cells/reportingservices/userguide/working+with+pivottable/</guid><description>
&lt;p>Aspose.Cells for Reporting Services : Working with PivotTable&lt;/p>
&lt;h1 id="asposecells-for-reporting-services--working-with-pivottable">Aspose.Cells for Reporting Services : Working with PivotTable&lt;/h1>
&lt;p>A &lt;em>pivot table&lt;/em> is an interactive table that summarizes data and presents it in a meaningful way. SQL Server Reporting Services cannot export a report to Microsft Excel format while maintaining a pivot table. Report users have to manually create pivot tables every time they export a pivot table report from Reporting Services to Microsoft Excel. With Aspose.Cells for Reporting Services, you can design a pivot table once at report design time. Each time the report runs, Aspose.Cells for Reporting Services exports the report to Microsoft Excel and refresh the data into the pivot table.&lt;/p>
&lt;p>To create a pivot table report:&lt;/p>
&lt;ol>
&lt;li>
&lt;p>Create a dataset as the data source for the pivot table.&lt;br>
Below, we use the AdventureWorks sample database that ships with SQL Server Reporting Services 2005 and create a dataset named “sales&amp;rdquo;.&lt;br>
The SQL for the dataset is as follows:&lt;/p>
&lt;p>&lt;strong>SQL&lt;/strong>&lt;/p>
&lt;p>SELECT PC.Name AS ProdCat, PS.Name AS SubCat, DATEPART(yy, SOH.OrderDate) AS OrderYear, &amp;lsquo;Q&amp;rsquo; + DATENAME(qq, SOH.OrderDate) AS OrderQtr, SUM(SOD.UnitPrice * SOD.OrderQty) AS SalesFROM Production.ProductSubcategory PS INNER JOIN Sales.SalesOrderHeader SOH INNER JOIN Sales.SalesOrderDetail SOD ON SOH.SalesOrderID = SOD.SalesOrderID INNER JOIN Production.Product P ON SOD.ProductID = P.ProductID ON PS.ProductSubcategoryID = P.ProductSubcategoryID INNER JOIN Production.ProductCategory PC ON PS.ProductCategoryID = PC.ProductCategoryIDWHERE (SOH.OrderDate BETWEEN &amp;lsquo;1/1/2002&amp;rsquo; AND &amp;lsquo;12/31/2003&amp;rsquo;)GROUP BY DATEPART(yy, SOH.OrderDate), PC.Name, PS.Name, &amp;lsquo;Q&amp;rsquo; + DATENAME(qq, SOH.OrderDate), PS.ProductSubcategoryID&lt;/p>
&lt;p>Please refer to &lt;a href="https://docs2.aspose.com/cells/reportingservices/userguide/datasourcesandqueries/">Data Sources and Queries&lt;/a> to learn more about how to create a data source and dataset with Aspose.Cells.Report.Designer.&lt;/p>
&lt;/li>
&lt;li>
&lt;p>Create a table report according to the instruction in &lt;a href="https://docs2.aspose.com/cells/reportingservices/userguide/creatingtabularreport/">Creating Tabular Report&lt;/a>, as shown below.&lt;br>
The table will be the data source for the pivot table.&lt;/p>
&lt;p>&lt;img src="https://docs2.aspose.com/cells/reportingservices/attachments/6094973/6193162.png" alt="">&lt;/p>
&lt;/li>
&lt;li>
&lt;p>In Microsoft Excel, from the &lt;strong>Insert&lt;/strong> menu, select &lt;strong>Name&lt;/strong> and then &lt;strong>Define&lt;/strong>.&lt;/p>
&lt;/li>
&lt;li>
&lt;p>Define a name as “sales”.&lt;br>
The range of the name starts with the first cell of the header title and ends at the last cell of table data row as shown below.&lt;/p>
&lt;p>&lt;img src="https://docs2.aspose.com/cells/reportingservices/attachments/6094973/6193167.png" alt="">&lt;/p>
&lt;/li>
&lt;li>
&lt;p>Click &lt;strong>OK&lt;/strong> to finish.&lt;/p>
&lt;/li>
&lt;li>
&lt;p>Create a new sheet for the pivot table.&lt;/p>
&lt;/li>
&lt;li>
&lt;p>From the &lt;strong>Data&lt;/strong> menu, select &lt;strong>PivotTable and PivotChart Report&lt;/strong> to add a pivot table.&lt;br>
A dialog is displayed.&lt;/p>
&lt;/li>
&lt;li>
&lt;p>Select &lt;strong>Microsoft Office Excel list or database&lt;/strong> as a data source and &lt;strong>pivot table&lt;/strong> as report type.&lt;/p>
&lt;/li>
&lt;li>
&lt;p>Click &lt;strong>Next&lt;/strong> to continue.&lt;/p>
&lt;p>&lt;img src="https://docs2.aspose.com/cells/reportingservices/attachments/6094973/6193168.png" alt="">&lt;/p>
&lt;/li>
&lt;li>
&lt;p>In the dialog box, enter “sales”, the name you defined above.&lt;/p>
&lt;/li>
&lt;li>
&lt;p>Click &lt;strong>Next&lt;/strong> to continue.&lt;/p>
&lt;/li>
&lt;/ol>
&lt;pre>&lt;code>![](https://docs2.aspose.com/cells/reportingservices/attachments/6094973/6193165.png)
&lt;/code>&lt;/pre>
&lt;ol start="12">
&lt;li>Click &lt;strong>Finish&lt;/strong>.&lt;/li>
&lt;/ol>
&lt;pre>&lt;code>![](https://docs2.aspose.com/cells/reportingservices/attachments/6094973/6193166.png)
&lt;/code>&lt;/pre>
&lt;ol start="13">
&lt;li>Design the pivot table in Excel.&lt;/li>
&lt;/ol>
&lt;pre>&lt;code>![](https://docs2.aspose.com/cells/reportingservices/attachments/6094973/6193155.png)
The designed pivot table is shown below.
![](https://docs2.aspose.com/cells/reportingservices/attachments/6094973/6193156.png)
&lt;/code>&lt;/pre>
&lt;ol start="14">
&lt;li>Right-click the pivot table and select &lt;strong>Table Options&lt;/strong>.&lt;/li>
&lt;li>Make sure that &lt;strong>Refresh on open&lt;/strong> is selected.&lt;/li>
&lt;/ol>
&lt;pre>&lt;code>![](https://docs2.aspose.com/cells/reportingservices/attachments/6094973/6193153.png)
&lt;/code>&lt;/pre>
&lt;ol start="16">
&lt;li>Save the report and publish it to Report Server.&lt;/li>
&lt;li>Export the report from Report Server.&lt;br>
The result is shown below.&lt;/li>
&lt;/ol>
&lt;pre>&lt;code>![](https://docs2.aspose.com/cells/reportingservices/attachments/6094973/6193154.png)
&lt;/code>&lt;/pre>
&lt;h2 id="attachments">Attachments:&lt;/h2>
&lt;p>&lt;img src="https://docs2.aspose.com/cells/reportingservices/images/icons/bullet_blue.gif" alt=""> &lt;a href="https://docs2.aspose.com/cells/reportingservices/attachments/6094973/6193162.png">Working with PivotTable-001.png&lt;/a> (image/png)&lt;br>
&lt;img src="https://docs2.aspose.com/cells/reportingservices/images/icons/bullet_blue.gif" alt=""> &lt;a href="https://docs2.aspose.com/cells/reportingservices/attachments/6094973/6193167.png">Working with PivotTable-002.png&lt;/a> (image/png)&lt;br>
&lt;img src="https://docs2.aspose.com/cells/reportingservices/images/icons/bullet_blue.gif" alt=""> &lt;a href="https://docs2.aspose.com/cells/reportingservices/attachments/6094973/6193168.png">Working with PivotTable-003.png&lt;/a> (image/png)&lt;br>
&lt;img src="https://docs2.aspose.com/cells/reportingservices/images/icons/bullet_blue.gif" alt=""> &lt;a href="https://docs2.aspose.com/cells/reportingservices/attachments/6094973/6193165.png">Working with PivotTable-004.png&lt;/a> (image/png)&lt;br>
&lt;img src="https://docs2.aspose.com/cells/reportingservices/images/icons/bullet_blue.gif" alt=""> &lt;a href="https://docs2.aspose.com/cells/reportingservices/attachments/6094973/6193166.png">Working with PivotTable-005.png&lt;/a> (image/png)&lt;br>
&lt;img src="https://docs2.aspose.com/cells/reportingservices/images/icons/bullet_blue.gif" alt=""> &lt;a href="https://docs2.aspose.com/cells/reportingservices/attachments/6094973/6193155.png">Working with PivotTable-006.png&lt;/a> (image/png)&lt;br>
&lt;img src="https://docs2.aspose.com/cells/reportingservices/images/icons/bullet_blue.gif" alt=""> &lt;a href="https://docs2.aspose.com/cells/reportingservices/attachments/6094973/6193156.png">Working with PivotTable-007.png&lt;/a> (image/png)&lt;br>
&lt;img src="https://docs2.aspose.com/cells/reportingservices/images/icons/bullet_blue.gif" alt=""> &lt;a href="https://docs2.aspose.com/cells/reportingservices/attachments/6094973/6193153.png">Working with PivotTable-008.png&lt;/a> (image/png)&lt;br>
&lt;img src="https://docs2.aspose.com/cells/reportingservices/images/icons/bullet_blue.gif" alt=""> &lt;a href="https://docs2.aspose.com/cells/reportingservices/attachments/6094973/6193154.png">Working with PivotTable-009.png&lt;/a> (image/png)&lt;/p></description></item><item><title>Reportingservices: Working with Charts</title><link>https://docs2.aspose.com/cells/reportingservices/userguide/working+with+charts/</link><pubDate>Mon, 01 Jan 0001 00:00:00 +0000</pubDate><guid>https://docs2.aspose.com/cells/reportingservices/userguide/working+with+charts/</guid><description>
&lt;p>Aspose.Cells for Reporting Services : Working with Charts&lt;/p>
&lt;h1 id="asposecells-for-reporting-services--working-with-charts">Aspose.Cells for Reporting Services : Working with Charts&lt;/h1>
&lt;p>Aspose.Cells Report template supports Microsoft Excel charts. Each time you execute a report, the chart is populated with the most recent data.&lt;/p>
&lt;p>To add a chart to report template:&lt;/p>
&lt;ol>
&lt;li>
&lt;p>First, create the dataset that will be the data source for the chart.&lt;br>
Below, we use the AdventureWorks sample database that ships with SQL Server Reporting Services 2005 and create a dataset named Sales.&lt;br>
This SQL defines the dataset:&lt;/p>
&lt;p>&lt;strong>SQL&lt;/strong>&lt;/p>
&lt;p>SELECT DATEPART(yy,SOH.OrderDate) &amp;lsquo;Year&amp;rsquo;,&amp;lsquo;Q'+DATENAME(qq,SOH.OrderDate) &amp;lsquo;Quarter&amp;rsquo;,SUM(SOD.UnitPrice*SOD.OrderQty) &amp;lsquo;Sales&amp;rsquo;FROMAdventureWorks.Sales.SalesOrderDetail SOD,AdventureWorks.Sales.SalesOrderHeader SOHWHERE SOH.SalesOrderID = SOD.SalesOrderIDAND ((DATEPART(yy,SOH.OrderDate)=2002))GROUP BY DATEPART(yy,SOH.OrderDate), &amp;lsquo;Q'+DATENAME(qq,SOH.OrderDate)&lt;/p>
&lt;p>Please refer to &lt;a href="https://docs2.aspose.com/cells/reportingservices/userguide/datasourcesandqueries/">Data Sources and Queries&lt;/a> to learn more about how to create a data source and dataset in Aspose.Cells.Report.Designer.&lt;/p>
&lt;/li>
&lt;li>
&lt;p>Create a tabular report according to the instructions in &lt;a href="https://docs2.aspose.com/cells/reportingservices/userguide/creatingtabularreport/">Creating Tabular Report&lt;/a>. The report we&amp;rsquo;ve created for this example is below. The table is the chart&amp;rsquo;s data source.&lt;/p>
&lt;p>&lt;img src="https://docs2.aspose.com/cells/reportingservices/attachments/6094974/6193183.png" alt="">&lt;/p>
&lt;/li>
&lt;li>
&lt;p>In Microsoft Excel, click the &lt;strong>Insert&lt;/strong> menu and select &lt;strong>Chart&lt;/strong>.&lt;/p>
&lt;/li>
&lt;li>
&lt;p>Click &lt;strong>Next&lt;/strong>.&lt;/p>
&lt;p>&lt;img src="https://docs2.aspose.com/cells/reportingservices/attachments/6094974/6193182.png" alt="">&lt;/p>
&lt;/li>
&lt;li>
&lt;p>Click the &lt;strong>Series&lt;/strong> tab.&lt;/p>
&lt;p>&lt;img src="https://docs2.aspose.com/cells/reportingservices/attachments/6094974/6193181.png" alt="">&lt;/p>
&lt;/li>
&lt;li>
&lt;p>Click &lt;strong>Add&lt;/strong>.&lt;/p>
&lt;p>&lt;img src="https://docs2.aspose.com/cells/reportingservices/attachments/6094974/6193172.png" alt="">&lt;/p>
&lt;/li>
&lt;li>
&lt;p>In the dialog box, set the value of Series1 (Quarter series) to the table&amp;rsquo;s first data field.&lt;br>
In the sample, that is “CompanySales!$C$3:$C$3”. The first $C$3 is the first row index of “Quarter” and the second $C$3 is a placeholder for last row index of “Quarter” and will be replaced with the table data&amp;rsquo;s real row index at rendering time. Set the category(X) axis labels to “=CompanySales!$C$3:$C$3”.&lt;/p>
&lt;p>&lt;img src="https://docs2.aspose.com/cells/reportingservices/attachments/6094974/6193171.png" alt="">&lt;/p>
&lt;/li>
&lt;li>
&lt;p>Click &lt;strong>Add&lt;/strong> to add another series.&lt;br>
In the sample, we&amp;rsquo;ve added the sales series.&lt;/p>
&lt;/li>
&lt;li>
&lt;p>Set the value of Series2 (Sales series) to the table&amp;rsquo;s second data field.&lt;br>
In the sample it is “CompanySales!$D$3:$D$3”. The first $D$3 is the first row index of “Sales” and the second $D$3 is a placeholder for last row index of “Sales” and will be replaced with the table data&amp;rsquo;s real row index at rendering time.&lt;/p>
&lt;/li>
&lt;li>
&lt;p>Click &lt;strong>Next&lt;/strong> to continue.&lt;/p>
&lt;/li>
&lt;/ol>
&lt;pre>&lt;code>![](https://docs2.aspose.com/cells/reportingservices/attachments/6094974/6193170.png)
&lt;/code>&lt;/pre>
&lt;ol start="11">
&lt;li>In the dialog box, set the chart title and category(X) axis.&lt;/li>
&lt;li>Click &lt;strong>Finish&lt;/strong> to complete the work.&lt;/li>
&lt;/ol>
&lt;pre>&lt;code>![](https://docs2.aspose.com/cells/reportingservices/attachments/6094974/6193169.png)
The template looks like the below.
![](https://docs2.aspose.com/cells/reportingservices/attachments/6094974/6193176.png)
&lt;/code>&lt;/pre>
&lt;ol start="13">
&lt;li>Save the report and publish it to Report Server.&lt;/li>
&lt;li>Export the report from Report Server.&lt;br>
The result is as below.&lt;/li>
&lt;/ol>
&lt;pre>&lt;code>![](https://docs2.aspose.com/cells/reportingservices/attachments/6094974/6193175.png)
&lt;/code>&lt;/pre>
&lt;h2 id="attachments">Attachments:&lt;/h2>
&lt;p>&lt;img src="https://docs2.aspose.com/cells/reportingservices/images/icons/bullet_blue.gif" alt=""> &lt;a href="https://docs2.aspose.com/cells/reportingservices/attachments/6094974/6193183.png">Working with Charts-001.png&lt;/a> (image/png)&lt;br>
&lt;img src="https://docs2.aspose.com/cells/reportingservices/images/icons/bullet_blue.gif" alt=""> &lt;a href="https://docs2.aspose.com/cells/reportingservices/attachments/6094974/6193182.png">Working with Charts-002.png&lt;/a> (image/png)&lt;br>
&lt;img src="https://docs2.aspose.com/cells/reportingservices/images/icons/bullet_blue.gif" alt=""> &lt;a href="https://docs2.aspose.com/cells/reportingservices/attachments/6094974/6193181.png">Working with Charts-003.png&lt;/a> (image/png)&lt;br>
&lt;img src="https://docs2.aspose.com/cells/reportingservices/images/icons/bullet_blue.gif" alt=""> &lt;a href="https://docs2.aspose.com/cells/reportingservices/attachments/6094974/6193172.png">Working with Charts-004.png&lt;/a> (image/png)&lt;br>
&lt;img src="https://docs2.aspose.com/cells/reportingservices/images/icons/bullet_blue.gif" alt=""> &lt;a href="https://docs2.aspose.com/cells/reportingservices/attachments/6094974/6193171.png">Working with Charts-005.png&lt;/a> (image/png)&lt;br>
&lt;img src="https://docs2.aspose.com/cells/reportingservices/images/icons/bullet_blue.gif" alt=""> &lt;a href="https://docs2.aspose.com/cells/reportingservices/attachments/6094974/6193170.png">Working with Charts-006.png&lt;/a> (image/png)&lt;br>
&lt;img src="https://docs2.aspose.com/cells/reportingservices/images/icons/bullet_blue.gif" alt=""> &lt;a href="https://docs2.aspose.com/cells/reportingservices/attachments/6094974/6193169.png">Working with Charts-007.png&lt;/a> (image/png)&lt;br>
&lt;img src="https://docs2.aspose.com/cells/reportingservices/images/icons/bullet_blue.gif" alt=""> &lt;a href="https://docs2.aspose.com/cells/reportingservices/attachments/6094974/6193176.png">Working with Charts-008.png&lt;/a> (image/png)&lt;br>
&lt;img src="https://docs2.aspose.com/cells/reportingservices/images/icons/bullet_blue.gif" alt=""> &lt;a href="https://docs2.aspose.com/cells/reportingservices/attachments/6094974/6193175.png">Working with Charts-009.png&lt;/a> (image/png)&lt;/p></description></item><item><title>Reportingservices: Publishing Report</title><link>https://docs2.aspose.com/cells/reportingservices/userguide/publishing+report/</link><pubDate>Mon, 01 Jan 0001 00:00:00 +0000</pubDate><guid>https://docs2.aspose.com/cells/reportingservices/userguide/publishing+report/</guid><description>
&lt;p>Aspose.Cells for Reporting Services : Publishing Report&lt;/p>
&lt;h1 id="asposecells-for-reporting-services--publishing-report">Aspose.Cells for Reporting Services : Publishing Report&lt;/h1>
&lt;p>When you have designed a report with all the elements you want it to have, the next step is to publish it to the Reporting Server so that you, and your colleagues, can run it.&lt;/p>
&lt;p>To publish a report to Report Server, follow the steps below:&lt;/p>
&lt;ol>
&lt;li>
&lt;p>Click &lt;strong>Publish&lt;/strong> &lt;img src="https://docs2.aspose.com/cells/reportingservices/attachments/6094975/6193200.png" alt=""> on the Aspose.Cells.Report.Designer toolbar and click the &lt;strong>Yes&lt;/strong> button to save the report.&lt;/p>
&lt;p>&lt;img src="https://docs2.aspose.com/cells/reportingservices/attachments/6094975/6193185.png" alt="">&lt;/p>
&lt;/li>
&lt;li>
&lt;p>In the dialog box, enter the URL of the Report Server and click the &lt;strong>Refresh&lt;/strong> button.&lt;/p>
&lt;p>&lt;img src="https://docs2.aspose.com/cells/reportingservices/attachments/6094975/6193186.png" alt="">&lt;/p>
&lt;/li>
&lt;li>
&lt;p>Select a target folder and enter the report name. Click the &lt;strong>DataSource Setup&lt;/strong> button to setup data sources.&lt;/p>
&lt;p>&lt;img src="https://docs2.aspose.com/cells/reportingservices/attachments/6094975/6193187.png" alt="">&lt;/p>
&lt;p>The DataSource Setup dialog is displayed.&lt;/p>
&lt;/li>
&lt;li>
&lt;p>In the dialog box, enter the data source information. Click &lt;strong>Select&lt;/strong> to select the shared data sources. (If you require them, the shared data sources should be the report&amp;rsquo;s prime data source). Click the &lt;strong>OK&lt;/strong> button to complete the work.&lt;/p>
&lt;p>&lt;img src="https://docs2.aspose.com/cells/reportingservices/attachments/6094975/6193188.png" alt="">&lt;/p>
&lt;/li>
&lt;li>
&lt;p>Click &lt;strong>Publish&lt;/strong> to publish the report to Report Server.&lt;/p>
&lt;p>&lt;img src="https://docs2.aspose.com/cells/reportingservices/attachments/6094975/6193189.png" alt="">&lt;/p>
&lt;/li>
&lt;/ol>
&lt;p>button to complete the work.&lt;/p>
&lt;h2 id="attachments">Attachments:&lt;/h2>
&lt;p>&lt;img src="https://docs2.aspose.com/cells/reportingservices/images/icons/bullet_blue.gif" alt=""> &lt;a href="https://docs2.aspose.com/cells/reportingservices/attachments/6094975/6193200.png">Publishing Report-001.png&lt;/a> (image/png)&lt;br>
&lt;img src="https://docs2.aspose.com/cells/reportingservices/images/icons/bullet_blue.gif" alt=""> &lt;a href="https://docs2.aspose.com/cells/reportingservices/attachments/6094975/6193185.png">Publishing Report-002.png&lt;/a> (image/png)&lt;br>
&lt;img src="https://docs2.aspose.com/cells/reportingservices/images/icons/bullet_blue.gif" alt=""> &lt;a href="https://docs2.aspose.com/cells/reportingservices/attachments/6094975/6193186.png">Publishing Report-003.png&lt;/a> (image/png)&lt;br>
&lt;img src="https://docs2.aspose.com/cells/reportingservices/images/icons/bullet_blue.gif" alt=""> &lt;a href="https://docs2.aspose.com/cells/reportingservices/attachments/6094975/6193187.png">Publishing Report-004.png&lt;/a> (image/png)&lt;br>
&lt;img src="https://docs2.aspose.com/cells/reportingservices/images/icons/bullet_blue.gif" alt=""> &lt;a href="https://docs2.aspose.com/cells/reportingservices/attachments/6094975/6193188.png">Publishing Report-005.png&lt;/a> (image/png)&lt;br>
&lt;img src="https://docs2.aspose.com/cells/reportingservices/images/icons/bullet_blue.gif" alt=""> &lt;a href="https://docs2.aspose.com/cells/reportingservices/attachments/6094975/6193189.png">Publishing Report-006.png&lt;/a> (image/png)&lt;/p></description></item><item><title>Reportingservices: Previewing Report</title><link>https://docs2.aspose.com/cells/reportingservices/userguide/previewing+report/</link><pubDate>Mon, 01 Jan 0001 00:00:00 +0000</pubDate><guid>https://docs2.aspose.com/cells/reportingservices/userguide/previewing+report/</guid><description>
&lt;p>Aspose.Cells for Reporting Services : Previewing Report&lt;/p>
&lt;h1 id="asposecells-for-reporting-services--previewing-report">Aspose.Cells for Reporting Services : Previewing Report&lt;/h1>
&lt;p>Previewing a report helps you be sure that it is the report you want.&lt;/p>
&lt;p>To preview a report:&lt;/p>
&lt;ol>
&lt;li>
&lt;p>Click &lt;strong>View&lt;/strong> &lt;img src="https://docs2.aspose.com/cells/reportingservices/attachments/6094968/6193211.png" alt=""> on the Aspose.Cells.Report.Designer toolbar.&lt;/p>
&lt;/li>
&lt;li>
&lt;p>Enter the URL of Report Server and click the &lt;strong>Refresh&lt;/strong> button.&lt;/p>
&lt;p>&lt;img src="https://docs2.aspose.com/cells/reportingservices/attachments/6094968/6193214.png" alt="">&lt;/p>
&lt;/li>
&lt;li>
&lt;p>Select a report and click the &lt;strong>Preview&lt;/strong> button.&lt;/p>
&lt;p>&lt;img src="https://docs2.aspose.com/cells/reportingservices/attachments/6094968/6193213.png" alt="">&lt;/p>
&lt;/li>
&lt;li>
&lt;p>In the dialog box, enter the report parameters and select the export file format. Click the &lt;strong>OK&lt;/strong> button to export the report.&lt;/p>
&lt;p>&lt;img src="https://docs2.aspose.com/cells/reportingservices/attachments/6094968/6193216.png" alt="">&lt;/p>
&lt;/li>
&lt;/ol>
&lt;h2 id="attachments">Attachments:&lt;/h2>
&lt;p>&lt;img src="https://docs2.aspose.com/cells/reportingservices/images/icons/bullet_blue.gif" alt=""> &lt;a href="https://docs2.aspose.com/cells/reportingservices/attachments/6094968/6193211.png">Previewing Report-001.png&lt;/a> (image/png)&lt;br>
&lt;img src="https://docs2.aspose.com/cells/reportingservices/images/icons/bullet_blue.gif" alt=""> &lt;a href="https://docs2.aspose.com/cells/reportingservices/attachments/6094968/6193214.png">Previewing Report-002.png&lt;/a> (image/png)&lt;br>
&lt;img src="https://docs2.aspose.com/cells/reportingservices/images/icons/bullet_blue.gif" alt=""> &lt;a href="https://docs2.aspose.com/cells/reportingservices/attachments/6094968/6193213.png">Previewing Report-003.png&lt;/a> (image/png)&lt;br>
&lt;img src="https://docs2.aspose.com/cells/reportingservices/images/icons/bullet_blue.gif" alt=""> &lt;a href="https://docs2.aspose.com/cells/reportingservices/attachments/6094968/6193216.png">Previewing Report-004.png&lt;/a> (image/png)&lt;/p></description></item><item><title>Reportingservices: Configuration</title><link>https://docs2.aspose.com/cells/reportingservices/userguide/configuration/</link><pubDate>Mon, 01 Jan 0001 00:00:00 +0000</pubDate><guid>https://docs2.aspose.com/cells/reportingservices/userguide/configuration/</guid><description>
&lt;p>Aspose.Cells for Reporting Services : Configuration&lt;/p>
&lt;h1 id="asposecells-for-reporting-services--configuration">Aspose.Cells for Reporting Services : Configuration&lt;/h1>
&lt;h6 id="this-section-contains-the-following-topics">This section contains the following topics:&lt;/h6>
&lt;ul>
&lt;li>&lt;a href="https://docs2.aspose.com/cells/reportingservices/userguide/configuration/gridlines">Gridlines&lt;/a>&lt;/li>
&lt;li>&lt;a href="https://docs2.aspose.com/cells/reportingservices/userguide/configuration/delimiters">Delimiters&lt;/a>&lt;/li>
&lt;li>&lt;a href="https://docs2.aspose.com/cells/reportingservices/userguide/configuration/performance">Performance&lt;/a>&lt;/li>
&lt;li>&lt;a href="https://docs2.aspose.com/cells/reportingservices/userguide/configuration/encryption">Encryption&lt;/a>&lt;/li>
&lt;li>&lt;a href="https://docs2.aspose.com/cells/reportingservices/userguide/configuration/digital+signatures">Digital Signatures&lt;/a>&lt;/li>
&lt;li>&lt;a href="https://docs2.aspose.com/cells/reportingservices/userguide/configuration/set+deviceinfo+in+rsreportserver.config">Set DeviceInfo in rsreportserver.config&lt;/a>&lt;/li>
&lt;li>&lt;a href="https://docs2.aspose.com/cells/reportingservices/userguide/configuration/deviceinfo+in+rsreportserver.config+file">DeviceInfo in rsreportserver.config file&lt;/a>&lt;/li>
&lt;li>&lt;a href="https://docs2.aspose.com/cells/reportingservices/userguide/configuration/page+setup">Page Setup&lt;/a>&lt;/li>
&lt;li>&lt;a href="https://docs2.aspose.com/cells/reportingservices/userguide/configuration/table+sorting+configuration">Table Sorting Configuration&lt;/a>&lt;/li>
&lt;/ul></description></item><item><title>Reportingservices: Working with Dyn-Hide Form</title><link>https://docs2.aspose.com/cells/reportingservices/userguide/working+with+dyn-hide+form/</link><pubDate>Mon, 01 Jan 0001 00:00:00 +0000</pubDate><guid>https://docs2.aspose.com/cells/reportingservices/userguide/working+with+dyn-hide+form/</guid><description>
&lt;p>Aspose.Cells for Reporting Services : Working with Dyn-Hide Form&lt;/p>
&lt;h1 id="asposecells-for-reporting-services--working-with-dyn-hide-form">Aspose.Cells for Reporting Services : Working with Dyn-Hide Form&lt;/h1>
&lt;p>The &amp;ldquo;Dyn-Hide&amp;rdquo; dialog lets you dynamically hide information from a report. It allows you to define a cell range on a worksheet that you want to hide.&lt;/p>
&lt;p>To hide information:&lt;/p>
&lt;ol>
&lt;li>
&lt;p>In Microsoft Excel, click &lt;strong>Dyn-Hide&lt;/strong> on the Aspose.Cells command bar.&lt;br>
The Dyn-Hide dialog is displayed.&lt;/p>
&lt;p>&lt;img src="https://docs2.aspose.com/cells/reportingservices/attachments/6094977/6193203.png" alt="">&lt;/p>
&lt;/li>
&lt;li>
&lt;p>Edit the hide information.&lt;/p>
&lt;/li>
&lt;li>
&lt;p>Click &lt;strong>Add&lt;/strong> to add hide information.&lt;/p>
&lt;p>&lt;img src="https://docs2.aspose.com/cells/reportingservices/attachments/6094977/6193206.png" alt="">&lt;/p>
&lt;p>The defined area is hidden from the report.&lt;/p>
&lt;/li>
&lt;/ol>
&lt;p>To remove hide information:&lt;/p>
&lt;ol>
&lt;li>Select a sheet from the list of hidden areas in the Dyn-Hide dialog.&lt;/li>
&lt;li>Click &lt;strong>Delete&lt;/strong>.&lt;br>
The selected area is deleted and is displayed in the report.&lt;/li>
&lt;/ol>
&lt;h2 id="attachments">Attachments:&lt;/h2>
&lt;p>&lt;img src="https://docs2.aspose.com/cells/reportingservices/images/icons/bullet_blue.gif" alt=""> &lt;a href="https://docs2.aspose.com/cells/reportingservices/attachments/6094977/6193203.png">dyn1.png&lt;/a> (image/png)&lt;br>
&lt;img src="https://docs2.aspose.com/cells/reportingservices/images/icons/bullet_blue.gif" alt=""> &lt;a href="https://docs2.aspose.com/cells/reportingservices/attachments/6094977/6193206.png">dyn2.png&lt;/a> (image/png)&lt;/p></description></item><item><title>Reportingservices: Working with Table Hide Attributes</title><link>https://docs2.aspose.com/cells/reportingservices/userguide/working+with+table+hide+attributes/</link><pubDate>Mon, 01 Jan 0001 00:00:00 +0000</pubDate><guid>https://docs2.aspose.com/cells/reportingservices/userguide/working+with+table+hide+attributes/</guid><description>
&lt;p>Aspose.Cells for Reporting Services : Working with Table Hide Attributes&lt;/p>
&lt;h1 id="asposecells-for-reporting-services--working-with-table-hide-attributes">Aspose.Cells for Reporting Services : Working with Table Hide Attributes&lt;/h1>
&lt;ol>
&lt;li>
&lt;p>In Microsoft Excel, click &lt;strong>Modify Attribute&lt;/strong> on the Aspose.Cells command bar.&lt;br>
The Modify Report dialog appears.&lt;/p>
&lt;/li>
&lt;li>
&lt;p>Select a table report item.&lt;/p>
&lt;/li>
&lt;li>
&lt;p>Click the &lt;strong>Hide&lt;/strong> tab.&lt;/p>
&lt;p>&lt;img src="https://docs2.aspose.com/cells/reportingservices/attachments/6094978/6193207.png" alt="">&lt;/p>
&lt;/li>
&lt;li>
&lt;p>Click &lt;strong>Modify&lt;/strong> to make the tab editable.&lt;/p>
&lt;p>&lt;img src="https://docs2.aspose.com/cells/reportingservices/attachments/6094978/6193231.png" alt="">&lt;/p>
&lt;/li>
&lt;li>
&lt;p>Edit the hide information.&lt;/p>
&lt;/li>
&lt;li>
&lt;p>Click &lt;strong>Fx&lt;/strong>.&lt;br>
The &lt;strong>Edit Formula&lt;/strong> dialog is displayed.&lt;/p>
&lt;p>&lt;img src="https://docs2.aspose.com/cells/reportingservices/attachments/6094978/6193232.png" alt="">&lt;/p>
&lt;p> &lt;/p>
&lt;/li>
&lt;li>
&lt;p>Edit the expression value.&lt;/p>
&lt;/li>
&lt;li>
&lt;p>Click &lt;strong>OK&lt;/strong> to save the formula into the Modify Report dialog.&lt;/p>
&lt;p>&lt;img src="https://docs2.aspose.com/cells/reportingservices/attachments/6094978/6193229.png" alt="">&lt;/p>
&lt;/li>
&lt;li>
&lt;p>Edit any other hide information.&lt;/p>
&lt;/li>
&lt;li>
&lt;p>Click &lt;strong>Add&lt;/strong> to add the hide information.&lt;/p>
&lt;/li>
&lt;/ol>
&lt;pre>&lt;code>![](https://docs2.aspose.com/cells/reportingservices/attachments/6094978/6193230.png)
&lt;/code>&lt;/pre>
&lt;ol start="11">
&lt;li>Click &lt;strong>Commit&lt;/strong> to add the hide information into the report cache.&lt;/li>
&lt;li>Click &lt;strong>Close&lt;/strong> to close the dialog.&lt;/li>
&lt;/ol>
&lt;pre>&lt;code>![](https://docs2.aspose.com/cells/reportingservices/attachments/6094978/6193227.png)
&lt;/code>&lt;/pre>
&lt;ol start="13">
&lt;li>Save and publish the report.&lt;/li>
&lt;/ol>
&lt;h2 id="attachments">Attachments:&lt;/h2>
&lt;p>&lt;img src="https://docs2.aspose.com/cells/reportingservices/images/icons/bullet_blue.gif" alt=""> &lt;a href="https://docs2.aspose.com/cells/reportingservices/attachments/6094978/6193207.png">tablehide1.png&lt;/a> (image/png)&lt;br>
&lt;img src="https://docs2.aspose.com/cells/reportingservices/images/icons/bullet_blue.gif" alt=""> &lt;a href="https://docs2.aspose.com/cells/reportingservices/attachments/6094978/6193231.png">tablehide2.png&lt;/a> (image/png)&lt;br>
&lt;img src="https://docs2.aspose.com/cells/reportingservices/images/icons/bullet_blue.gif" alt=""> &lt;a href="https://docs2.aspose.com/cells/reportingservices/attachments/6094978/6193232.png">tablehide3.png&lt;/a> (image/png)&lt;br>
&lt;img src="https://docs2.aspose.com/cells/reportingservices/images/icons/bullet_blue.gif" alt=""> &lt;a href="https://docs2.aspose.com/cells/reportingservices/attachments/6094978/6193229.png">tablehide4.png&lt;/a> (image/png)&lt;br>
&lt;img src="https://docs2.aspose.com/cells/reportingservices/images/icons/bullet_blue.gif" alt=""> &lt;a href="https://docs2.aspose.com/cells/reportingservices/attachments/6094978/6193230.png">tablehide5.png&lt;/a> (image/png)&lt;br>
&lt;img src="https://docs2.aspose.com/cells/reportingservices/images/icons/bullet_blue.gif" alt=""> &lt;a href="https://docs2.aspose.com/cells/reportingservices/attachments/6094978/6193227.png">tablehide6.png&lt;/a> (image/png)&lt;/p></description></item></channel></rss>