<rss version="2.0" xmlns:atom="http://www.w3.org/2005/Atom"><channel><title>Documentation – Searching in a Document</title><link>https://docs2.aspose.com/cells/sharepoint/usersguide/searching+in+a+document/</link><description>Recent content in Searching in a Document on Documentation</description><generator>Hugo -- gohugo.io</generator><atom:link href="https://docs2.aspose.com/cells/sharepoint/usersguide/searching+in+a+document/index.xml" rel="self" type="application/rss+xml"/></channel></rss>