<rss version="2.0" xmlns:atom="http://www.w3.org/2005/Atom"><channel><title>Documentation – World Class Free Technical Support</title><link>https://docs2.aspose.com/cells/reportingservices/gettingstarted/features/world+class+free+technical+support/</link><description>Recent content in World Class Free Technical Support on Documentation</description><generator>Hugo -- gohugo.io</generator><atom:link href="https://docs2.aspose.com/cells/reportingservices/gettingstarted/features/world+class+free+technical+support/index.xml" rel="self" type="application/rss+xml"/></channel></rss>