<rss version="2.0" xmlns:atom="http://www.w3.org/2005/Atom"><channel><title>Documentation – Slicers</title><link>https://docs2.aspose.com/cells/pythonjava/developerguide/slicers/</link><description>Recent content in Slicers on Documentation</description><generator>Hugo -- gohugo.io</generator><atom:link href="https://docs2.aspose.com/cells/pythonjava/developerguide/slicers/index.xml" rel="self" type="application/rss+xml"/><item><title>Pythonjava: Create Slicer to a Pivot Table</title><link>https://docs2.aspose.com/cells/pythonjava/developerguide/slicers/create+slicer+to+a+pivot+table/</link><pubDate>Mon, 01 Jan 0001 00:00:00 +0000</pubDate><guid>https://docs2.aspose.com/cells/pythonjava/developerguide/slicers/create+slicer+to+a+pivot+table/</guid><description>
&lt;p>Aspose.Cells for Python via Java : Create Slicer to a Pivot Table&lt;/p>
&lt;h1 id="asposecells-for-python-via-java--create-slicer-to-a-pivot-table">Aspose.Cells for Python via Java : Create Slicer to a Pivot Table&lt;/h1>
&lt;p>
&lt;div class="card my-3 border-top-0 border-right-0 border-bottom-0 border-left border-primary rounded" style="border-width:4px !important;">
&lt;div class="wrap border border-left-0 rounded">
&lt;div class="card-header border-0 bg-white pl-3 text-primary">
&lt;h3>Contents Summary&lt;/h3>
&lt;/div>
&lt;div class="card-body pt-1">
&lt;ul>
&lt;li>1 &lt;a href="#possible-usage-scenarios">Possible Usage Scenarios&lt;/a>&lt;/li>
&lt;li>2 &lt;a href="#create-slicer-to-a-pivot-table">Create Slicer to a Pivot Table&lt;/a>&lt;/li>
&lt;li>3 &lt;a href="#sample-code">Sample Code&lt;/a>&lt;/li>
&lt;/ul>
&lt;/div>
&lt;/div>
&lt;/div>
 &lt;/p>
&lt;h2 id="possible-usage-scenarios">Possible Usage Scenarios&lt;/h2>
&lt;p>Slicers are used to filter data quickly. They can be used to filter data both in a table or pivot table. Microsoft Excel allows you to create a slicer by selecting a table or pivot table and then clicking the &lt;em>Insert &amp;gt; Slicer&lt;/em>. Aspose.Cells for Python via Java provides the Worksheet.getSlicers().add() method to create slicer.&lt;/p>
&lt;h2 id="create-slicer-to-a-pivot-table">Create Slicer to a Pivot Table&lt;/h2>
&lt;p>The following code snippet loads the &lt;a href="https://docs2.aspose.com/cells/pythonjava/attachments/106201882/106364966.xlsx">sample Excel file&lt;/a> that contains the pivot table. It then creates the slicer based on the first base pivot field. Finally, it saves the workbook in &lt;a href="https://docs2.aspose.com/cells/pythonjava/attachments/106201882/106364967.xlsx">output XLSX&lt;/a> format. The following screenshot shows the slicer created by Aspose.Cells in the output Excel file.&lt;/p>
&lt;p>&lt;img src="https://docs2.aspose.com/cells/pythonjava/attachments/66948420/67338495.png" alt="">&lt;/p>
&lt;h2 id="sample-code">Sample Code&lt;/h2>
&lt;h2 id="attachments">Attachments:&lt;/h2>
&lt;p>&lt;img src="https://docs2.aspose.com/cells/pythonjava/images/icons/bullet_blue.gif" alt=""> &lt;a href="https://docs2.aspose.com/cells/pythonjava/attachments/106201882/106364966.xlsx">sampleCreateSlicerToPivotTable.xlsx&lt;/a> (application/vnd.openxmlformats-officedocument.spreadsheetml.sheet)&lt;br>
&lt;img src="https://docs2.aspose.com/cells/pythonjava/images/icons/bullet_blue.gif" alt=""> &lt;a href="https://docs2.aspose.com/cells/pythonjava/attachments/106201882/106364967.xlsx">outputCreateSlicerToPivotTable.xlsx&lt;/a> (application/vnd.openxmlformats-officedocument.spreadsheetml.sheet)&lt;/p></description></item><item><title>Pythonjava: Draw Slicer while rendering Excel to PDF</title><link>https://docs2.aspose.com/cells/pythonjava/developerguide/slicers/draw+slicer+while+rendering+excel+to+pdf/</link><pubDate>Mon, 01 Jan 0001 00:00:00 +0000</pubDate><guid>https://docs2.aspose.com/cells/pythonjava/developerguide/slicers/draw+slicer+while+rendering+excel+to+pdf/</guid><description>
&lt;p>Aspose.Cells for Python via Java : Draw Slicer while rendering Excel to PDF&lt;/p>
&lt;h1 id="asposecells-for-python-via-java--draw-slicer-while-rendering-excel-to-pdf">Aspose.Cells for Python via Java : Draw Slicer while rendering Excel to PDF&lt;/h1>
&lt;p>
&lt;div class="card my-3 border-top-0 border-right-0 border-bottom-0 border-left border-primary rounded" style="border-width:4px !important;">
&lt;div class="wrap border border-left-0 rounded">
&lt;div class="card-header border-0 bg-white pl-3 text-primary">
&lt;h3>Contents Summary&lt;/h3>
&lt;/div>
&lt;div class="card-body pt-1">
&lt;ul>
&lt;li>1 &lt;a href="#draw-slicer-while-rendering-excel-to-pdf">Draw Slicer while rendering Excel to PDF&lt;/a>&lt;/li>
&lt;li>2 &lt;a href="#sample-code">Sample Code&lt;/a>&lt;/li>
&lt;/ul>
&lt;/div>
&lt;/div>
&lt;/div>
 &lt;/p>
&lt;h2 id="draw-slicer-while-rendering-excel-to-pdf">Draw Slicer while rendering Excel to PDF&lt;/h2>
&lt;p>Aspose.Cells for Python via Java supports exporting Excel to PDF with slicer settings. The API supports this by default, you simply export the Excel file with slicer to PDF, the generated PDF will show the slicer applied. The following code snippet loads the &lt;a href="https://docs2.aspose.com/cells/pythonjava/attachments/106202013/106365058.xlsx">sample Excel file&lt;/a> that contains a slicer and saves the workbook as the &lt;a href="https://docs2.aspose.com/cells/pythonjava/attachments/106202013/106365052.xlsx">output PDF file&lt;/a>. The following screenshot compares the source Excel file and the generated PDF file.&lt;/p>
&lt;p>&lt;img src="https://docs.aspose.com/download/attachments/93913092/SlicerExcelToPDF.jpg?version=1&amp;amp;modificationDate=1563131839265&amp;amp;api=v2" alt="">&lt;/p>
&lt;h2 id="sample-code">Sample Code&lt;/h2>
&lt;h2 id="attachments">Attachments:&lt;/h2>
&lt;p>&lt;img src="https://docs2.aspose.com/cells/pythonjava/images/icons/bullet_blue.gif" alt=""> &lt;a href="https://docs2.aspose.com/cells/pythonjava/attachments/106202013/106365052.xlsx">outputUpdatingSlicer.xlsx&lt;/a> (application/vnd.openxmlformats-officedocument.spreadsheetml.sheet)&lt;br>
&lt;img src="https://docs2.aspose.com/cells/pythonjava/images/icons/bullet_blue.gif" alt=""> &lt;a href="https://docs2.aspose.com/cells/pythonjava/attachments/106202013/106365054.xlsx">outputFormattingSlicer.xlsx&lt;/a> (application/vnd.openxmlformats-officedocument.spreadsheetml.sheet)&lt;br>
&lt;img src="https://docs2.aspose.com/cells/pythonjava/images/icons/bullet_blue.gif" alt=""> &lt;a href="https://docs2.aspose.com/cells/pythonjava/attachments/106202013/106365055.xlsx">sampleFormattingSlicer.xlsx&lt;/a> (application/vnd.openxmlformats-officedocument.spreadsheetml.sheet)&lt;br>
&lt;img src="https://docs2.aspose.com/cells/pythonjava/images/icons/bullet_blue.gif" alt=""> &lt;a href="https://docs2.aspose.com/cells/pythonjava/attachments/106202013/106365053.xlsx">sampleUpdatingSlicer.xlsx&lt;/a> (application/vnd.openxmlformats-officedocument.spreadsheetml.sheet)&lt;br>
&lt;img src="https://docs2.aspose.com/cells/pythonjava/images/icons/bullet_blue.gif" alt=""> &lt;a href="https://docs2.aspose.com/cells/pythonjava/attachments/106202013/106365056.xlsx">sampleRenderingSlicer.xlsx&lt;/a> (application/vnd.openxmlformats-officedocument.spreadsheetml.sheet)&lt;br>
&lt;img src="https://docs2.aspose.com/cells/pythonjava/images/icons/bullet_blue.gif" alt=""> &lt;a href="https://docs2.aspose.com/cells/pythonjava/attachments/106202013/106365057.png">outputRenderingSlicer.png&lt;/a> (image/png)&lt;br>
&lt;img src="https://docs2.aspose.com/cells/pythonjava/images/icons/bullet_blue.gif" alt=""> &lt;a href="https://docs2.aspose.com/cells/pythonjava/attachments/106202013/106365058.xlsx">SampleSlicerChart.xlsx&lt;/a> (application/vnd.openxmlformats-officedocument.spreadsheetml.sheet)&lt;br>
&lt;img src="https://docs2.aspose.com/cells/pythonjava/images/icons/bullet_blue.gif" alt=""> &lt;a href="https://docs2.aspose.com/cells/pythonjava/attachments/106202013/106365059.pdf">SampleSlicerChart.pdf&lt;/a> (application/pdf)&lt;/p></description></item><item><title>Pythonjava: Formatting Slicer</title><link>https://docs2.aspose.com/cells/pythonjava/developerguide/slicers/formatting+slicer/</link><pubDate>Mon, 01 Jan 0001 00:00:00 +0000</pubDate><guid>https://docs2.aspose.com/cells/pythonjava/developerguide/slicers/formatting+slicer/</guid><description>
&lt;p>Aspose.Cells for Python via Java : Formatting Slicer&lt;/p>
&lt;h1 id="asposecells-for-python-via-java--formatting-slicer">Aspose.Cells for Python via Java : Formatting Slicer&lt;/h1>
&lt;p>
&lt;div class="card my-3 border-top-0 border-right-0 border-bottom-0 border-left border-primary rounded" style="border-width:4px !important;">
&lt;div class="wrap border border-left-0 rounded">
&lt;div class="card-header border-0 bg-white pl-3 text-primary">
&lt;h3>Contents Summary&lt;/h3>
&lt;/div>
&lt;div class="card-body pt-1">
&lt;ul>
&lt;li>1 &lt;a href="#formatting-slicer">Formatting Slicer&lt;/a>&lt;/li>
&lt;li>2 &lt;a href="#sample-code">Sample Code&lt;/a>&lt;/li>
&lt;/ul>
&lt;/div>
&lt;/div>
&lt;/div>
 &lt;/p>
&lt;h2 id="formatting-slicer">Formatting Slicer&lt;/h2>
&lt;p>Using Microsoft Excel, you can format the slicer by setting its number of columns, styles, etc. Aspose.Cells for Python via Java provides the Slicer.NumberOfColumns and Slicer.StyleType properties to achieve this.&lt;/p>
&lt;p>The following code snippet loads the &lt;a href="https://docs2.aspose.com/cells/pythonjava/attachments/106201884/106364964.xlsx">sample Excel file&lt;/a> that contains a slicer. It accesses the slicer and sets its number of columns and style type and saves it as &lt;a href="https://docs2.aspose.com/cells/pythonjava/attachments/106201884/106364965.xlsx">output Excel file&lt;/a>. The screenshot shows how the slicer looks after the execution of the sample code.&lt;/p>
&lt;p>&lt;img src="https://docs.aspose.com/download/attachments/66948422/Formatting-Slicer-using-Aspose.Cells.png?version=1&amp;amp;modificationDate=1530428028554&amp;amp;api=v2" alt="">&lt;/p>
&lt;h2 id="sample-code">Sample Code&lt;/h2>
&lt;h2 id="attachments">Attachments:&lt;/h2>
&lt;p>&lt;img src="https://docs2.aspose.com/cells/pythonjava/images/icons/bullet_blue.gif" alt=""> &lt;a href="https://docs2.aspose.com/cells/pythonjava/attachments/106201884/106364964.xlsx">sampleFormattingSlicer.xlsx&lt;/a> (application/vnd.openxmlformats-officedocument.spreadsheetml.sheet)&lt;br>
&lt;img src="https://docs2.aspose.com/cells/pythonjava/images/icons/bullet_blue.gif" alt=""> &lt;a href="https://docs2.aspose.com/cells/pythonjava/attachments/106201884/106364965.xlsx">outputFormattingSlicer.xlsx&lt;/a> (application/vnd.openxmlformats-officedocument.spreadsheetml.sheet)&lt;/p></description></item><item><title>Pythonjava: Removing Slicer</title><link>https://docs2.aspose.com/cells/pythonjava/developerguide/slicers/removing+slicer/</link><pubDate>Mon, 01 Jan 0001 00:00:00 +0000</pubDate><guid>https://docs2.aspose.com/cells/pythonjava/developerguide/slicers/removing+slicer/</guid><description>
&lt;p>Aspose.Cells for Python via Java : Removing Slicer&lt;/p>
&lt;h1 id="asposecells-for-python-via-java--removing-slicer">Aspose.Cells for Python via Java : Removing Slicer&lt;/h1>
&lt;p>
&lt;div class="card my-3 border-top-0 border-right-0 border-bottom-0 border-left border-primary rounded" style="border-width:4px !important;">
&lt;div class="wrap border border-left-0 rounded">
&lt;div class="card-header border-0 bg-white pl-3 text-primary">
&lt;h3>Contents Summary&lt;/h3>
&lt;/div>
&lt;div class="card-body pt-1">
&lt;ul>
&lt;li>1 &lt;a href="#removing-slicer">Removing Slicer&lt;/a>&lt;/li>
&lt;li>2 &lt;a href="#sample-code">Sample Code&lt;/a>&lt;/li>
&lt;/ul>
&lt;/div>
&lt;/div>
&lt;/div>
 &lt;/p>
&lt;h2 id="removing-slicer">Removing Slicer&lt;/h2>
&lt;p>To remove slicer in Microsoft Excel, you simply select the slicer and press the &lt;em>Delete&lt;/em> button. To achieve the save using Aspose.Cells for Python via Java, use the Worksheet.getSlicers().remove() method. It will remove the slicer from the worksheet. &lt;/p>
&lt;p>The following code snippet loads the &lt;a href="https://docs2.aspose.com/cells/pythonjava/attachments/106201888/106364970.xlsx">sample Excel file&lt;/a> that contains an existing slicer. It accesses the slicer, removes it, and saves the &lt;a href="https://docs2.aspose.com/cells/pythonjava/attachments/106201888/106364971.xlsx">output Excel file&lt;/a>. The following screenshot shows the slicer that will be removed.&lt;/p>
&lt;p>&lt;img src="https://docs.aspose.com/download/attachments/66948424/Removing-Slicer-using-Aspose.Cells.png?version=1&amp;amp;modificationDate=1530428350263&amp;amp;api=v2" alt="">&lt;/p>
&lt;h2 id="sample-code">Sample Code&lt;/h2>
&lt;h2 id="attachments">Attachments:&lt;/h2>
&lt;p>&lt;img src="https://docs2.aspose.com/cells/pythonjava/images/icons/bullet_blue.gif" alt=""> &lt;a href="https://docs2.aspose.com/cells/pythonjava/attachments/106201888/106364968.xlsx">outputFormattingSlicer.xlsx&lt;/a> (application/vnd.openxmlformats-officedocument.spreadsheetml.sheet)&lt;br>
&lt;img src="https://docs2.aspose.com/cells/pythonjava/images/icons/bullet_blue.gif" alt=""> &lt;a href="https://docs2.aspose.com/cells/pythonjava/attachments/106201888/106364969.xlsx">sampleFormattingSlicer.xlsx&lt;/a> (application/vnd.openxmlformats-officedocument.spreadsheetml.sheet)&lt;br>
&lt;img src="https://docs2.aspose.com/cells/pythonjava/images/icons/bullet_blue.gif" alt=""> &lt;a href="https://docs2.aspose.com/cells/pythonjava/attachments/106201888/106364970.xlsx">sampleRemovingSlicer.xlsx&lt;/a> (application/vnd.openxmlformats-officedocument.spreadsheetml.sheet)&lt;br>
&lt;img src="https://docs2.aspose.com/cells/pythonjava/images/icons/bullet_blue.gif" alt=""> &lt;a href="https://docs2.aspose.com/cells/pythonjava/attachments/106201888/106364971.xlsx">outputRemovingSlicer.xlsx&lt;/a> (application/vnd.openxmlformats-officedocument.spreadsheetml.sheet)&lt;/p></description></item><item><title>Pythonjava: Rendering Slicer</title><link>https://docs2.aspose.com/cells/pythonjava/developerguide/slicers/rendering+slicer/</link><pubDate>Mon, 01 Jan 0001 00:00:00 +0000</pubDate><guid>https://docs2.aspose.com/cells/pythonjava/developerguide/slicers/rendering+slicer/</guid><description>
&lt;p>Aspose.Cells for Python via Java : Rendering Slicer&lt;/p>
&lt;h1 id="asposecells-for-python-via-java--rendering-slicer">Aspose.Cells for Python via Java : Rendering Slicer&lt;/h1>
&lt;p>
&lt;div class="card my-3 border-top-0 border-right-0 border-bottom-0 border-left border-primary rounded" style="border-width:4px !important;">
&lt;div class="wrap border border-left-0 rounded">
&lt;div class="card-header border-0 bg-white pl-3 text-primary">
&lt;h3>Contents Summary&lt;/h3>
&lt;/div>
&lt;div class="card-body pt-1">
&lt;ul>
&lt;li>1 &lt;a href="#rendering%C2%A0slicer">Rendering Slicer&lt;/a>&lt;/li>
&lt;li>2 &lt;a href="#sample-code">Sample Code&lt;/a>&lt;/li>
&lt;/ul>
&lt;/div>
&lt;/div>
&lt;/div>
 &lt;/p>
&lt;h2 id="renderingslicer">Rendering Slicer&lt;/h2>
&lt;p>Aspose.Cells for Python via Java supports the rendering of slicer shape. The following code snippet loads the &lt;a href="https://docs2.aspose.com/cells/pythonjava/attachments/106201897/106364974.xlsx">sample Excel file&lt;/a> that contains a slicer. It converts the worksheet into an image by setting the print area that covers only the slicer. The flowing image is the &lt;a href="https://docs2.aspose.com/cells/pythonjava/attachments/106201897/106364975.png">output image&lt;/a> that shows the rendered slicer. As you can see, the slicer has been rendered properly it looks the same as in the sample Excel file.&lt;/p>
&lt;p>&lt;img src="https://docs.aspose.com/download/thumbnails/66948360/outputRenderingSlicer.png?version=1&amp;amp;modificationDate=1530100093587&amp;amp;api=v2" alt="">&lt;/p>
&lt;h2 id="sample-code">Sample Code&lt;/h2>
&lt;h2 id="attachments">Attachments:&lt;/h2>
&lt;p>&lt;img src="https://docs2.aspose.com/cells/pythonjava/images/icons/bullet_blue.gif" alt=""> &lt;a href="https://docs2.aspose.com/cells/pythonjava/attachments/106201897/106364972.xlsx">outputFormattingSlicer.xlsx&lt;/a> (application/vnd.openxmlformats-officedocument.spreadsheetml.sheet)&lt;br>
&lt;img src="https://docs2.aspose.com/cells/pythonjava/images/icons/bullet_blue.gif" alt=""> &lt;a href="https://docs2.aspose.com/cells/pythonjava/attachments/106201897/106364973.xlsx">sampleFormattingSlicer.xlsx&lt;/a> (application/vnd.openxmlformats-officedocument.spreadsheetml.sheet)&lt;br>
&lt;img src="https://docs2.aspose.com/cells/pythonjava/images/icons/bullet_blue.gif" alt=""> &lt;a href="https://docs2.aspose.com/cells/pythonjava/attachments/106201897/106364974.xlsx">sampleRenderingSlicer.xlsx&lt;/a> (application/vnd.openxmlformats-officedocument.spreadsheetml.sheet)&lt;br>
&lt;img src="https://docs2.aspose.com/cells/pythonjava/images/icons/bullet_blue.gif" alt=""> &lt;a href="https://docs2.aspose.com/cells/pythonjava/attachments/106201897/106364975.png">outputRenderingSlicer.png&lt;/a> (image/png)&lt;/p></description></item><item><title>Pythonjava: Updating Slicer</title><link>https://docs2.aspose.com/cells/pythonjava/developerguide/slicers/updating+slicer/</link><pubDate>Mon, 01 Jan 0001 00:00:00 +0000</pubDate><guid>https://docs2.aspose.com/cells/pythonjava/developerguide/slicers/updating+slicer/</guid><description>
&lt;p>Aspose.Cells for Python via Java : Updating Slicer&lt;/p>
&lt;h1 id="asposecells-for-python-via-java--updating-slicer">Aspose.Cells for Python via Java : Updating Slicer&lt;/h1>
&lt;p>
&lt;div class="card my-3 border-top-0 border-right-0 border-bottom-0 border-left border-primary rounded" style="border-width:4px !important;">
&lt;div class="wrap border border-left-0 rounded">
&lt;div class="card-header border-0 bg-white pl-3 text-primary">
&lt;h3>Contents Summary&lt;/h3>
&lt;/div>
&lt;div class="card-body pt-1">
&lt;ul>
&lt;li>1 &lt;a href="#updating-slicer">Updating Slicer&lt;/a>&lt;/li>
&lt;li>2 &lt;a href="#sample-code">Sample Code&lt;/a>&lt;/li>
&lt;/ul>
&lt;/div>
&lt;/div>
&lt;/div>
 &lt;/p>
&lt;h2 id="updating-slicer">Updating Slicer&lt;/h2>
&lt;p>Aspose.Cells for Python via Java supports updating slicers. For this, the API provides the Slicer.SlicerCache.SlicerCacheItems property that is used to select or unselect slicer items. The following code snippet loads the &lt;a href="https://docs2.aspose.com/cells/pythonjava/attachments/106202011/106365050.xlsx">sample Excel file&lt;/a> that contains a slicer.  It unselects the 2nd and 3rd items of the slicer and refreshes the slicer using the Slicer.refresh() method. It then saves the workbook as the &lt;a href="https://docs2.aspose.com/cells/pythonjava/attachments/106202011/106365051.xlsx">output Excel file&lt;/a>. The following screenshot shows the effect of the sample code on the sample Excel file. As you can see in the screenshot, refreshing the slicer with selected items has also refreshed the pivot table accordingly.&lt;/p>
&lt;p>&lt;img src="https://docs.aspose.com/download/attachments/66948428/Updating-Slicer-using-Aspose.Cells.png?version=1&amp;amp;modificationDate=1530428940536&amp;amp;api=v2" alt="">&lt;/p>
&lt;h2 id="sample-code">Sample Code&lt;/h2>
&lt;h2 id="attachments">Attachments:&lt;/h2>
&lt;p>&lt;img src="https://docs2.aspose.com/cells/pythonjava/images/icons/bullet_blue.gif" alt=""> &lt;a href="https://docs2.aspose.com/cells/pythonjava/attachments/106202011/106365046.png">outputRenderingSlicer.png&lt;/a> (image/png)&lt;br>
&lt;img src="https://docs2.aspose.com/cells/pythonjava/images/icons/bullet_blue.gif" alt=""> &lt;a href="https://docs2.aspose.com/cells/pythonjava/attachments/106202011/106365047.xlsx">sampleRenderingSlicer.xlsx&lt;/a> (application/vnd.openxmlformats-officedocument.spreadsheetml.sheet)&lt;br>
&lt;img src="https://docs2.aspose.com/cells/pythonjava/images/icons/bullet_blue.gif" alt=""> &lt;a href="https://docs2.aspose.com/cells/pythonjava/attachments/106202011/106365048.xlsx">sampleFormattingSlicer.xlsx&lt;/a> (application/vnd.openxmlformats-officedocument.spreadsheetml.sheet)&lt;br>
&lt;img src="https://docs2.aspose.com/cells/pythonjava/images/icons/bullet_blue.gif" alt=""> &lt;a href="https://docs2.aspose.com/cells/pythonjava/attachments/106202011/106365049.xlsx">outputFormattingSlicer.xlsx&lt;/a> (application/vnd.openxmlformats-officedocument.spreadsheetml.sheet)&lt;br>
&lt;img src="https://docs2.aspose.com/cells/pythonjava/images/icons/bullet_blue.gif" alt=""> &lt;a href="https://docs2.aspose.com/cells/pythonjava/attachments/106202011/106365050.xlsx">sampleUpdatingSlicer.xlsx&lt;/a> (application/vnd.openxmlformats-officedocument.spreadsheetml.sheet)&lt;br>
&lt;img src="https://docs2.aspose.com/cells/pythonjava/images/icons/bullet_blue.gif" alt=""> &lt;a href="https://docs2.aspose.com/cells/pythonjava/attachments/106202011/106365051.xlsx">outputUpdatingSlicer.xlsx&lt;/a> (application/vnd.openxmlformats-officedocument.spreadsheetml.sheet)&lt;/p></description></item></channel></rss>