<rss version="2.0" xmlns:atom="http://www.w3.org/2005/Atom"><channel><title>Documentation – Release Notes - 2013</title><link>https://docs2.aspose.com/cells/jasperreports/releasenotes/2013/</link><description>Recent content in Release Notes - 2013 on Documentation</description><generator>Hugo -- gohugo.io</generator><atom:link href="https://docs2.aspose.com/cells/jasperreports/releasenotes/2013/index.xml" rel="self" type="application/rss+xml"/><item><title>Jasperreports: Aspose.Cells for JasperReports 1.1.3 Release Notes</title><link>https://docs2.aspose.com/cells/jasperreports/releasenotes/2013/aspose.cells+for+jasperreports+1.1.3+release+notes/</link><pubDate>Mon, 01 Jan 0001 00:00:00 +0000</pubDate><guid>https://docs2.aspose.com/cells/jasperreports/releasenotes/2013/aspose.cells+for+jasperreports+1.1.3+release+notes/</guid><description>
&lt;p>Aspose.Cells for JasperReports : Aspose.Cells for JasperReports 1.1.3 Release Notes&lt;/p>
&lt;h1 id="asposecells-for-jasperreports--asposecells-for-jasperreports-113-release-notes">Aspose.Cells for JasperReports : Aspose.Cells for JasperReports 1.1.3 Release Notes&lt;/h1>
&lt;p>This page contains release notes for &lt;a href="http://www.aspose.com/downloads/cells/jasperreports/new-releases/aspose.cells-for-jasperreports-1.1.3/">Aspose.Cells for JasperReports 1.1.3&lt;/a>&lt;/p>
&lt;p>New Features&lt;/p>
&lt;p>40551 - Support&lt;/p></description></item></channel></rss>