<rss version="2.0" xmlns:atom="http://www.w3.org/2005/Atom"><channel><title>Documentation – Manipulate Pivot Table</title><link>https://docs2.aspose.com/cells/cpp/developerguide/pivottables/manipulate+pivot+table/</link><description>Recent content in Manipulate Pivot Table on Documentation</description><generator>Hugo -- gohugo.io</generator><atom:link href="https://docs2.aspose.com/cells/cpp/developerguide/pivottables/manipulate+pivot+table/index.xml" rel="self" type="application/rss+xml"/></channel></rss>