<rss version="2.0" xmlns:atom="http://www.w3.org/2005/Atom"><channel><title>Documentation – Release Notes - 2020</title><link>https://docs2.aspose.com/cells/reportingservices/releasenotes/2020/</link><description>Recent content in Release Notes - 2020 on Documentation</description><generator>Hugo -- gohugo.io</generator><atom:link href="https://docs2.aspose.com/cells/reportingservices/releasenotes/2020/index.xml" rel="self" type="application/rss+xml"/><item><title>Reportingservices: Aspose.Cells for Reporting Services 20.3 Release Notes</title><link>https://docs2.aspose.com/cells/reportingservices/releasenotes/2020/aspose.cells+for+reporting+services+20.3+release+notes/</link><pubDate>Mon, 01 Jan 0001 00:00:00 +0000</pubDate><guid>https://docs2.aspose.com/cells/reportingservices/releasenotes/2020/aspose.cells+for+reporting+services+20.3+release+notes/</guid><description>
&lt;p>Aspose.Cells for Reporting Services : Aspose.Cells for Reporting Services 20.3 Release Notes&lt;/p>
&lt;h1 id="asposecells-for-reporting-services--asposecells-for-reporting-services-203-release-notes">Aspose.Cells for Reporting Services : Aspose.Cells for Reporting Services 20.3 Release Notes&lt;/h1>
&lt;p>This page contains release notes for Aspose.Cells for Reporting Services 20.3.&lt;/p>
&lt;div class="table table-striped" role="alert">
&lt;table>
&lt;thead>
&lt;tr>
&lt;th align="left">Key&lt;/th>
&lt;th align="left">Summary&lt;/th>
&lt;th align="left">Category&lt;/th>
&lt;/tr>
&lt;/thead>
&lt;tbody>
&lt;tr>
&lt;td align="left">CELLSRS-556&lt;/td>
&lt;td align="left">Supports Microsoft Reporting Services 2019. &lt;/td>
&lt;td align="left">New Feature&lt;/td>
&lt;/tr>
&lt;tr>
&lt;td align="left">CELLSRS-568&lt;/td>
&lt;td align="left">Integrate Aspose.Cells for Reporting Services into Visual Studio 2017/2019. &lt;/td>
&lt;td align="left">New Feature&lt;/td>
&lt;/tr>
&lt;tr>
&lt;td align="left">CELLSRS-569&lt;/td>
&lt;td align="left">Upgrade Aspose.Cells.DLL to v20.2.4.&lt;/td>
&lt;td align="left">Improvement&lt;/td>
&lt;/tr>
&lt;/tbody>
&lt;/table>
&lt;/div></description></item><item><title>Reportingservices: Aspose.Cells for Reporting Services 20.1 Release Notes</title><link>https://docs2.aspose.com/cells/reportingservices/releasenotes/2020/aspose.cells+for+reporting+services+20.1+release+notes/</link><pubDate>Mon, 01 Jan 0001 00:00:00 +0000</pubDate><guid>https://docs2.aspose.com/cells/reportingservices/releasenotes/2020/aspose.cells+for+reporting+services+20.1+release+notes/</guid><description>
&lt;p>Aspose.Cells for Reporting Services : Aspose.Cells for Reporting Services 20.1 Release Notes&lt;/p>
&lt;h1 id="asposecells-for-reporting-services--asposecells-for-reporting-services-201-release-notes">Aspose.Cells for Reporting Services : Aspose.Cells for Reporting Services 20.1 Release Notes&lt;/h1>
&lt;p>This page contains release notes for Aspose.Cells for Reporting Services 20.1.&lt;/p>
&lt;div class="table table-striped" role="alert">
&lt;table>
&lt;thead>
&lt;tr>
&lt;th align="left">Key&lt;/th>
&lt;th align="left">Summary&lt;/th>
&lt;th align="left">Category&lt;/th>
&lt;/tr>
&lt;/thead>
&lt;tbody>
&lt;tr>
&lt;td align="left">CELLSRS-565&lt;/td>
&lt;td align="left">An issue with the Hebrew language in Aspose.Cells for Reporting Services.&lt;/td>
&lt;td align="left">New Feature&lt;/td>
&lt;/tr>
&lt;tr>
&lt;td align="left">CELLSRS-567&lt;/td>
&lt;td align="left">Update Aspose.Cells.DLL.&lt;/td>
&lt;td align="left">Task&lt;/td>
&lt;/tr>
&lt;tr>
&lt;td align="left">CELLSRS-564&lt;/td>
&lt;td align="left">Publishing Report failed.&lt;/td>
&lt;td align="left">Bug&lt;/td>
&lt;/tr>
&lt;/tbody>
&lt;/table>
&lt;/div></description></item></channel></rss>