<rss version="2.0" xmlns:atom="http://www.w3.org/2005/Atom"><channel><title>Documentation – Evaluate Aspose.Cells</title><link>https://docs2.aspose.com/cells/reportingservices/gettingstarted/evaluate+aspose.cells/</link><description>Recent content in Evaluate Aspose.Cells on Documentation</description><generator>Hugo -- gohugo.io</generator><atom:link href="https://docs2.aspose.com/cells/reportingservices/gettingstarted/evaluate+aspose.cells/index.xml" rel="self" type="application/rss+xml"/></channel></rss>