<rss version="2.0" xmlns:atom="http://www.w3.org/2005/Atom"><channel><title>Documentation – Create and Format Table</title><link>https://docs2.aspose.com/cells/cpp/developerguide/tables/create+and+format+table/</link><description>Recent content in Create and Format Table on Documentation</description><generator>Hugo -- gohugo.io</generator><atom:link href="https://docs2.aspose.com/cells/cpp/developerguide/tables/create+and+format+table/index.xml" rel="self" type="application/rss+xml"/></channel></rss>