<rss version="2.0" xmlns:atom="http://www.w3.org/2005/Atom"><channel><title>Documentation – Known Issue - Permissions to Personal Site Collections</title><link>https://docs2.aspose.com/cells/sharepoint/productinformation/install/known+issue+-+permissions+to+personal+site+collections/</link><description>Recent content in Known Issue - Permissions to Personal Site Collections on Documentation</description><generator>Hugo -- gohugo.io</generator><atom:link href="https://docs2.aspose.com/cells/sharepoint/productinformation/install/known+issue+-+permissions+to+personal+site+collections/index.xml" rel="self" type="application/rss+xml"/></channel></rss>