<rss version="2.0" xmlns:atom="http://www.w3.org/2005/Atom"><channel><title>Documentation – Aspose.Cells Reporting Services 1.0.0.0 New Release Release Notes</title><link>https://docs2.aspose.com/cells/reportingservices/releasenotes/2007/aspose.cells+reporting+services+1.0.0.0+new+release+release+notes/</link><description>Recent content in Aspose.Cells Reporting Services 1.0.0.0 New Release Release Notes on Documentation</description><generator>Hugo -- gohugo.io</generator><atom:link href="https://docs2.aspose.com/cells/reportingservices/releasenotes/2007/aspose.cells+reporting+services+1.0.0.0+new+release+release+notes/index.xml" rel="self" type="application/rss+xml"/></channel></rss>