<rss version="2.0" xmlns:atom="http://www.w3.org/2005/Atom"><channel><title>Documentation – Adding Reporting Services Formulas</title><link>https://docs2.aspose.com/cells/reportingservices/userguide/creatingtabularreport/adding+reporting+services+formulas/</link><description>Recent content in Adding Reporting Services Formulas on Documentation</description><generator>Hugo -- gohugo.io</generator><atom:link href="https://docs2.aspose.com/cells/reportingservices/userguide/creatingtabularreport/adding+reporting+services+formulas/index.xml" rel="self" type="application/rss+xml"/></channel></rss>