<rss version="2.0" xmlns:atom="http://www.w3.org/2005/Atom"><channel><title>Documentation – Charts</title><link>https://docs2.aspose.com/cells/cpp/developerguide/charts/</link><description>Recent content in Charts on Documentation</description><generator>Hugo -- gohugo.io</generator><atom:link href="https://docs2.aspose.com/cells/cpp/developerguide/charts/index.xml" rel="self" type="application/rss+xml"/><item><title>Cpp: Creating and Customizing Charts</title><link>https://docs2.aspose.com/cells/cpp/developerguide/charts/creating+and+customizing+charts/</link><pubDate>Mon, 01 Jan 0001 00:00:00 +0000</pubDate><guid>https://docs2.aspose.com/cells/cpp/developerguide/charts/creating+and+customizing+charts/</guid><description>
&lt;p>Aspose.Cells for C++ : Creating and Customizing Charts&lt;/p>
&lt;h1 id="asposecells-for-c--creating-and-customizing-charts">Aspose.Cells for C++ : Creating and Customizing Charts&lt;/h1>
&lt;p>
&lt;div class="card my-3 border-top-0 border-right-0 border-bottom-0 border-left border-primary rounded" style="border-width:4px !important;">
&lt;div class="wrap border border-left-0 rounded">
&lt;div class="card-header border-0 bg-white pl-3 text-primary">
&lt;h3>Contents Summary&lt;/h3>
&lt;/div>
&lt;div class="card-body pt-1">
&lt;ul>
&lt;li>1 &lt;a href="#possible-usage-scenarios">Possible Usage Scenarios&lt;/a>&lt;/li>
&lt;li>2 &lt;a href="#pyramid-chart">Pyramid Chart&lt;/a>&lt;/li>
&lt;li>3 &lt;a href="#line-chart">Line Chart&lt;/a>&lt;/li>
&lt;li>4 &lt;a href="#bubble-chart">Bubble Chart&lt;/a>&lt;/li>
&lt;li>5 &lt;a href="#creating-custom-charts">Creating Custom Charts&lt;/a>&lt;/li>
&lt;/ul>
&lt;/div>
&lt;/div>
&lt;/div>
 &lt;/p>
&lt;h2 id="possible-usage-scenarios">Possible Usage Scenarios&lt;/h2>
&lt;p>A chart is a visual display of information. Aspose.Cells allows developers to visualize information in charts just as Microsoft Excel does. Presenting information in charts is always helpful to decision-makers for making quick and timely decisions. It&amp;rsquo;s easier to quickly see comparisons, patterns, and trends in data with charts rather than raw numbers. Creating charts at runtime, based on the data in a spreadsheet, is one of Aspose.Cells&amp;rsquo; useful feature. Aspose.Cells supports creating both Standard and Customized charts. Below, we will show a few examples with sample files on how to create some common MS-Excel chart types using Aspose.Cells API.&lt;/p>
&lt;h2 id="pyramid-chart">Pyramid Chart&lt;/h2>
&lt;p>When the example code is executed, a pyramid chart is added to the worksheet. Please see the &lt;a href="https://docs2.aspose.com/cells/cpp/attachments/66257135/66519068.xlsx">output Excel file&lt;/a> of the following sample code.&lt;/p>
&lt;h2 id="line-chart">Line Chart&lt;/h2>
&lt;p>In the above example, simply changing the &lt;a href="https://apireference.aspose.com/cpp/cells/namespace/aspose.cells.charts/#a2f17e69bcefc754569019185d0621b70">ChartType&lt;/a> to &lt;a href="https://apireference.aspose.com/cpp/cells/namespace/aspose.cells.charts/#a2f17e69bcefc754569019185d0621b70ad12ff1561ab1424a0c3095b6dc07ac25">ChartType_Line&lt;/a> creates a line chart. The complete source is provided below. when the code is executed, a line chart is added to the worksheet. Please see the &lt;a href="https://docs2.aspose.com/cells/cpp/attachments/66257135/66519069.xlsx">output Excel file&lt;/a> of the following sample code.&lt;/p>
&lt;h2 id="bubble-chart">Bubble Chart&lt;/h2>
&lt;p>In order to create a bubble chart, the &lt;a href="https://apireference.aspose.com/cpp/cells/namespace/aspose.cells.charts/#a2f17e69bcefc754569019185d0621b70">ChartType&lt;/a> has to be set to &lt;a href="https://apireference.aspose.com/cpp/cells/namespace/aspose.cells.charts/#a2f17e69bcefc754569019185d0621b70a5efa533b454f9415e4497dbb2ab28b3d">ChartType_Bubble&lt;/a> and few extra properties such as &lt;a href="https://apireference.aspose.com/cpp/cells/class/aspose.cells.charts.i_series/#a00cf890ba7ab419d31a522ab52b02e9d">SetBubbleSizes&lt;/a> &amp;amp; &lt;a href="https://apireference.aspose.com/cpp/cells/class/aspose.cells.charts.i_series/#a788ff4aa51dbf9bed5327298af93a6db">SetXValues&lt;/a> need to be set accordingly. Upon executing the following code, a bubble chart is added to the worksheet. Please see the &lt;a href="https://docs2.aspose.com/cells/cpp/attachments/66257135/66519070.xlsx">output Excel file&lt;/a> of the following sample code.&lt;/p>
&lt;h2 id="creating-custom-charts">Creating Custom Charts&lt;/h2>
&lt;p>So far, when we&amp;rsquo;ve discussed charts, we&amp;rsquo;ve looked at standard charts that have their own standard formatting settings. We only define the data source, set a few properties and the chart is created with its default format settings. But Aspose.Cells APIs also supports creating custom charts that allow developers to create charts with their own format settings. Developers can create custom charts at run-time using Aspose.Cells. &lt;/p>
&lt;p>A chart is composed of a data series. When creating a custom chart, developers have the freedom to use different types of charts for different data series.&lt;/p>
&lt;p>The example code below demonstrates how to create custom charts. In this example, we are going to use a column chart for the first data series and a line chart for the second series. The result is that we add a column chart, combined with a line chart, to the worksheet. Please see the &lt;a href="https://docs2.aspose.com/cells/cpp/attachments/66257135/66519071.xlsx">output Excel file&lt;/a> of the following sample code.&lt;/p>
&lt;h2 id="attachments">Attachments:&lt;/h2>
&lt;p>&lt;img src="https://docs2.aspose.com/cells/cpp/images/icons/bullet_blue.gif" alt=""> &lt;a href="https://docs2.aspose.com/cells/cpp/attachments/66257135/66519068.xlsx">outputChartTypePyramid.xlsx&lt;/a> (application/vnd.openxmlformats-officedocument.spreadsheetml.sheet)&lt;br>
&lt;img src="https://docs2.aspose.com/cells/cpp/images/icons/bullet_blue.gif" alt=""> &lt;a href="https://docs2.aspose.com/cells/cpp/attachments/66257135/66519069.xlsx">outputChartTypeLine.xlsx&lt;/a> (application/vnd.openxmlformats-officedocument.spreadsheetml.sheet)&lt;br>
&lt;img src="https://docs2.aspose.com/cells/cpp/images/icons/bullet_blue.gif" alt=""> &lt;a href="https://docs2.aspose.com/cells/cpp/attachments/66257135/66519070.xlsx">outputChartTypeBubble.xlsx&lt;/a> (application/vnd.openxmlformats-officedocument.spreadsheetml.sheet)&lt;br>
&lt;img src="https://docs2.aspose.com/cells/cpp/images/icons/bullet_blue.gif" alt=""> &lt;a href="https://docs2.aspose.com/cells/cpp/attachments/66257135/66519071.xlsx">outputChartTypeCustom.xlsx&lt;/a> (application/vnd.openxmlformats-officedocument.spreadsheetml.sheet)&lt;/p></description></item><item><title>Cpp: Read and Manipulate Excel 2016 Charts</title><link>https://docs2.aspose.com/cells/cpp/developerguide/charts/read+and+manipulate+excel+2016+charts/</link><pubDate>Mon, 01 Jan 0001 00:00:00 +0000</pubDate><guid>https://docs2.aspose.com/cells/cpp/developerguide/charts/read+and+manipulate+excel+2016+charts/</guid><description>
&lt;p>Aspose.Cells for C++ : Read and Manipulate Excel 2016 Charts&lt;/p>
&lt;h1 id="asposecells-for-c--read-and-manipulate-excel-2016-charts">Aspose.Cells for C++ : Read and Manipulate Excel 2016 Charts&lt;/h1>
&lt;p>
&lt;div class="card my-3 border-top-0 border-right-0 border-bottom-0 border-left border-primary rounded" style="border-width:4px !important;">
&lt;div class="wrap border border-left-0 rounded">
&lt;div class="card-header border-0 bg-white pl-3 text-primary">
&lt;h3>Contents Summary&lt;/h3>
&lt;/div>
&lt;div class="card-body pt-1">
&lt;ul>
&lt;li>1 &lt;a href="#possible-usage-scenarios">Possible Usage Scenarios&lt;/a>&lt;/li>
&lt;li>2 &lt;a href="#read-and-manipulate-excel-2016-charts">Read and Manipulate Excel 2016 Charts&lt;/a>&lt;/li>
&lt;li>3 &lt;a href="#sample-code">Sample Code&lt;/a>&lt;/li>
&lt;li>4 &lt;a href="#console-output">Console Output&lt;/a>&lt;/li>
&lt;/ul>
&lt;/div>
&lt;/div>
&lt;/div>
 &lt;/p>
&lt;h2 id="possible-usage-scenarios">Possible Usage Scenarios&lt;/h2>
&lt;p>Aspose.Cells supports the reading and manipulation of Microsoft Excel 2016 charts which are not present in Microsoft Excel 2013 or earlier versions.&lt;/p>
&lt;h2 id="read-and-manipulate-excel-2016-charts">Read and Manipulate Excel 2016 Charts&lt;/h2>
&lt;p>The following sample code loads the &lt;a href="https://docs2.aspose.com/cells/cpp/attachments/66257152/66519072.xlsx">sample Excel file&lt;/a> which contains Excel 2016 charts in the first worksheet. It reads all charts one by one and changes its title as per its chart type. The following screenshot shows the sample Excel file before the execution of the code. As you can see, the chart title is the same for all charts.&lt;/p>
&lt;p>&lt;img src="https://docs2.aspose.com/cells/cpp/attachments/66257152/66519082.png" alt="">&lt;/p>
&lt;p>The following screenshot shows the &lt;a href="https://docs2.aspose.com/cells/cpp/attachments/66257152/66519073.xlsx">output Excel file&lt;/a> after the execution of code. As you can see, the chart title is changed as per its chart type.&lt;/p>
&lt;p>&lt;img src="https://docs2.aspose.com/cells/cpp/attachments/66257152/66519083.png" alt="">&lt;/p>
&lt;h2 id="sample-code">Sample Code&lt;/h2>
&lt;h2 id="console-output">Console Output&lt;/h2>
&lt;p>Here is the console output of the above sample code when executed with the provided sample Excel file.&lt;/p>
&lt;div class="position-relative">
&lt;div class="position-absolute" style="right:0;">
&lt;button class="btn btn-light" data-clipboard-target="#clipboard_a7991d3caf">
Copy
&lt;/button>
&lt;/div>
&lt;div id="clipboard_a7991d3caf">
&lt;div class="highlight">&lt;pre style="background-color:#f8f8f8;-moz-tab-size:4;-o-tab-size:4;tab-size:4">&lt;code class="language-cs" data-lang="cs">
&lt;span style="color:#000">Waterfall&lt;/span>
&lt;span style="color:#000">Treemap&lt;/span>
&lt;span style="color:#000">Sunburst&lt;/span>
&lt;span style="color:#000">Histogram&lt;/span>
&lt;span style="color:#000">BoxWhisker&lt;/span>
&lt;/code>&lt;/pre>&lt;/div>
&lt;/div>
&lt;/div>
&lt;h2 id="attachments">Attachments:&lt;/h2>
&lt;p>&lt;img src="https://docs2.aspose.com/cells/cpp/images/icons/bullet_blue.gif" alt=""> &lt;a href="https://docs2.aspose.com/cells/cpp/attachments/66257152/66519073.xlsx">outputReadAndManipulateExcel2016Charts.xlsx&lt;/a> (application/vnd.openxmlformats-officedocument.spreadsheetml.sheet)&lt;br>
&lt;img src="https://docs2.aspose.com/cells/cpp/images/icons/bullet_blue.gif" alt=""> &lt;a href="https://docs2.aspose.com/cells/cpp/attachments/66257152/66519072.xlsx">sampleReadAndManipulateExcel2016Charts.xlsx&lt;/a> (application/vnd.openxmlformats-officedocument.spreadsheetml.sheet)&lt;br>
&lt;img src="https://docs2.aspose.com/cells/cpp/images/icons/bullet_blue.gif" alt=""> &lt;a href="https://docs2.aspose.com/cells/cpp/attachments/66257152/66519082.png">excel-2016-charts.png&lt;/a> (image/png)&lt;br>
&lt;img src="https://docs2.aspose.com/cells/cpp/images/icons/bullet_blue.gif" alt=""> &lt;a href="https://docs2.aspose.com/cells/cpp/attachments/66257152/66519083.png">output-excel-2016-charts.png&lt;/a> (image/png)&lt;/p></description></item><item><title>Cpp: Chart Rendering</title><link>https://docs2.aspose.com/cells/cpp/developerguide/charts/chart+rendering/</link><pubDate>Mon, 01 Jan 0001 00:00:00 +0000</pubDate><guid>https://docs2.aspose.com/cells/cpp/developerguide/charts/chart+rendering/</guid><description>
&lt;p>Aspose.Cells for C++ : Chart Rendering&lt;/p>
&lt;h1 id="asposecells-for-c--chart-rendering">Aspose.Cells for C++ : Chart Rendering&lt;/h1>
&lt;p>
&lt;div class="card my-3 border-top-0 border-right-0 border-bottom-0 border-left border-primary rounded" style="border-width:4px !important;">
&lt;div class="wrap border border-left-0 rounded">
&lt;div class="card-header border-0 bg-white pl-3 text-primary">
&lt;h3>Contents Summary&lt;/h3>
&lt;/div>
&lt;div class="card-body pt-1">
&lt;ul>
&lt;li>1 &lt;a href="#creating-charts">Creating Charts&lt;/a>&lt;/li>
&lt;li>2 &lt;a href="#rendering-charts">Rendering Charts&lt;/a>
&lt;ul>
&lt;li>2.1 &lt;a href="#rendering-charts-to-images">Rendering Charts to Images&lt;/a>&lt;/li>
&lt;li>2.2 &lt;a href="#rendering-chart-to-pdf">Rendering Chart to PDF&lt;/a>&lt;/li>
&lt;/ul>
&lt;/li>
&lt;li>3 &lt;a href="#supported-chart-types-for-rendering">Supported Chart Types for Rendering&lt;/a>&lt;/li>
&lt;/ul>
&lt;/div>
&lt;/div>
&lt;/div>
 &lt;/p>
&lt;h2 id="creating-charts">Creating Charts&lt;/h2>
&lt;p>Aspose.Cells APIs support to create a verity of Excel charts as detailed under the topic &lt;a href="http://www.aspose.com/docs/display/cellscpp/Creating+and+Customizing+Charts">Creating &amp;amp; Customizing Excel Charts&lt;/a>. In order to demonstrate the usage of Aspose.Cells APIs to render the charts in image &amp;amp; PDF format, we will create a chart of type Column as per following snippet.&lt;/p>
&lt;div class="position-relative">
&lt;div class="position-absolute" style="right:0;">
&lt;button class="btn btn-light" data-clipboard-target="#clipboard_6b8a1868db">
Copy
&lt;/button>
&lt;/div>
&lt;div id="clipboard_6b8a1868db">
&lt;div class="highlight">&lt;pre style="background-color:#f8f8f8;-moz-tab-size:4;-o-tab-size:4;tab-size:4">&lt;code class="language-cs" data-lang="cs">
&lt;span style="color:#8f5902;font-style:italic">// Create a new workbook
&lt;/span>&lt;span style="color:#8f5902;font-style:italic">&lt;/span> &lt;span style="color:#000">intrusive_ptr&lt;/span>&lt;span style="color:#000;font-weight:bold">&amp;lt;&lt;/span>&lt;span style="color:#000">IWorkbook&lt;/span>&lt;span style="color:#000;font-weight:bold">&amp;gt;&lt;/span> &lt;span style="color:#000">workbook&lt;/span> &lt;span style="color:#000;font-weight:bold">=&lt;/span> &lt;span style="color:#000">Factory&lt;/span>&lt;span style="color:#000;font-weight:bold">::&lt;/span>&lt;span style="color:#000">CreateIWorkbook&lt;/span>&lt;span style="color:#000;font-weight:bold">();&lt;/span>
&lt;span style="color:#8f5902;font-style:italic">// Get first worksheet which is created by default
&lt;/span>&lt;span style="color:#8f5902;font-style:italic">&lt;/span> &lt;span style="color:#000">intrusive_ptr&lt;/span>&lt;span style="color:#000;font-weight:bold">&amp;lt;&lt;/span>&lt;span style="color:#000">IWorksheet&lt;/span>&lt;span style="color:#000;font-weight:bold">&amp;gt;&lt;/span> &lt;span style="color:#000">worksheet&lt;/span> &lt;span style="color:#000;font-weight:bold">=&lt;/span> &lt;span style="color:#000">workbook&lt;/span>&lt;span style="color:#000;font-weight:bold">-&amp;gt;&lt;/span>&lt;span style="color:#000">GetIWorksheets&lt;/span>&lt;span style="color:#000;font-weight:bold">()-&amp;gt;&lt;/span>&lt;span style="color:#000">GetObjectByIndex&lt;/span>&lt;span style="color:#000;font-weight:bold">(&lt;/span>&lt;span style="color:#0000cf;font-weight:bold">0&lt;/span>&lt;span style="color:#000;font-weight:bold">);&lt;/span>
&lt;span style="color:#8f5902;font-style:italic">// Adding sample values to cells
&lt;/span>&lt;span style="color:#8f5902;font-style:italic">&lt;/span> &lt;span style="color:#000">worksheet&lt;/span>&lt;span style="color:#000;font-weight:bold">-&amp;gt;&lt;/span>&lt;span style="color:#000">GetICells&lt;/span>&lt;span style="color:#000;font-weight:bold">()-&amp;gt;&lt;/span>&lt;span style="color:#000">GetObjectByIndex&lt;/span>&lt;span style="color:#000;font-weight:bold">(&lt;/span>&lt;span style="color:#204a87;font-weight:bold">new&lt;/span> &lt;span style="color:#000">String&lt;/span>&lt;span style="color:#000;font-weight:bold">(&lt;/span>&lt;span style="color:#4e9a06">&amp;#34;A1&amp;#34;&lt;/span>&lt;span style="color:#000;font-weight:bold">))-&amp;gt;&lt;/span>&lt;span style="color:#000">PutValue&lt;/span>&lt;span style="color:#000;font-weight:bold">(&lt;/span>&lt;span style="color:#0000cf;font-weight:bold">50&lt;/span>&lt;span style="color:#000;font-weight:bold">);&lt;/span>
&lt;span style="color:#000">worksheet&lt;/span>&lt;span style="color:#000;font-weight:bold">-&amp;gt;&lt;/span>&lt;span style="color:#000">GetICells&lt;/span>&lt;span style="color:#000;font-weight:bold">()-&amp;gt;&lt;/span>&lt;span style="color:#000">GetObjectByIndex&lt;/span>&lt;span style="color:#000;font-weight:bold">(&lt;/span>&lt;span style="color:#204a87;font-weight:bold">new&lt;/span> &lt;span style="color:#000">String&lt;/span>&lt;span style="color:#000;font-weight:bold">(&lt;/span>&lt;span style="color:#4e9a06">&amp;#34;A2&amp;#34;&lt;/span>&lt;span style="color:#000;font-weight:bold">))-&amp;gt;&lt;/span>&lt;span style="color:#000">PutValue&lt;/span>&lt;span style="color:#000;font-weight:bold">(&lt;/span>&lt;span style="color:#0000cf;font-weight:bold">100&lt;/span>&lt;span style="color:#000;font-weight:bold">);&lt;/span>
&lt;span style="color:#000">worksheet&lt;/span>&lt;span style="color:#000;font-weight:bold">-&amp;gt;&lt;/span>&lt;span style="color:#000">GetICells&lt;/span>&lt;span style="color:#000;font-weight:bold">()-&amp;gt;&lt;/span>&lt;span style="color:#000">GetObjectByIndex&lt;/span>&lt;span style="color:#000;font-weight:bold">(&lt;/span>&lt;span style="color:#204a87;font-weight:bold">new&lt;/span> &lt;span style="color:#000">String&lt;/span>&lt;span style="color:#000;font-weight:bold">(&lt;/span>&lt;span style="color:#4e9a06">&amp;#34;A3&amp;#34;&lt;/span>&lt;span style="color:#000;font-weight:bold">))-&amp;gt;&lt;/span>&lt;span style="color:#000">PutValue&lt;/span>&lt;span style="color:#000;font-weight:bold">(&lt;/span>&lt;span style="color:#0000cf;font-weight:bold">150&lt;/span>&lt;span style="color:#000;font-weight:bold">);&lt;/span>
&lt;span style="color:#000">worksheet&lt;/span>&lt;span style="color:#000;font-weight:bold">-&amp;gt;&lt;/span>&lt;span style="color:#000">GetICells&lt;/span>&lt;span style="color:#000;font-weight:bold">()-&amp;gt;&lt;/span>&lt;span style="color:#000">GetObjectByIndex&lt;/span>&lt;span style="color:#000;font-weight:bold">(&lt;/span>&lt;span style="color:#204a87;font-weight:bold">new&lt;/span> &lt;span style="color:#000">String&lt;/span>&lt;span style="color:#000;font-weight:bold">(&lt;/span>&lt;span style="color:#4e9a06">&amp;#34;B1&amp;#34;&lt;/span>&lt;span style="color:#000;font-weight:bold">))-&amp;gt;&lt;/span>&lt;span style="color:#000">PutValue&lt;/span>&lt;span style="color:#000;font-weight:bold">(&lt;/span>&lt;span style="color:#0000cf;font-weight:bold">4&lt;/span>&lt;span style="color:#000;font-weight:bold">);&lt;/span>
&lt;span style="color:#000">worksheet&lt;/span>&lt;span style="color:#000;font-weight:bold">-&amp;gt;&lt;/span>&lt;span style="color:#000">GetICells&lt;/span>&lt;span style="color:#000;font-weight:bold">()-&amp;gt;&lt;/span>&lt;span style="color:#000">GetObjectByIndex&lt;/span>&lt;span style="color:#000;font-weight:bold">(&lt;/span>&lt;span style="color:#204a87;font-weight:bold">new&lt;/span> &lt;span style="color:#000">String&lt;/span>&lt;span style="color:#000;font-weight:bold">(&lt;/span>&lt;span style="color:#4e9a06">&amp;#34;B2&amp;#34;&lt;/span>&lt;span style="color:#000;font-weight:bold">))-&amp;gt;&lt;/span>&lt;span style="color:#000">PutValue&lt;/span>&lt;span style="color:#000;font-weight:bold">(&lt;/span>&lt;span style="color:#0000cf;font-weight:bold">20&lt;/span>&lt;span style="color:#000;font-weight:bold">);&lt;/span>
&lt;span style="color:#000">worksheet&lt;/span>&lt;span style="color:#000;font-weight:bold">-&amp;gt;&lt;/span>&lt;span style="color:#000">GetICells&lt;/span>&lt;span style="color:#000;font-weight:bold">()-&amp;gt;&lt;/span>&lt;span style="color:#000">GetObjectByIndex&lt;/span>&lt;span style="color:#000;font-weight:bold">(&lt;/span>&lt;span style="color:#204a87;font-weight:bold">new&lt;/span> &lt;span style="color:#000">String&lt;/span>&lt;span style="color:#000;font-weight:bold">(&lt;/span>&lt;span style="color:#4e9a06">&amp;#34;B3&amp;#34;&lt;/span>&lt;span style="color:#000;font-weight:bold">))-&amp;gt;&lt;/span>&lt;span style="color:#000">PutValue&lt;/span>&lt;span style="color:#000;font-weight:bold">(&lt;/span>&lt;span style="color:#0000cf;font-weight:bold">50&lt;/span>&lt;span style="color:#000;font-weight:bold">);&lt;/span>
&lt;span style="color:#8f5902;font-style:italic">// Adding a chart to the worksheet
&lt;/span>&lt;span style="color:#8f5902;font-style:italic">&lt;/span> &lt;span style="color:#204a87;font-weight:bold">int&lt;/span> &lt;span style="color:#000">chartIndex&lt;/span> &lt;span style="color:#000;font-weight:bold">=&lt;/span> &lt;span style="color:#000">worksheet&lt;/span>&lt;span style="color:#000;font-weight:bold">-&amp;gt;&lt;/span>&lt;span style="color:#000">GetICharts&lt;/span>&lt;span style="color:#000;font-weight:bold">()-&amp;gt;&lt;/span>&lt;span style="color:#000">Add&lt;/span>&lt;span style="color:#000;font-weight:bold">(&lt;/span>&lt;span style="color:#000">Aspose&lt;/span>&lt;span style="color:#000;font-weight:bold">::&lt;/span>&lt;span style="color:#000">Cells&lt;/span>&lt;span style="color:#000;font-weight:bold">::&lt;/span>&lt;span style="color:#000">Charts&lt;/span>&lt;span style="color:#000;font-weight:bold">::&lt;/span>&lt;span style="color:#000">ChartType&lt;/span>&lt;span style="color:#000;font-weight:bold">::&lt;/span>&lt;span style="color:#000">ChartType_Column&lt;/span>&lt;span style="color:#000;font-weight:bold">,&lt;/span> &lt;span style="color:#0000cf;font-weight:bold">5&lt;/span>&lt;span style="color:#000;font-weight:bold">,&lt;/span> &lt;span style="color:#0000cf;font-weight:bold">0&lt;/span>&lt;span style="color:#000;font-weight:bold">,&lt;/span> &lt;span style="color:#0000cf;font-weight:bold">20&lt;/span>&lt;span style="color:#000;font-weight:bold">,&lt;/span> &lt;span style="color:#0000cf;font-weight:bold">8&lt;/span>&lt;span style="color:#000;font-weight:bold">);&lt;/span>
&lt;span style="color:#8f5902;font-style:italic">// Accessing the instance of the newly added chart
&lt;/span>&lt;span style="color:#8f5902;font-style:italic">&lt;/span> &lt;span style="color:#000">intrusive_ptr&lt;/span>&lt;span style="color:#000;font-weight:bold">&amp;lt;&lt;/span>&lt;span style="color:#000">Aspose&lt;/span>&lt;span style="color:#000;font-weight:bold">::&lt;/span>&lt;span style="color:#000">Cells&lt;/span>&lt;span style="color:#000;font-weight:bold">::&lt;/span>&lt;span style="color:#000">Charts&lt;/span>&lt;span style="color:#000;font-weight:bold">::&lt;/span>&lt;span style="color:#000">IChart&lt;/span>&lt;span style="color:#000;font-weight:bold">&amp;gt;&lt;/span> &lt;span style="color:#000">chart&lt;/span> &lt;span style="color:#000;font-weight:bold">=&lt;/span> &lt;span style="color:#000">worksheet&lt;/span>&lt;span style="color:#000;font-weight:bold">-&amp;gt;&lt;/span>&lt;span style="color:#000">GetICharts&lt;/span>&lt;span style="color:#000;font-weight:bold">()-&amp;gt;&lt;/span>&lt;span style="color:#000">GetObjectByIndex&lt;/span>&lt;span style="color:#000;font-weight:bold">(&lt;/span>&lt;span style="color:#000">chartIndex&lt;/span>&lt;span style="color:#000;font-weight:bold">);&lt;/span>
&lt;span style="color:#8f5902;font-style:italic">// Adding SeriesCollection (chart data source) to the chart ranging from &amp;#34;A1&amp;#34; cell to &amp;#34;B3&amp;#34;
&lt;/span>&lt;span style="color:#8f5902;font-style:italic">&lt;/span> &lt;span style="color:#000">chart&lt;/span>&lt;span style="color:#000;font-weight:bold">-&amp;gt;&lt;/span>&lt;span style="color:#000">GetNISeries&lt;/span>&lt;span style="color:#000;font-weight:bold">()-&amp;gt;&lt;/span>&lt;span style="color:#000">Add&lt;/span>&lt;span style="color:#000;font-weight:bold">(&lt;/span>&lt;span style="color:#204a87;font-weight:bold">new&lt;/span> &lt;span style="color:#000">String&lt;/span>&lt;span style="color:#000;font-weight:bold">(&lt;/span>&lt;span style="color:#4e9a06">&amp;#34;A1:B3&amp;#34;&lt;/span>&lt;span style="color:#000;font-weight:bold">),&lt;/span> &lt;span style="color:#204a87;font-weight:bold">true&lt;/span>&lt;span style="color:#000;font-weight:bold">);&lt;/span>
&lt;/code>&lt;/pre>&lt;/div>
&lt;/div>
&lt;/div>
&lt;h2 id="rendering-charts">Rendering Charts&lt;/h2>
&lt;p>Aspose.Cells APIs support to convert the Excel Charts to images and PDF formats without requiring any additional tools or applications. In order to provide the rendering support, the &lt;code>Chart&lt;/code> class has exposed T&lt;code>oImage&lt;/code> &amp;amp; T&lt;code>oPdf&lt;/code> methods with a verity of overloads to best suit the application requirements.&lt;/p>
&lt;h4 id="rendering-charts-to-images">Rendering Charts to Images&lt;/h4>
&lt;p>The &lt;code>Chart.toImage&lt;/code> method has a verity of overloads to support simple as well as advanced rendering. If the application requirement is to render the chart in its default dimensions, we suggest you to use the &lt;code>Chart.toImage&lt;/code> method as follow.&lt;/p>
&lt;div class="position-relative">
&lt;div class="position-absolute" style="right:0;">
&lt;button class="btn btn-light" data-clipboard-target="#clipboard_49f8a7d4b9">
Copy
&lt;/button>
&lt;/div>
&lt;div id="clipboard_49f8a7d4b9">
&lt;div class="highlight">&lt;pre style="background-color:#f8f8f8;-moz-tab-size:4;-o-tab-size:4;tab-size:4">&lt;code class="language-cs" data-lang="cs">
&lt;span style="color:#8f5902;font-style:italic">// Output directory path
&lt;/span>&lt;span style="color:#8f5902;font-style:italic">&lt;/span>&lt;span style="color:#000">StringPtr&lt;/span> &lt;span style="color:#000">outDir&lt;/span> &lt;span style="color:#000;font-weight:bold">=&lt;/span> &lt;span style="color:#204a87;font-weight:bold">new&lt;/span> &lt;span style="color:#000">String&lt;/span>&lt;span style="color:#000;font-weight:bold">(&lt;/span>&lt;span style="color:#4e9a06">&amp;#34;..\\Data\\02_OutputDirectory\\&amp;#34;&lt;/span>&lt;span style="color:#000;font-weight:bold">);&lt;/span>
&lt;span style="color:#8f5902;font-style:italic">// Path of output image file
&lt;/span>&lt;span style="color:#8f5902;font-style:italic">&lt;/span>&lt;span style="color:#000">StringPtr&lt;/span> &lt;span style="color:#000">outputChartImage&lt;/span> &lt;span style="color:#000;font-weight:bold">=&lt;/span> &lt;span style="color:#000">outDir&lt;/span>&lt;span style="color:#000;font-weight:bold">-&amp;gt;&lt;/span>&lt;span style="color:#000">StringAppend&lt;/span>&lt;span style="color:#000;font-weight:bold">(&lt;/span>&lt;span style="color:#204a87;font-weight:bold">new&lt;/span> &lt;span style="color:#000">String&lt;/span>&lt;span style="color:#000;font-weight:bold">(&lt;/span>&lt;span style="color:#4e9a06">&amp;#34;out1image.png&amp;#34;&lt;/span>&lt;span style="color:#000;font-weight:bold">));&lt;/span>
&lt;span style="color:#8f5902;font-style:italic">// Saving the chart to image file
&lt;/span>&lt;span style="color:#8f5902;font-style:italic">&lt;/span>&lt;span style="color:#000">chart&lt;/span>&lt;span style="color:#000;font-weight:bold">-&amp;gt;&lt;/span>&lt;span style="color:#000">ToImage&lt;/span>&lt;span style="color:#000;font-weight:bold">(&lt;/span>&lt;span style="color:#000">outputChartImage&lt;/span>&lt;span style="color:#000;font-weight:bold">,&lt;/span> &lt;span style="color:#000">Aspose&lt;/span>&lt;span style="color:#000;font-weight:bold">::&lt;/span>&lt;span style="color:#000">Cells&lt;/span>&lt;span style="color:#000;font-weight:bold">::&lt;/span>&lt;span style="color:#000">System&lt;/span>&lt;span style="color:#000;font-weight:bold">::&lt;/span>&lt;span style="color:#000">Drawing&lt;/span>&lt;span style="color:#000;font-weight:bold">::&lt;/span>&lt;span style="color:#000">Imaging&lt;/span>&lt;span style="color:#000;font-weight:bold">::&lt;/span>&lt;span style="color:#000">ImageFormat&lt;/span>&lt;span style="color:#000;font-weight:bold">::&lt;/span>&lt;span style="color:#000">GetPng&lt;/span>&lt;span style="color:#000;font-weight:bold">());&lt;/span>
&lt;/code>&lt;/pre>&lt;/div>
&lt;/div>
&lt;/div>
&lt;h4 id="rendering-chart-to-pdf">Rendering Chart to PDF&lt;/h4>
&lt;p>In order to render the chart to PDF format, the Aspose.Cells APIs have exposed the Chart.ToPdf method with ability to store the resultant PDF on disc path or Stream.&lt;/p>
&lt;div class="position-relative">
&lt;div class="position-absolute" style="right:0;">
&lt;button class="btn btn-light" data-clipboard-target="#clipboard_c89a2c9bf2">
Copy
&lt;/button>
&lt;/div>
&lt;div id="clipboard_c89a2c9bf2">
&lt;div class="highlight">&lt;pre style="background-color:#f8f8f8;-moz-tab-size:4;-o-tab-size:4;tab-size:4">&lt;code class="language-cs" data-lang="cs">
&lt;span style="color:#8f5902;font-style:italic">// Path of output pdf file
&lt;/span>&lt;span style="color:#8f5902;font-style:italic">&lt;/span>&lt;span style="color:#000">StringPtr&lt;/span> &lt;span style="color:#000">outputPdfFile&lt;/span> &lt;span style="color:#000;font-weight:bold">=&lt;/span> &lt;span style="color:#000">outDir&lt;/span>&lt;span style="color:#000;font-weight:bold">-&amp;gt;&lt;/span>&lt;span style="color:#000">StringAppend&lt;/span>&lt;span style="color:#000;font-weight:bold">(&lt;/span>&lt;span style="color:#204a87;font-weight:bold">new&lt;/span> &lt;span style="color:#000">String&lt;/span>&lt;span style="color:#000;font-weight:bold">(&lt;/span>&lt;span style="color:#4e9a06">&amp;#34;out1pdf.pdf&amp;#34;&lt;/span>&lt;span style="color:#000;font-weight:bold">));&lt;/span>
&lt;span style="color:#8f5902;font-style:italic">// Saving chart to PDF
&lt;/span>&lt;span style="color:#8f5902;font-style:italic">&lt;/span>&lt;span style="color:#000">chart&lt;/span>&lt;span style="color:#000;font-weight:bold">-&amp;gt;&lt;/span>&lt;span style="color:#000">ToPdf&lt;/span>&lt;span style="color:#000;font-weight:bold">(&lt;/span>&lt;span style="color:#000">outputPdfFile&lt;/span>&lt;span style="color:#000;font-weight:bold">);&lt;/span>
&lt;/code>&lt;/pre>&lt;/div>
&lt;/div>
&lt;/div>
&lt;h2 id="supported-chart-types-for-rendering">Supported Chart Types for Rendering&lt;/h2>
&lt;p>There are a few chart types that are currently not supported for rendering. Such chart types contain &lt;strong>N&lt;/strong> in the &lt;strong>Supported&lt;/strong> column of below table.&lt;/p>
&lt;div class="table table-striped" role="alert">
&lt;table>
&lt;thead>
&lt;tr>
&lt;th align="left">Chart type&lt;/th>
&lt;th align="left">Chart sub-type&lt;/th>
&lt;th align="left">Supported&lt;/th>
&lt;/tr>
&lt;/thead>
&lt;tbody>
&lt;tr>
&lt;td align="left">Column&lt;/td>
&lt;td align="left">Column&lt;/td>
&lt;td align="left">&lt;strong>Y&lt;/strong>&lt;/td>
&lt;/tr>
&lt;tr>
&lt;td align="left">&lt;/td>
&lt;td align="left">ColumnStacked&lt;/td>
&lt;td align="left">&lt;strong>Y&lt;/strong>&lt;/td>
&lt;/tr>
&lt;tr>
&lt;td align="left">&lt;/td>
&lt;td align="left">Column100PercentStacked&lt;/td>
&lt;td align="left">&lt;strong>Y&lt;/strong>&lt;/td>
&lt;/tr>
&lt;tr>
&lt;td align="left">&lt;/td>
&lt;td align="left">Column3DClustered&lt;/td>
&lt;td align="left">&lt;strong>Y&lt;/strong>&lt;/td>
&lt;/tr>
&lt;tr>
&lt;td align="left">&lt;/td>
&lt;td align="left">Column3DStacked&lt;/td>
&lt;td align="left">&lt;strong>Y&lt;/strong>&lt;/td>
&lt;/tr>
&lt;tr>
&lt;td align="left">&lt;/td>
&lt;td align="left">Column3D100PercentStacked&lt;/td>
&lt;td align="left">&lt;strong>Y&lt;/strong>&lt;/td>
&lt;/tr>
&lt;tr>
&lt;td align="left">&lt;/td>
&lt;td align="left">Column3D&lt;/td>
&lt;td align="left">&lt;strong>Y&lt;/strong>&lt;/td>
&lt;/tr>
&lt;tr>
&lt;td align="left">Bar&lt;/td>
&lt;td align="left">Bar&lt;/td>
&lt;td align="left">&lt;strong>Y&lt;/strong>&lt;/td>
&lt;/tr>
&lt;tr>
&lt;td align="left">&lt;/td>
&lt;td align="left">BarStacked&lt;/td>
&lt;td align="left">&lt;strong>Y&lt;/strong>&lt;/td>
&lt;/tr>
&lt;tr>
&lt;td align="left">&lt;/td>
&lt;td align="left">Bar100PercentStacked&lt;/td>
&lt;td align="left">&lt;strong>Y&lt;/strong>&lt;/td>
&lt;/tr>
&lt;tr>
&lt;td align="left">&lt;/td>
&lt;td align="left">Bar3DClustered&lt;/td>
&lt;td align="left">&lt;strong>Y&lt;/strong>&lt;/td>
&lt;/tr>
&lt;tr>
&lt;td align="left">&lt;/td>
&lt;td align="left">Bar3DStacked&lt;/td>
&lt;td align="left">&lt;strong>Y&lt;/strong>&lt;/td>
&lt;/tr>
&lt;tr>
&lt;td align="left">&lt;/td>
&lt;td align="left">Bar3D100PercentStacked&lt;/td>
&lt;td align="left">&lt;strong>Y&lt;/strong>&lt;/td>
&lt;/tr>
&lt;tr>
&lt;td align="left">Line&lt;/td>
&lt;td align="left">Line&lt;/td>
&lt;td align="left">&lt;strong>Y&lt;/strong>&lt;/td>
&lt;/tr>
&lt;tr>
&lt;td align="left">&lt;/td>
&lt;td align="left">LineStacked&lt;/td>
&lt;td align="left">&lt;strong>Y&lt;/strong>&lt;/td>
&lt;/tr>
&lt;tr>
&lt;td align="left">&lt;/td>
&lt;td align="left">Line100PercentStacked&lt;/td>
&lt;td align="left">&lt;strong>Y&lt;/strong>&lt;/td>
&lt;/tr>
&lt;tr>
&lt;td align="left">&lt;/td>
&lt;td align="left">LineWithDataMarkers&lt;/td>
&lt;td align="left">&lt;strong>Y&lt;/strong>&lt;/td>
&lt;/tr>
&lt;tr>
&lt;td align="left">&lt;/td>
&lt;td align="left">LineStackedWithDataMarkers&lt;/td>
&lt;td align="left">&lt;strong>Y&lt;/strong>&lt;/td>
&lt;/tr>
&lt;tr>
&lt;td align="left">&lt;/td>
&lt;td align="left">Line100PercentStackedWithDataMarkers&lt;/td>
&lt;td align="left">&lt;strong>Y&lt;/strong>&lt;/td>
&lt;/tr>
&lt;tr>
&lt;td align="left">&lt;/td>
&lt;td align="left">Line3D&lt;/td>
&lt;td align="left">&lt;strong>Y&lt;/strong>&lt;/td>
&lt;/tr>
&lt;tr>
&lt;td align="left">Pie&lt;/td>
&lt;td align="left">Pie&lt;/td>
&lt;td align="left">&lt;strong>Y&lt;/strong>&lt;/td>
&lt;/tr>
&lt;tr>
&lt;td align="left">&lt;/td>
&lt;td align="left">Pie3D&lt;/td>
&lt;td align="left">&lt;strong>Y&lt;/strong>&lt;/td>
&lt;/tr>
&lt;tr>
&lt;td align="left">&lt;/td>
&lt;td align="left">PiePie&lt;/td>
&lt;td align="left">&lt;strong>Y&lt;/strong>&lt;/td>
&lt;/tr>
&lt;tr>
&lt;td align="left">&lt;/td>
&lt;td align="left">PieExploded&lt;/td>
&lt;td align="left">&lt;strong>Y&lt;/strong>&lt;/td>
&lt;/tr>
&lt;tr>
&lt;td align="left">&lt;/td>
&lt;td align="left">Pie3DExploded&lt;/td>
&lt;td align="left">&lt;strong>Y&lt;/strong>&lt;/td>
&lt;/tr>
&lt;tr>
&lt;td align="left">&lt;/td>
&lt;td align="left">PieBar&lt;/td>
&lt;td align="left">&lt;strong>Y&lt;/strong>&lt;/td>
&lt;/tr>
&lt;tr>
&lt;td align="left">Scatter&lt;/td>
&lt;td align="left">Scatter&lt;/td>
&lt;td align="left">&lt;strong>Y&lt;/strong>&lt;/td>
&lt;/tr>
&lt;tr>
&lt;td align="left">&lt;/td>
&lt;td align="left">ScatterConnectedByCurvesWithDataMarker&lt;/td>
&lt;td align="left">&lt;strong>Y&lt;/strong>&lt;/td>
&lt;/tr>
&lt;tr>
&lt;td align="left">&lt;/td>
&lt;td align="left">ScatterConnectedByCurvesWithoutDataMarker&lt;/td>
&lt;td align="left">&lt;strong>Y&lt;/strong>&lt;/td>
&lt;/tr>
&lt;tr>
&lt;td align="left">&lt;/td>
&lt;td align="left">ScatterConnectedByLinesWithDataMarker&lt;/td>
&lt;td align="left">&lt;strong>Y&lt;/strong>&lt;/td>
&lt;/tr>
&lt;tr>
&lt;td align="left">&lt;/td>
&lt;td align="left">ScatterConnectedByLinesWithoutDataMarker&lt;/td>
&lt;td align="left">&lt;strong>Y&lt;/strong>&lt;/td>
&lt;/tr>
&lt;tr>
&lt;td align="left">Area&lt;/td>
&lt;td align="left">Area&lt;/td>
&lt;td align="left">&lt;strong>Y&lt;/strong>&lt;/td>
&lt;/tr>
&lt;tr>
&lt;td align="left">&lt;/td>
&lt;td align="left">AreaStacked&lt;/td>
&lt;td align="left">&lt;strong>Y&lt;/strong>&lt;/td>
&lt;/tr>
&lt;tr>
&lt;td align="left">&lt;/td>
&lt;td align="left">Area100PercentStacked&lt;/td>
&lt;td align="left">&lt;strong>Y&lt;/strong>&lt;/td>
&lt;/tr>
&lt;tr>
&lt;td align="left">&lt;/td>
&lt;td align="left">Area3D&lt;/td>
&lt;td align="left">&lt;strong>Y&lt;/strong>&lt;/td>
&lt;/tr>
&lt;tr>
&lt;td align="left">&lt;/td>
&lt;td align="left">Area3DStacked&lt;/td>
&lt;td align="left">&lt;strong>Y&lt;/strong>&lt;/td>
&lt;/tr>
&lt;tr>
&lt;td align="left">&lt;/td>
&lt;td align="left">Area3D100PercentStacked&lt;/td>
&lt;td align="left">&lt;strong>Y&lt;/strong>&lt;/td>
&lt;/tr>
&lt;tr>
&lt;td align="left">Doughnut&lt;/td>
&lt;td align="left">Doughnut&lt;/td>
&lt;td align="left">&lt;strong>Y&lt;/strong>&lt;/td>
&lt;/tr>
&lt;tr>
&lt;td align="left">&lt;/td>
&lt;td align="left">DoughnutExploded&lt;/td>
&lt;td align="left">&lt;strong>Y&lt;/strong>&lt;/td>
&lt;/tr>
&lt;tr>
&lt;td align="left">Radar&lt;/td>
&lt;td align="left">Radar&lt;/td>
&lt;td align="left">&lt;strong>Y&lt;/strong>&lt;/td>
&lt;/tr>
&lt;tr>
&lt;td align="left">&lt;/td>
&lt;td align="left">RadarWithDataMarkers&lt;/td>
&lt;td align="left">&lt;strong>Y&lt;/strong>&lt;/td>
&lt;/tr>
&lt;tr>
&lt;td align="left">&lt;/td>
&lt;td align="left">RadarFilled&lt;/td>
&lt;td align="left">&lt;strong>Y&lt;/strong>&lt;/td>
&lt;/tr>
&lt;tr>
&lt;td align="left">Surface&lt;/td>
&lt;td align="left">Surface3D&lt;/td>
&lt;td align="left">N&lt;/td>
&lt;/tr>
&lt;tr>
&lt;td align="left">&lt;/td>
&lt;td align="left">SurfaceWireframe3D&lt;/td>
&lt;td align="left">N&lt;/td>
&lt;/tr>
&lt;tr>
&lt;td align="left">&lt;/td>
&lt;td align="left">SurfaceContour&lt;/td>
&lt;td align="left">N&lt;/td>
&lt;/tr>
&lt;tr>
&lt;td align="left">&lt;/td>
&lt;td align="left">SurfaceContourWireframe&lt;/td>
&lt;td align="left">N&lt;/td>
&lt;/tr>
&lt;tr>
&lt;td align="left">Bubble&lt;/td>
&lt;td align="left">Bubble&lt;/td>
&lt;td align="left">&lt;strong>Y&lt;/strong>&lt;/td>
&lt;/tr>
&lt;tr>
&lt;td align="left">&lt;/td>
&lt;td align="left">Bubble3D&lt;/td>
&lt;td align="left">N&lt;/td>
&lt;/tr>
&lt;tr>
&lt;td align="left">Stock&lt;/td>
&lt;td align="left">StockHighLowClose&lt;/td>
&lt;td align="left">&lt;strong>Y&lt;/strong>&lt;/td>
&lt;/tr>
&lt;tr>
&lt;td align="left">&lt;/td>
&lt;td align="left">StockOpenHighLowClose&lt;/td>
&lt;td align="left">&lt;strong>Y&lt;/strong>&lt;/td>
&lt;/tr>
&lt;tr>
&lt;td align="left">&lt;/td>
&lt;td align="left">StockVolumeHighLowClose&lt;/td>
&lt;td align="left">&lt;strong>Y&lt;/strong>&lt;/td>
&lt;/tr>
&lt;tr>
&lt;td align="left">&lt;/td>
&lt;td align="left">StockVolumeOpenHighLowClose&lt;/td>
&lt;td align="left">&lt;strong>Y&lt;/strong>&lt;/td>
&lt;/tr>
&lt;tr>
&lt;td align="left">Cylinder&lt;/td>
&lt;td align="left">Cylinder&lt;/td>
&lt;td align="left">&lt;strong>Y&lt;/strong>&lt;/td>
&lt;/tr>
&lt;tr>
&lt;td align="left">&lt;/td>
&lt;td align="left">CylinderStacked&lt;/td>
&lt;td align="left">&lt;strong>Y&lt;/strong>&lt;/td>
&lt;/tr>
&lt;tr>
&lt;td align="left">&lt;/td>
&lt;td align="left">Cylinder100PercentStacked&lt;/td>
&lt;td align="left">&lt;strong>Y&lt;/strong>&lt;/td>
&lt;/tr>
&lt;tr>
&lt;td align="left">&lt;/td>
&lt;td align="left">CylindricalBar&lt;/td>
&lt;td align="left">&lt;strong>Y&lt;/strong>&lt;/td>
&lt;/tr>
&lt;tr>
&lt;td align="left">&lt;/td>
&lt;td align="left">CylindricalBarStacked&lt;/td>
&lt;td align="left">&lt;strong>Y&lt;/strong>&lt;/td>
&lt;/tr>
&lt;tr>
&lt;td align="left">&lt;/td>
&lt;td align="left">CylindricalBar100PercentStacked&lt;/td>
&lt;td align="left">&lt;strong>Y&lt;/strong>&lt;/td>
&lt;/tr>
&lt;tr>
&lt;td align="left">&lt;/td>
&lt;td align="left">CylindricalColumn3D&lt;/td>
&lt;td align="left">&lt;strong>Y&lt;/strong>&lt;/td>
&lt;/tr>
&lt;tr>
&lt;td align="left">Cone&lt;/td>
&lt;td align="left">Cone&lt;/td>
&lt;td align="left">&lt;strong>Y&lt;/strong>&lt;/td>
&lt;/tr>
&lt;tr>
&lt;td align="left">&lt;/td>
&lt;td align="left">ConeStacked&lt;/td>
&lt;td align="left">&lt;strong>Y&lt;/strong>&lt;/td>
&lt;/tr>
&lt;tr>
&lt;td align="left">&lt;/td>
&lt;td align="left">Cone100PercentStacked&lt;/td>
&lt;td align="left">&lt;strong>Y&lt;/strong>&lt;/td>
&lt;/tr>
&lt;tr>
&lt;td align="left">&lt;/td>
&lt;td align="left">ConicalBar&lt;/td>
&lt;td align="left">&lt;strong>Y&lt;/strong>&lt;/td>
&lt;/tr>
&lt;tr>
&lt;td align="left">&lt;/td>
&lt;td align="left">ConicalBarStacked&lt;/td>
&lt;td align="left">&lt;strong>Y&lt;/strong>&lt;/td>
&lt;/tr>
&lt;tr>
&lt;td align="left">&lt;/td>
&lt;td align="left">ConicalBar100PercentStacked&lt;/td>
&lt;td align="left">&lt;strong>Y&lt;/strong>&lt;/td>
&lt;/tr>
&lt;tr>
&lt;td align="left">&lt;/td>
&lt;td align="left">ConicalColumn3D&lt;/td>
&lt;td align="left">&lt;strong>Y&lt;/strong>&lt;/td>
&lt;/tr>
&lt;tr>
&lt;td align="left">Pyramid&lt;/td>
&lt;td align="left">Pyramid&lt;/td>
&lt;td align="left">&lt;strong>Y&lt;/strong>&lt;/td>
&lt;/tr>
&lt;tr>
&lt;td align="left">&lt;/td>
&lt;td align="left">PyramidStacked&lt;/td>
&lt;td align="left">&lt;strong>Y&lt;/strong>&lt;/td>
&lt;/tr>
&lt;tr>
&lt;td align="left">&lt;/td>
&lt;td align="left">Pyramid100PercentStacked&lt;/td>
&lt;td align="left">&lt;strong>Y&lt;/strong>&lt;/td>
&lt;/tr>
&lt;tr>
&lt;td align="left">&lt;/td>
&lt;td align="left">PyramidBar&lt;/td>
&lt;td align="left">&lt;strong>Y&lt;/strong>&lt;/td>
&lt;/tr>
&lt;tr>
&lt;td align="left">&lt;/td>
&lt;td align="left">PyramidBarStacked&lt;/td>
&lt;td align="left">&lt;strong>Y&lt;/strong>&lt;/td>
&lt;/tr>
&lt;tr>
&lt;td align="left">&lt;/td>
&lt;td align="left">PyramidBar100PercentStacked&lt;/td>
&lt;td align="left">&lt;strong>Y&lt;/strong>&lt;/td>
&lt;/tr>
&lt;tr>
&lt;td align="left">&lt;/td>
&lt;td align="left">PyramidColumn3D&lt;/td>
&lt;td align="left">&lt;strong>Y&lt;/strong>&lt;/td>
&lt;/tr>
&lt;/tbody>
&lt;/table>
&lt;/div></description></item></channel></rss>