<rss version="2.0" xmlns:atom="http://www.w3.org/2005/Atom"><channel><title>Documentation – Aspose.Cells for SharePoint - Use and Benefits</title><link>https://docs2.aspose.com/cells/sharepoint/technicalarticles/aspose.cells+for+sharepoint+-+use+and+benefits/</link><description>Recent content in Aspose.Cells for SharePoint - Use and Benefits on Documentation</description><generator>Hugo -- gohugo.io</generator><atom:link href="https://docs2.aspose.com/cells/sharepoint/technicalarticles/aspose.cells+for+sharepoint+-+use+and+benefits/index.xml" rel="self" type="application/rss+xml"/></channel></rss>