<rss version="2.0" xmlns:atom="http://www.w3.org/2005/Atom"><channel><title>Documentation – Runtime Error 429</title><link>https://docs2.aspose.com/cells/reportingservices/faqs/clientissues/runtime+error+429/</link><description>Recent content in Runtime Error 429 on Documentation</description><generator>Hugo -- gohugo.io</generator><atom:link href="https://docs2.aspose.com/cells/reportingservices/faqs/clientissues/runtime+error+429/index.xml" rel="self" type="application/rss+xml"/></channel></rss>