<rss version="2.0" xmlns:atom="http://www.w3.org/2005/Atom"><channel><title>Documentation – Advanced Formula Calculation</title><link>https://docs2.aspose.com/cells/reportingservices/gettingstarted/features/advanced+formula+calculation/</link><description>Recent content in Advanced Formula Calculation on Documentation</description><generator>Hugo -- gohugo.io</generator><atom:link href="https://docs2.aspose.com/cells/reportingservices/gettingstarted/features/advanced+formula+calculation/index.xml" rel="self" type="application/rss+xml"/></channel></rss>