<rss version="2.0" xmlns:atom="http://www.w3.org/2005/Atom"><channel><title>Documentation – Group Rows and Columns of Worksheet</title><link>https://docs2.aspose.com/cells/cpp/developerguide/technicalarticles/group+rows+and+columns+of+worksheet/</link><description>Recent content in Group Rows and Columns of Worksheet on Documentation</description><generator>Hugo -- gohugo.io</generator><atom:link href="https://docs2.aspose.com/cells/cpp/developerguide/technicalarticles/group+rows+and+columns+of+worksheet/index.xml" rel="self" type="application/rss+xml"/></channel></rss>