<rss version="2.0" xmlns:atom="http://www.w3.org/2005/Atom"><channel><title>Documentation – Release Notes - 2018</title><link>https://docs2.aspose.com/cells/reportingservices/releasenotes/2018/</link><description>Recent content in Release Notes - 2018 on Documentation</description><generator>Hugo -- gohugo.io</generator><atom:link href="https://docs2.aspose.com/cells/reportingservices/releasenotes/2018/index.xml" rel="self" type="application/rss+xml"/><item><title>Reportingservices: Aspose.Cells for Reporting Services 18.11 Release Notes</title><link>https://docs2.aspose.com/cells/reportingservices/releasenotes/2018/aspose.cells+for+reporting+services+18.11+release+notes/</link><pubDate>Mon, 01 Jan 0001 00:00:00 +0000</pubDate><guid>https://docs2.aspose.com/cells/reportingservices/releasenotes/2018/aspose.cells+for+reporting+services+18.11+release+notes/</guid><description>
&lt;p>Aspose.Cells for Reporting Services : Aspose.Cells for Reporting Services 18.11 Release Notes&lt;/p>
&lt;h1 id="asposecells-for-reporting-services--asposecells-for-reporting-services-1811-release-notes">Aspose.Cells for Reporting Services : Aspose.Cells for Reporting Services 18.11 Release Notes&lt;/h1>
&lt;p>This page contains release notes for Aspose.Cells for Reporting Services 18.11.&lt;/p>
&lt;div class="table table-striped" role="alert">
&lt;table>
&lt;thead>
&lt;tr>
&lt;th align="left">Key&lt;/th>
&lt;th align="left">Summary&lt;/th>
&lt;th align="left">Category&lt;/th>
&lt;/tr>
&lt;/thead>
&lt;tbody>
&lt;tr>
&lt;td align="left">CELLSRS-521&lt;/td>
&lt;td align="left">Use SSRS LookUp function with Aspose.Cells for Reporting Services&lt;/td>
&lt;td align="left">New Feature&lt;/td>
&lt;/tr>
&lt;tr>
&lt;td align="left">CELLSRS-528&lt;/td>
&lt;td align="left">Collapse or expand Pivot Table fields in Aspose.Cells for Reporting Services&lt;/td>
&lt;td align="left">New Feature&lt;/td>
&lt;/tr>
&lt;tr>
&lt;td align="left">CELLSRS-528&lt;/td>
&lt;td align="left">Support performing Minus calculations in Aspose.Cells for Reporting Services&lt;/td>
&lt;td align="left">New Feature&lt;/td>
&lt;/tr>
&lt;tr>
&lt;td align="left">CELLSRS-534&lt;/td>
&lt;td align="left">Make Aspose.Cells for Reporting Services compatible with SSRS 2017&lt;/td>
&lt;td align="left">New Feature&lt;/td>
&lt;/tr>
&lt;tr>
&lt;td align="left">CELLSRS-520&lt;/td>
&lt;td align="left">Publishing failed when template contains Excel formulas&lt;/td>
&lt;td align="left">Bug&lt;/td>
&lt;/tr>
&lt;tr>
&lt;td align="left">CELLSRS-522&lt;/td>
&lt;td align="left">SUM in SQL code gives empty cells&lt;/td>
&lt;td align="left">Bug&lt;/td>
&lt;/tr>
&lt;tr>
&lt;td align="left">CELLSRS-523&lt;/td>
&lt;td align="left">Possible combinations of formula calculation not working properly&lt;/td>
&lt;td align="left">Bug&lt;/td>
&lt;/tr>
&lt;tr>
&lt;td align="left">CELLSRS-525&lt;/td>
&lt;td align="left">Using Skip row Smart Marker in Aspose.Cells for Reporting Services&lt;/td>
&lt;td align="left">Bug&lt;/td>
&lt;/tr>
&lt;tr>
&lt;td align="left">CELLSRS-526&lt;/td>
&lt;td align="left">Display collapsed SUM and expand to see Detail using ##group tag&lt;/td>
&lt;td align="left">Bug&lt;/td>
&lt;/tr>
&lt;tr>
&lt;td align="left">CELLSRS-527&lt;/td>
&lt;td align="left">Total line is no longer appearing in MS Excel export&lt;/td>
&lt;td align="left">Bug&lt;/td>
&lt;/tr>
&lt;tr>
&lt;td align="left">CELLSRS-533&lt;/td>
&lt;td align="left">Failing to create Tablix&lt;/td>
&lt;td align="left">Bug&lt;/td>
&lt;/tr>
&lt;tr>
&lt;td align="left">CELLSRS-535&lt;/td>
&lt;td align="left">Match MS Excel format to XML output&lt;/td>
&lt;td align="left">Bug&lt;/td>
&lt;/tr>
&lt;tr>
&lt;td align="left">CELLSRS-537&lt;/td>
&lt;td align="left">Installation failed using Aspose.Cells for Reporting Services on SQL Server 2016&lt;/td>
&lt;td align="left">Bug&lt;/td>
&lt;/tr>
&lt;/tbody>
&lt;/table>
&lt;/div></description></item><item><title>Reportingservices: Aspose.Cells for Reporting Services 18.2 Release Notes</title><link>https://docs2.aspose.com/cells/reportingservices/releasenotes/2018/aspose.cells+for+reporting+services+18.2+release+notes/</link><pubDate>Mon, 01 Jan 0001 00:00:00 +0000</pubDate><guid>https://docs2.aspose.com/cells/reportingservices/releasenotes/2018/aspose.cells+for+reporting+services+18.2+release+notes/</guid><description>
&lt;p>Aspose.Cells for Reporting Services : Aspose.Cells for Reporting Services 18.2 Release Notes&lt;/p>
&lt;h1 id="asposecells-for-reporting-services--asposecells-for-reporting-services-182-release-notes">Aspose.Cells for Reporting Services : Aspose.Cells for Reporting Services 18.2 Release Notes&lt;/h1>
&lt;p>This page contains release notes for Aspose.Cells for Reporting Services 18.2.&lt;/p>
&lt;div class="table table-striped" role="alert">
&lt;table>
&lt;thead>
&lt;tr>
&lt;th align="left">Key&lt;/th>
&lt;th align="left">Summary&lt;/th>
&lt;th align="left">Category&lt;/th>
&lt;/tr>
&lt;/thead>
&lt;tbody>
&lt;tr>
&lt;td align="left">CELLSRS-519&lt;/td>
&lt;td align="left">Invoke MS Excel printing format using Aspose.Cells for Reporting Services&lt;/td>
&lt;td align="left">New Feature&lt;/td>
&lt;/tr>
&lt;tr>
&lt;td align="left">CELLSRS-514&lt;/td>
&lt;td align="left">ACTXT does not get the desired result for Tab Delimited Text file&lt;/td>
&lt;td align="left">Bug&lt;/td>
&lt;/tr>
&lt;tr>
&lt;td align="left">CELLSRS-515&lt;/td>
&lt;td align="left">When exported to CSV or TXT - it includes an additional space between the value and the percentage sign&lt;/td>
&lt;td align="left">Bug&lt;/td>
&lt;/tr>
&lt;tr>
&lt;td align="left">CELLSRS-516&lt;/td>
&lt;td align="left">Badly formatted report rendered which is more like a CSV file instead of ACTXT&lt;/td>
&lt;td align="left">Bug&lt;/td>
&lt;/tr>
&lt;tr>
&lt;td align="left">CELLSRS-517&lt;/td>
&lt;td align="left">Aspose.Cells for Reporting Services - Multiple issues found in evaluation version&lt;/td>
&lt;td align="left">Bug&lt;/td>
&lt;/tr>
&lt;/tbody>
&lt;/table>
&lt;/div></description></item></channel></rss>