<rss version="2.0" xmlns:atom="http://www.w3.org/2005/Atom"><channel><title>Documentation – Hide Overlaid Content while converting Excel to HTML</title><link>https://docs2.aspose.com/cells/pythonjava/developerguide/tables/hide+overlaid+content+while+converting+excel+to+html/</link><description>Recent content in Hide Overlaid Content while converting Excel to HTML on Documentation</description><generator>Hugo -- gohugo.io</generator><atom:link href="https://docs2.aspose.com/cells/pythonjava/developerguide/tables/hide+overlaid+content+while+converting+excel+to+html/index.xml" rel="self" type="application/rss+xml"/></channel></rss>