<rss version="2.0" xmlns:atom="http://www.w3.org/2005/Atom"><channel><title>Documentation – Convert Excel Workbook to PDF</title><link>https://docs2.aspose.com/cells/cpp/developerguide/ld-sv-cvt/convert+excel+workbook+to+pdf/</link><description>Recent content in Convert Excel Workbook to PDF on Documentation</description><generator>Hugo -- gohugo.io</generator><atom:link href="https://docs2.aspose.com/cells/cpp/developerguide/ld-sv-cvt/convert+excel+workbook+to+pdf/index.xml" rel="self" type="application/rss+xml"/></channel></rss>