<rss version="2.0" xmlns:atom="http://www.w3.org/2005/Atom"><channel><title>Documentation – Using Data Sources and Queries Created in Visual Studio</title><link>https://docs2.aspose.com/cells/reportingservices/userguide/datasourcesandqueries/using+data+sources+and+queries+created+in+visual+studio/</link><description>Recent content in Using Data Sources and Queries Created in Visual Studio on Documentation</description><generator>Hugo -- gohugo.io</generator><atom:link href="https://docs2.aspose.com/cells/reportingservices/userguide/datasourcesandqueries/using+data+sources+and+queries+created+in+visual+studio/index.xml" rel="self" type="application/rss+xml"/></channel></rss>