<rss version="2.0" xmlns:atom="http://www.w3.org/2005/Atom"><channel><title>Documentation – Converting Worksheet to Different Image Formats</title><link>https://docs2.aspose.com/cells/cpp/developerguide/ld-sv-cvt/converting+worksheet+to+different+image+formats/</link><description>Recent content in Converting Worksheet to Different Image Formats on Documentation</description><generator>Hugo -- gohugo.io</generator><atom:link href="https://docs2.aspose.com/cells/cpp/developerguide/ld-sv-cvt/converting+worksheet+to+different+image+formats/index.xml" rel="self" type="application/rss+xml"/></channel></rss>