<rss version="2.0" xmlns:atom="http://www.w3.org/2005/Atom"><channel><title>Documentation – Add Sub Report Item</title><link>https://docs2.aspose.com/cells/reportingservices/userguide/subreport/add+sub+report+item/</link><description>Recent content in Add Sub Report Item on Documentation</description><generator>Hugo -- gohugo.io</generator><atom:link href="https://docs2.aspose.com/cells/reportingservices/userguide/subreport/add+sub+report+item/index.xml" rel="self" type="application/rss+xml"/></channel></rss>