<rss version="2.0" xmlns:atom="http://www.w3.org/2005/Atom"><channel><title>Documentation – Release Notes - 2011</title><link>https://docs2.aspose.com/cells/sharepoint/releasenotes/2011/</link><description>Recent content in Release Notes - 2011 on Documentation</description><generator>Hugo -- gohugo.io</generator><atom:link href="https://docs2.aspose.com/cells/sharepoint/releasenotes/2011/index.xml" rel="self" type="application/rss+xml"/><item><title>Sharepoint: Aspose.Cells for SharePoint 2.0.1 Release Notes</title><link>https://docs2.aspose.com/cells/sharepoint/releasenotes/2011/aspose.cells+for+sharepoint+2.0.1+release+notes/</link><pubDate>Mon, 01 Jan 0001 00:00:00 +0000</pubDate><guid>https://docs2.aspose.com/cells/sharepoint/releasenotes/2011/aspose.cells+for+sharepoint+2.0.1+release+notes/</guid><description>
&lt;p>Aspose.Cells for SharePoint : Aspose.Cells for SharePoint 2.0.1 Release Notes&lt;/p>
&lt;h1 id="asposecells-for-sharepoint--asposecells-for-sharepoint-201-release-notes">Aspose.Cells for SharePoint : Aspose.Cells for SharePoint 2.0.1 Release Notes&lt;/h1>
&lt;p>This page contains release notes for &lt;a href="http://www.aspose.com/downloads/cells/sharepoint/new-releases/aspose.cells-for-sharepoint-2.0.1/">Aspose.Cells for SharePoint 2.0.1&lt;/a>&lt;/p>
&lt;p>What&amp;rsquo;s new:&lt;/p></description></item><item><title>Sharepoint: Aspose.Cells for SharePoint 2.0.2 Release Notes</title><link>https://docs2.aspose.com/cells/sharepoint/releasenotes/2011/aspose.cells+for+sharepoint+2.0.2+release+notes/</link><pubDate>Mon, 01 Jan 0001 00:00:00 +0000</pubDate><guid>https://docs2.aspose.com/cells/sharepoint/releasenotes/2011/aspose.cells+for+sharepoint+2.0.2+release+notes/</guid><description>
&lt;p>Aspose.Cells for SharePoint : Aspose.Cells for SharePoint 2.0.2 Release Notes&lt;/p>
&lt;h1 id="asposecells-for-sharepoint--asposecells-for-sharepoint-202-release-notes">Aspose.Cells for SharePoint : Aspose.Cells for SharePoint 2.0.2 Release Notes&lt;/h1>
&lt;p>This page contains release notes for &lt;a href="http://www.aspose.com/downloads/cells/sharepoint/new-releases/aspose.cells-for-sharepoint-2.0.2/">Aspose.Cells for SharePoint 2.0.2&lt;/a>&lt;/p>
&lt;p>We are happy to announce Aspose.Cells for SharePoint v2.0.2!&lt;/p>
&lt;p>Enhancements&lt;/p>
&lt;p>   Enhancements are made for shapes rendering in the PDF conversion &lt;/p></description></item></channel></rss>