<rss version="2.0" xmlns:atom="http://www.w3.org/2005/Atom"><channel><title>Documentation – New Features</title><link>https://docs2.aspose.com/cells/reportingservices/newfeatures/</link><description>Recent content in New Features on Documentation</description><generator>Hugo -- gohugo.io</generator><atom:link href="https://docs2.aspose.com/cells/reportingservices/newfeatures/index.xml" rel="self" type="application/rss+xml"/><item><title>Reportingservices: Composite Markers</title><link>https://docs2.aspose.com/cells/reportingservices/newfeatures/composite+markers/</link><pubDate>Mon, 01 Jan 0001 00:00:00 +0000</pubDate><guid>https://docs2.aspose.com/cells/reportingservices/newfeatures/composite+markers/</guid><description>
&lt;p>Aspose.Cells for Reporting Services : Composite Markers&lt;/p>
&lt;h1 id="asposecells-for-reporting-services--composite-markers">Aspose.Cells for Reporting Services : Composite Markers&lt;/h1>
&lt;p>We have introduced the Composite Markers feature. Now, the user can join markers together as a composite marker by making use of concatenating char i.e., “&amp;amp;”. For example, &lt;em>&amp;amp;= Parameters!ReportYear.Value &amp;amp; &amp;ldquo;-&amp;rdquo; &amp;amp;Parameters!ReportMonth.Value  &amp;amp;&amp;rdquo; Sales Report&amp;rdquo;&lt;/em>. The marker consists of two Parameter markers and two static text markers.&lt;/p></description></item><item><title>Reportingservices: Sub-reports</title><link>https://docs2.aspose.com/cells/reportingservices/newfeatures/sub-reports/</link><pubDate>Mon, 01 Jan 0001 00:00:00 +0000</pubDate><guid>https://docs2.aspose.com/cells/reportingservices/newfeatures/sub-reports/</guid><description>
&lt;p>Aspose.Cells for Reporting Services : Sub-reports&lt;/p>
&lt;h1 id="asposecells-for-reporting-services--sub-reports">Aspose.Cells for Reporting Services : Sub-reports&lt;/h1>
&lt;p>We incorporated support for Embedding a Sub-Report in a Table group row. The format is:&lt;/p>
&lt;p>&amp;amp;=subreport{ReportName=your report name; parameter1 name = parameter1 value; parameter2 name = parameter2 value;&amp;hellip;&amp;hellip;}&lt;/p>
&lt;h3 id="example">Example&lt;/h3>
&lt;p>&lt;strong>A sub-report in a table&lt;/strong>&lt;br>
&lt;img src="https://docs2.aspose.com/cells/reportingservices/attachments/6094922/6193432.png" alt="">&lt;/p>
&lt;p>In the example, the name of sub-report is “Sales Order Detail”. It has one parameter, &lt;em>SalesOrderNumber&lt;/em>. The value of the parameter is &lt;em>EmpSalesDetail.SalesOrderNumber.&lt;/em>&lt;/p>
&lt;h4 id="restrictions-on-using-sub-reports">Restrictions on using Sub-Reports&lt;/h4>
&lt;ul>
&lt;li>The sub-report should be designed with the Aspose.Cells.Reporting Services Designer tool.&lt;/li>
&lt;li>The Sub-Report can only be embedded in the table group row and the group row cannot contain other elements except the Sub-Report. Embedding a Sub-Report in the table detail rows or footer rows is not allowed.&lt;/li>
&lt;li>Currently, nesting more than one level is not supported. The Sub-Report cannot contain embedded report.&lt;/li>
&lt;/ul>
&lt;h2 id="attachments">Attachments:&lt;/h2>
&lt;p>&lt;img src="https://docs2.aspose.com/cells/reportingservices/images/icons/bullet_blue.gif" alt=""> &lt;a href="https://docs2.aspose.com/cells/reportingservices/attachments/6094922/6193432.png">Sub Reports-001.png&lt;/a> (image/png)&lt;/p></description></item><item><title>Reportingservices: Integrate with Microsoft Report Viewer in Local Mode</title><link>https://docs2.aspose.com/cells/reportingservices/newfeatures/integrate+with+microsoft+report+viewer+in+local+mode/</link><pubDate>Mon, 01 Jan 0001 00:00:00 +0000</pubDate><guid>https://docs2.aspose.com/cells/reportingservices/newfeatures/integrate+with+microsoft+report+viewer+in+local+mode/</guid><description>
&lt;p>Aspose.Cells for Reporting Services : Integrate with Microsoft Report Viewer in Local Mode&lt;/p>
&lt;h1 id="asposecells-for-reporting-services--integrate-with-microsoft-report-viewer-in-local-mode">Aspose.Cells for Reporting Services : Integrate with Microsoft Report Viewer in Local Mode&lt;/h1>
&lt;p>Microsoft Report Viewer is a powerful .NET control that allows RDL and RDLC reports to be used in WinForms and ASP.NET applications. It enables users to view and export reports to different formats. The control is included with Microsoft Visual Studio 2005 and 2008, and is also available as a free download from Microsoft.&lt;/p>
&lt;p>Report Viewer can generate reports independently using a built-in engine (known as &amp;lsquo;local mode&amp;rsquo;), or it can display reports that are generated on a Microsoft SQL Server Reporting Services Report Server (&amp;lsquo;remote mode&amp;rsquo;):&lt;/p>
&lt;ul>
&lt;li>In remote mode, Report Viewer can export reports to all formats installed on the Report Server to which it is connected. Therefore, to export reports to more Microsoft Excel formats you only need to install Aspose.Cells for Reporting Services on the server.&lt;/li>
&lt;li>In local mode however, Report Viewer does not connect to a Report Server and the list of export formats is limited to only a few built-in formats.&lt;/li>
&lt;/ul>
&lt;p>By installing Aspose.Cells for Reporting Services on a development machine and following the steps below, you can export to more Microsoft Excel formats from Report Viewer working in local mode.&lt;/p>
&lt;h3 id="working-with-asposecells-in-local-mode">Working with Aspose.Cells in Local Mode&lt;/h3>
&lt;ol>
&lt;li>
&lt;p>Reference &lt;strong>Aspose.Cells.ReportingServices.dll&lt;/strong> in the project:&lt;/p>
&lt;ol>
&lt;li>
&lt;p>Open the project in Visual Studio.&lt;/p>
&lt;/li>
&lt;li>
&lt;p>Right-click the &lt;strong>References&lt;/strong> folder and select &lt;strong>Add Reference&lt;/strong>.&lt;/p>
&lt;/li>
&lt;li>
&lt;p>Select the &lt;strong>Browse&lt;/strong> tab and browse to the following assembly:&lt;br>
&lt;code>&amp;lt;InstallDir&amp;gt;/ ReportView/Aspose.Cells.ReportingServices.dll&lt;/code>&lt;br>
(where &lt;code>&amp;lt;InstallDir&amp;gt;&lt;/code> is the directory where you installed or unpacked Aspose.Cells for Reporting Services.&lt;/p>
&lt;p>&lt;strong>Adding a reference to Aspose.Cells.ReportingServices.dll to a project&lt;/strong>&lt;br>
&lt;img src="https://docs2.aspose.com/cells/reportingservices/attachments/6094921/6193418.png" alt="">&lt;/p>
&lt;/li>
&lt;/ol>
&lt;/li>
&lt;li>
&lt;p>Copy and paste the following &lt;code>AddExtension&lt;/code> method into the project.&lt;br>
This method adds the specified rendering extension to the list of supported extensions in Microsoft Report Viewer using private reflection.&lt;/p>
&lt;p>&lt;strong>C#&lt;/strong>&lt;/p>
&lt;/li>
&lt;/ol>
&lt;div class="position-relative">
&lt;div class="position-absolute" style="right:0;">
&lt;button class="btn btn-light" data-clipboard-target="#clipboard_ea5bf05905">
Copy
&lt;/button>
&lt;/div>
&lt;div id="clipboard_ea5bf05905">
&lt;div class="highlight">&lt;pre style="background-color:#f8f8f8;-moz-tab-size:4;-o-tab-size:4;tab-size:4">&lt;code class="language-c#" data-lang="c#">
&lt;span style="color:#204a87;font-weight:bold">using&lt;/span> &lt;span style="color:#000">System.Collections&lt;/span>&lt;span style="color:#000;font-weight:bold">;&lt;/span>
&lt;span style="color:#204a87;font-weight:bold">using&lt;/span> &lt;span style="color:#000">System.Reflection&lt;/span>&lt;span style="color:#000;font-weight:bold">;&lt;/span>
&lt;span style="color:#204a87;font-weight:bold">using&lt;/span> &lt;span style="color:#000">Microsoft.ReportingServices.ReportRendering&lt;/span>&lt;span style="color:#000;font-weight:bold">;&lt;/span>
&lt;span style="color:#8f5902;font-style:italic">// Use one of the two namespaces below depending on whether you are developing
&lt;/span>&lt;span style="color:#8f5902;font-style:italic">// a WinForms or WebForms application.
&lt;/span>&lt;span style="color:#8f5902;font-style:italic">&lt;/span>&lt;span style="color:#204a87;font-weight:bold">using&lt;/span> &lt;span style="color:#000">Microsoft.Reporting.WinForms&lt;/span>&lt;span style="color:#000;font-weight:bold">;&lt;/span>
&lt;span style="color:#8f5902;font-style:italic">// -- or --
&lt;/span>&lt;span style="color:#8f5902;font-style:italic">// using Microsoft.Reporting.WebForms;
&lt;/span>&lt;span style="color:#8f5902;font-style:italic">&lt;/span>
&lt;span style="color:#8f5902;font-style:italic">/// &amp;lt;summary&amp;gt;
&lt;/span>&lt;span style="color:#8f5902;font-style:italic">/// Adds the specified rendering extension to the specified ReportViewer instance.
&lt;/span>&lt;span style="color:#8f5902;font-style:italic">/// &amp;lt;/summary&amp;gt;
&lt;/span>&lt;span style="color:#8f5902;font-style:italic">/// &amp;lt;param name=&amp;#34;viewer&amp;#34;&amp;gt;A ReportViewer control instance.&amp;lt;/param&amp;gt;
&lt;/span>&lt;span style="color:#8f5902;font-style:italic">/// &amp;lt;param name=&amp;#34;formatName&amp;#34;&amp;gt;The name of the export format to appear on the dropdown list.&amp;lt;/param&amp;gt;
&lt;/span>&lt;span style="color:#8f5902;font-style:italic">/// &amp;lt;param name=&amp;#34;extensionType&amp;#34;&amp;gt;The class of the rendering extension to add.&amp;lt;/param&amp;gt;
&lt;/span>&lt;span style="color:#8f5902;font-style:italic">&lt;/span>&lt;span style="color:#204a87;font-weight:bold">private&lt;/span> &lt;span style="color:#204a87;font-weight:bold">static&lt;/span> &lt;span style="color:#204a87;font-weight:bold">void&lt;/span> &lt;span style="color:#000">AddExtension&lt;/span>&lt;span style="color:#000;font-weight:bold">(&lt;/span>&lt;span style="color:#000">ReportViewer&lt;/span> &lt;span style="color:#000">viewer&lt;/span>&lt;span style="color:#000;font-weight:bold">,&lt;/span> &lt;span style="color:#204a87;font-weight:bold">string&lt;/span> &lt;span style="color:#000">formatName&lt;/span>&lt;span style="color:#000;font-weight:bold">,&lt;/span> &lt;span style="color:#000">Type&lt;/span> &lt;span style="color:#000">extensionType&lt;/span>&lt;span style="color:#000;font-weight:bold">)&lt;/span>
&lt;span style="color:#000;font-weight:bold">{&lt;/span>
&lt;span style="color:#204a87;font-weight:bold">const&lt;/span> &lt;span style="color:#000">BindingFlags&lt;/span> &lt;span style="color:#000">flags&lt;/span> &lt;span style="color:#000;font-weight:bold">=&lt;/span> &lt;span style="color:#000">BindingFlags&lt;/span>&lt;span style="color:#000;font-weight:bold">.&lt;/span>&lt;span style="color:#000">NonPublic&lt;/span> &lt;span style="color:#000;font-weight:bold">|&lt;/span> &lt;span style="color:#000">BindingFlags&lt;/span>&lt;span style="color:#000;font-weight:bold">.&lt;/span>&lt;span style="color:#000">Public&lt;/span> &lt;span style="color:#000;font-weight:bold">|&lt;/span> &lt;span style="color:#000">BindingFlags&lt;/span>&lt;span style="color:#000;font-weight:bold">.&lt;/span>&lt;span style="color:#000">Instance&lt;/span>&lt;span style="color:#000;font-weight:bold">;&lt;/span>
&lt;span style="color:#8f5902;font-style:italic">// CommonService.ListRenderingExtension is an internal method that returns a list of supported
&lt;/span>&lt;span style="color:#8f5902;font-style:italic">// rendering extensions. This list is also stored in a class field so we can simply get this list
&lt;/span>&lt;span style="color:#8f5902;font-style:italic">// and add Aspose.Cells for Reporting Services rendering extensions to make Microsoft Excel
&lt;/span>&lt;span style="color:#8f5902;font-style:italic">// export formats appear on the dropdown.
&lt;/span>&lt;span style="color:#8f5902;font-style:italic">// Get the service type.
&lt;/span>&lt;span style="color:#8f5902;font-style:italic">&lt;/span>&lt;span style="color:#000">FieldInfo&lt;/span> &lt;span style="color:#000">previewService&lt;/span> &lt;span style="color:#000;font-weight:bold">=&lt;/span> &lt;span style="color:#000">viewer&lt;/span>&lt;span style="color:#000;font-weight:bold">.&lt;/span>&lt;span style="color:#000">LocalReport&lt;/span>&lt;span style="color:#000;font-weight:bold">.&lt;/span>&lt;span style="color:#000">GetType&lt;/span>&lt;span style="color:#000;font-weight:bold">().&lt;/span>&lt;span style="color:#000">GetField&lt;/span>&lt;span style="color:#000;font-weight:bold">(&lt;/span>&lt;span style="color:#4e9a06">&amp;#34;m_previewService&amp;#34;&lt;/span>&lt;span style="color:#000;font-weight:bold">,&lt;/span> &lt;span style="color:#000">flags&lt;/span>&lt;span style="color:#000;font-weight:bold">);&lt;/span>
&lt;span style="color:#8f5902;font-style:italic">// Get the ListRenderingExtensions method info.
&lt;/span>&lt;span style="color:#8f5902;font-style:italic">&lt;/span>&lt;span style="color:#000">MethodInfo&lt;/span> &lt;span style="color:#000">listRenderingExtensions&lt;/span> &lt;span style="color:#000;font-weight:bold">=&lt;/span> &lt;span style="color:#000">previewService&lt;/span>&lt;span style="color:#000;font-weight:bold">.&lt;/span>&lt;span style="color:#000">FieldType&lt;/span>&lt;span style="color:#000;font-weight:bold">.&lt;/span>&lt;span style="color:#000">GetMethod&lt;/span>&lt;span style="color:#000;font-weight:bold">(&lt;/span>&lt;span style="color:#4e9a06">&amp;#34;ListRenderingExtensions&amp;#34;&lt;/span>&lt;span style="color:#000;font-weight:bold">,&lt;/span> &lt;span style="color:#000">flags&lt;/span>&lt;span style="color:#000;font-weight:bold">);&lt;/span>
&lt;span style="color:#8f5902;font-style:italic">// Obtan a list of existing rendering extensions.
&lt;/span>&lt;span style="color:#8f5902;font-style:italic">&lt;/span>&lt;span style="color:#000">IList&lt;/span> &lt;span style="color:#000">extensions&lt;/span> &lt;span style="color:#000;font-weight:bold">=&lt;/span> &lt;span style="color:#000">listRenderingExtensions&lt;/span>&lt;span style="color:#000;font-weight:bold">.&lt;/span>&lt;span style="color:#000">Invoke&lt;/span>&lt;span style="color:#000;font-weight:bold">(&lt;/span>&lt;span style="color:#000">previewService&lt;/span>&lt;span style="color:#000;font-weight:bold">.&lt;/span>&lt;span style="color:#000">GetValue&lt;/span>&lt;span style="color:#000;font-weight:bold">(&lt;/span>&lt;span style="color:#000">viewer&lt;/span>&lt;span style="color:#000;font-weight:bold">.&lt;/span>&lt;span style="color:#000">LocalReport&lt;/span>&lt;span style="color:#000;font-weight:bold">),&lt;/span> &lt;span style="color:#204a87;font-weight:bold">null&lt;/span>&lt;span style="color:#000;font-weight:bold">)&lt;/span> &lt;span style="color:#204a87;font-weight:bold">as&lt;/span> &lt;span style="color:#000">IList&lt;/span>&lt;span style="color:#000;font-weight:bold">;&lt;/span>
&lt;span style="color:#8f5902;font-style:italic">// LocalRenderingExtensionInfo is a class that holds information about a rendering extension.
&lt;/span>&lt;span style="color:#8f5902;font-style:italic">// We should create an instance of this class to add the info about the specified extension.
&lt;/span>&lt;span style="color:#8f5902;font-style:italic">// Since the IRenderingExtension interface is defined in the Microsoft.ReportViewer.Common
&lt;/span>&lt;span style="color:#8f5902;font-style:italic">// assembly, use this trick to obtain the corresponding Assembly instance. This will work for
&lt;/span>&lt;span style="color:#8f5902;font-style:italic">// both Report Viewer 2005 (8.0) and 2008 (9.0).
&lt;/span>&lt;span style="color:#8f5902;font-style:italic">&lt;/span>&lt;span style="color:#000">Assembly&lt;/span> &lt;span style="color:#000">commonAssembly&lt;/span> &lt;span style="color:#000;font-weight:bold">=&lt;/span> &lt;span style="color:#204a87;font-weight:bold">typeof&lt;/span>&lt;span style="color:#000;font-weight:bold">(&lt;/span>&lt;span style="color:#000">IRenderingExtension&lt;/span>&lt;span style="color:#000;font-weight:bold">).&lt;/span>&lt;span style="color:#000">Assembly&lt;/span>&lt;span style="color:#000;font-weight:bold">;&lt;/span>
&lt;span style="color:#8f5902;font-style:italic">// Now, get the LocalRenderingExtensionInfo type as it is defined in the same assembly.
&lt;/span>&lt;span style="color:#8f5902;font-style:italic">&lt;/span>&lt;span style="color:#000">Type&lt;/span> &lt;span style="color:#000">localRenderingExtensionInfoType&lt;/span> &lt;span style="color:#000;font-weight:bold">=&lt;/span> &lt;span style="color:#000">commonAssembly&lt;/span>&lt;span style="color:#000;font-weight:bold">.&lt;/span>&lt;span style="color:#000">GetType&lt;/span>&lt;span style="color:#000;font-weight:bold">(&lt;/span>&lt;span style="color:#4e9a06">&amp;#34;Microsoft.Reporting.LocalRenderingExtensionInfo&amp;#34;&lt;/span>&lt;span style="color:#000;font-weight:bold">);&lt;/span>
&lt;span style="color:#8f5902;font-style:italic">// Get the LocalRenderingExtensionInfo constructor info.
&lt;/span>&lt;span style="color:#8f5902;font-style:italic">&lt;/span>&lt;span style="color:#000">ConstructorInfo&lt;/span> &lt;span style="color:#000">ctor&lt;/span> &lt;span style="color:#000;font-weight:bold">=&lt;/span> &lt;span style="color:#000">localRenderingExtensionInfoType&lt;/span>&lt;span style="color:#000;font-weight:bold">.&lt;/span>&lt;span style="color:#000">GetConstructor&lt;/span>&lt;span style="color:#000;font-weight:bold">(&lt;/span>&lt;span style="color:#000">flags&lt;/span>&lt;span style="color:#000;font-weight:bold">,&lt;/span>
&lt;span style="color:#204a87;font-weight:bold">null&lt;/span>&lt;span style="color:#000;font-weight:bold">,&lt;/span>
&lt;span style="color:#204a87;font-weight:bold">new&lt;/span> &lt;span style="color:#000">Type&lt;/span>&lt;span style="color:#000;font-weight:bold">[]&lt;/span> &lt;span style="color:#000;font-weight:bold">{&lt;/span> &lt;span style="color:#204a87;font-weight:bold">typeof&lt;/span>&lt;span style="color:#000;font-weight:bold">(&lt;/span>&lt;span style="color:#204a87;font-weight:bold">string&lt;/span>&lt;span style="color:#000;font-weight:bold">),&lt;/span> &lt;span style="color:#204a87;font-weight:bold">typeof&lt;/span>&lt;span style="color:#000;font-weight:bold">(&lt;/span>&lt;span style="color:#204a87;font-weight:bold">string&lt;/span>&lt;span style="color:#000;font-weight:bold">),&lt;/span> &lt;span style="color:#204a87;font-weight:bold">typeof&lt;/span>&lt;span style="color:#000;font-weight:bold">(&lt;/span>&lt;span style="color:#204a87;font-weight:bold">bool&lt;/span>&lt;span style="color:#000;font-weight:bold">),&lt;/span> &lt;span style="color:#204a87;font-weight:bold">typeof&lt;/span>&lt;span style="color:#000;font-weight:bold">(&lt;/span>&lt;span style="color:#000">Type&lt;/span>&lt;span style="color:#000;font-weight:bold">),&lt;/span> &lt;span style="color:#204a87;font-weight:bold">typeof&lt;/span>&lt;span style="color:#000;font-weight:bold">(&lt;/span>&lt;span style="color:#204a87;font-weight:bold">bool&lt;/span>&lt;span style="color:#000;font-weight:bold">)&lt;/span> &lt;span style="color:#000;font-weight:bold">},&lt;/span>
&lt;span style="color:#204a87;font-weight:bold">null&lt;/span>&lt;span style="color:#000;font-weight:bold">);&lt;/span>
&lt;span style="color:#8f5902;font-style:italic">// Create an instance of LocalRenderingExtensionInfo.
&lt;/span>&lt;span style="color:#8f5902;font-style:italic">&lt;/span>&lt;span style="color:#204a87;font-weight:bold">object&lt;/span> &lt;span style="color:#000">instance&lt;/span> &lt;span style="color:#000;font-weight:bold">=&lt;/span> &lt;span style="color:#000">ctor&lt;/span>&lt;span style="color:#000;font-weight:bold">.&lt;/span>&lt;span style="color:#000">Invoke&lt;/span>&lt;span style="color:#000;font-weight:bold">(&lt;/span>&lt;span style="color:#204a87;font-weight:bold">new&lt;/span> &lt;span style="color:#204a87;font-weight:bold">object&lt;/span>&lt;span style="color:#000;font-weight:bold">[]&lt;/span> &lt;span style="color:#000;font-weight:bold">{&lt;/span> &lt;span style="color:#000">formatName&lt;/span>&lt;span style="color:#000;font-weight:bold">,&lt;/span> &lt;span style="color:#000">formatName&lt;/span>&lt;span style="color:#000;font-weight:bold">,&lt;/span> &lt;span style="color:#204a87;font-weight:bold">true&lt;/span>&lt;span style="color:#000;font-weight:bold">,&lt;/span> &lt;span style="color:#000">extensionType&lt;/span>&lt;span style="color:#000;font-weight:bold">,&lt;/span> &lt;span style="color:#204a87;font-weight:bold">true&lt;/span> &lt;span style="color:#000;font-weight:bold">});&lt;/span>
&lt;span style="color:#8f5902;font-style:italic">// Finally, add the info about our rendering extension to the list.
&lt;/span>&lt;span style="color:#8f5902;font-style:italic">&lt;/span>&lt;span style="color:#000">extensions&lt;/span>&lt;span style="color:#000;font-weight:bold">.&lt;/span>&lt;span style="color:#000">Add&lt;/span>&lt;span style="color:#000;font-weight:bold">(&lt;/span>&lt;span style="color:#000">instance&lt;/span>&lt;span style="color:#000;font-weight:bold">);&lt;/span>
&lt;span style="color:#000;font-weight:bold">}&lt;/span>
&lt;/code>&lt;/pre>&lt;/div>
&lt;/div>
&lt;/div>
&lt;pre>&lt;code>**VB .NET**
Imports System.CollectionsImports System.ReflectionImports Microsoft.ReportingServices.ReportRendering// Use one of the two namespaces below depending on whether you are developing// a WinForms or WebForms application.Imports Microsoft.Reporting.WinForms// -- or --// Imports Microsoft.Reporting.WebForms '' Adds the specified rendering extension to the specified ReportViewer instance.Private Shared Sub AddExtension(ByVal viewer As ReportViewer, ByVal formatName As String, ByVal extensionType As Type) Const flags As BindingFlags = BindingFlags.NonPublic Or BindingFlags.Public Or BindingFlags.Instance ' CommonService.ListRenderingExtension is an internal method that returns a list of supported ' rendering extensions. This list is also stored in a class field so we can simply get this list ' and add Aspose.Cells for Reporting Services rendering extensions to make Microsoft Excel ' export formats appear on the dropdown. ' Get the service type. Dim previewService As FieldInfo = viewer.LocalReport.GetType().GetField(&amp;quot;m\_previewService&amp;quot;, flags) ' Get the ListRenderingExtensions method info. Dim listRenderingExtensions As MethodInfo = previewService.FieldType.GetMethod(&amp;quot;ListRenderingExtensions&amp;quot;, flags) ' Obtan a list of existing rendering extensions. Dim extensions As IList = TryCast(listRenderingExtensions.Invoke(previewService.GetValue(viewer.LocalReport), Nothing), IList) ' LocalRenderingExtensionInfo is a class that holds information about a rendering extension. ' We should create an instance of this class to add the info about the specified extension. ' Since the IRenderingExtension interface is defined in the Microsoft.ReportViewer.Common assembly, use this trick ' to obtain the corresponding Assembly instance. This will work for both Report Viewer 2005 (8.0) and 2008 (9.0). Dim commonAssembly As System.Reflection.Assembly = GetType(IRenderingExtension).Assembly ' Now, get the LocalRenderingExtensionInfo type as it is defined in the same assembly. Dim localRenderingExtensionInfoType As Type = commonAssembly.GetType(&amp;quot;Microsoft.Reporting.LocalRenderingExtensionInfo&amp;quot;) ' Get the LocalRenderingExtensionInfo constructor info. Dim ctor As ConstructorInfo = localRenderingExtensionInfoType.GetConstructor(flags, Nothing, New Type() { GetType(String), GetType(String), GetType(Boolean), GetType(Type), GetType(Boolean) }, Nothing) ' Create an instance of LocalRenderingExtensionInfo. Dim instance As Object = ctor.Invoke(New Object() { formatName, formatName, True, extensionType, True }) ' Finally, add the info about our rendering extension to the list. extensions.Add(instance)End Sub
&lt;/code>&lt;/pre>
&lt;ol start="3">
&lt;li>
&lt;p>Invoke the &lt;code>AddExtension&lt;/code> method from the code.&lt;/p>
&lt;ul>
&lt;li>
&lt;p>You can call &lt;code>AddExtension&lt;/code> (shown in the previous step) whenever you need to add Aspose.Cells for Reporting Services export formats to a Report Viewer control instance. Consider calling from the &lt;code>Form_Load&lt;/code> or &lt;code>Page_Load&lt;/code> event handler of a WinForms or ASP .NET application.&lt;/p>
&lt;/li>
&lt;li>
&lt;p>You can add all or only some export Aspose.Cells for Reporting Services export formats. You can specify any display name for the formats to appear in Report Viewer.&lt;br>
To add Aspose.Cells for Reporting Services export formats to Microsoft Report Viewer in local mode, use the following code:&lt;/p>
&lt;p>&lt;strong>C#&lt;/strong>&lt;/p>
&lt;pre>&lt;code> AddExtension(reportViewer1, &amp;quot;Xls - Xls via Aspose.Cells&amp;quot;, typeof(Aspose.Cells.ReportingServices.XlsRenderer)); AddExtension(reportViewer1, &amp;quot;Xlsx - Xlsx via Aspose.Cells&amp;quot;, typeof(Aspose.Cells.ReportingServices.Excel2007XlsxRenderer)); AddExtension(reportViewer1, &amp;quot;CSV - CSV via Aspose.Cells&amp;quot;, typeof(Aspose.Cells.ReportingServices.CSVRenderer)); AddExtension(reportViewer1, &amp;quot;SpreadsheetML - SpreadsheetML via Aspose.Cells&amp;quot;, typeof(Aspose.Cells.ReportingServices.SpreadsheetMLRenderer)); AddExtension(reportViewer1, &amp;quot;Txt - TabDelimited text via Aspose.Cells&amp;quot;, typeof(Aspose.Cells.ReportingServices.TabDelimitedRenderer));
&lt;/code>&lt;/pre>
&lt;p>&lt;strong>VB .NET&lt;/strong>&lt;/p>
&lt;pre>&lt;code> AddExtension(reportViewer1, &amp;quot;Xls - Xls via Aspose.Cells&amp;quot;, GetType (Aspose.Cells.ReportingServices.XlsRenderer)); AddExtension(reportViewer1, &amp;quot;Xlsx - Xlsx via Aspose.Cells&amp;quot;, GetType (Aspose.Cells.ReportingServices.Excel2007XlsxRenderer)); AddExtension(reportViewer1, &amp;quot;CSV - CSV via Aspose.Cells&amp;quot;, GetType (Aspose.Cells.ReportingServices.CSVRenderer)); AddExtension(reportViewer1, &amp;quot;SpreadsheetML - SpreadsheetML via Aspose.Cells&amp;quot;, GetType (Aspose.Cells.ReportingServices.SpreadsheetMLRenderer)); AddExtension(reportViewer1, &amp;quot;Txt - TabDelimited text via Aspose.Cells&amp;quot;, GetType (Aspose.Cells.ReportingServices.TabDelimitedRenderer));
&lt;/code>&lt;/pre>
&lt;/li>
&lt;/ul>
&lt;/li>
&lt;li>
&lt;p>Test the new export formats.&lt;/p>
&lt;ol>
&lt;li>Run your application.&lt;br>
You should notice a number of new export formats available in the &lt;strong>Export&lt;/strong> menu in Report Viewer.&lt;/li>
&lt;li>Select one of the formats and run export.&lt;/li>
&lt;li>Verify that the document is created the way you expected.&lt;/li>
&lt;/ol>
&lt;/li>
&lt;/ol>
&lt;p>&lt;strong>New export formats appear in Report Viewer running in local mode&lt;/strong>&lt;br>
&lt;img src="https://docs2.aspose.com/cells/reportingservices/attachments/6094921/6193419.png" alt="">&lt;/p>
&lt;h2 id="attachments">Attachments:&lt;/h2>
&lt;p>&lt;img src="https://docs2.aspose.com/cells/reportingservices/images/icons/bullet_blue.gif" alt=""> &lt;a href="https://docs2.aspose.com/cells/reportingservices/attachments/6094921/6193418.png">Integrate with Microsoft Report Viewer in Local Mode-001.png&lt;/a> (image/png)&lt;br>
&lt;img src="https://docs2.aspose.com/cells/reportingservices/images/icons/bullet_blue.gif" alt=""> &lt;a href="https://docs2.aspose.com/cells/reportingservices/attachments/6094921/6193419.png">Integrate with Microsoft Report Viewer in Local Mode-002.png&lt;/a> (image/png)&lt;/p></description></item><item><title>Reportingservices: Extended Rendering Extensions Support</title><link>https://docs2.aspose.com/cells/reportingservices/newfeatures/extended+rendering+extensions+support/</link><pubDate>Mon, 01 Jan 0001 00:00:00 +0000</pubDate><guid>https://docs2.aspose.com/cells/reportingservices/newfeatures/extended+rendering+extensions+support/</guid><description>
&lt;p>Aspose.Cells for Reporting Services : Extended Rendering Extensions Support&lt;/p>
&lt;h1 id="asposecells-for-reporting-services--extended-rendering-extensions-support">Aspose.Cells for Reporting Services : Extended Rendering Extensions Support&lt;/h1>
&lt;p>Aspose.Cells for Reporting Services supports export to XLSM and HTML formats, as well as Microsoft Excel spreadsheet formats (XLS, XLSX, XLSB), and other formats such as ODS, SpreadsheetML, CSV and TXT.&lt;/p></description></item><item><title>Reportingservices: Support for Microsoft Excel 2007 or 2010 Custom UI</title><link>https://docs2.aspose.com/cells/reportingservices/newfeatures/support+for+microsoft+excel+2007+or+2010+custom+ui/</link><pubDate>Mon, 01 Jan 0001 00:00:00 +0000</pubDate><guid>https://docs2.aspose.com/cells/reportingservices/newfeatures/support+for+microsoft+excel+2007+or+2010+custom+ui/</guid><description>
&lt;p>Aspose.Cells for Reporting Services : Support for Microsoft Excel 2007 or 2010 Custom UI&lt;/p>
&lt;h1 id="asposecells-for-reporting-services--support-for-microsoft-excel-2007-or-2010-custom-ui">Aspose.Cells for Reporting Services : Support for Microsoft Excel 2007 or 2010 Custom UI&lt;/h1>
&lt;p>Aspose.Cells for Reporting Services Designer supports Microsoft Excel 2007 and 2010 custom user interface and you can easily use this interface to get a new look and feel.&lt;/p>
&lt;p>&lt;strong>Aspose.Cells supports the latest version of Microsoft Excel&lt;/strong>&lt;br>
&lt;img src="https://docs2.aspose.com/cells/reportingservices/attachments/6094919/6193422.png" alt="">&lt;/p>
&lt;h2 id="attachments">Attachments:&lt;/h2>
&lt;p>&lt;img src="https://docs2.aspose.com/cells/reportingservices/images/icons/bullet_blue.gif" alt=""> &lt;a href="https://docs2.aspose.com/cells/reportingservices/attachments/6094919/6193422.png">Support MS Excel 2007 Custom UI-001.png&lt;/a> (image/png)&lt;/p></description></item><item><title>Reportingservices: Support for Editable Charts</title><link>https://docs2.aspose.com/cells/reportingservices/newfeatures/supportforeditablecharts/</link><pubDate>Mon, 01 Jan 0001 00:00:00 +0000</pubDate><guid>https://docs2.aspose.com/cells/reportingservices/newfeatures/supportforeditablecharts/</guid><description>
&lt;p>Aspose.Cells for Reporting Services : Support for Editable Charts&lt;/p>
&lt;h1 id="asposecells-for-reporting-services--support-for-editable-charts">Aspose.Cells for Reporting Services : Support for Editable Charts&lt;/h1>
&lt;h6 id="this-section-includes-the-following-topics">This section includes the following topics:&lt;/h6>
&lt;ul>
&lt;li>&lt;a href="https://docs2.aspose.com/cells/reportingservices/newfeatures/supportforeditablecharts/render+all+report+chart+items+to+excel+charts">Render All Report Chart Items to Excel Charts&lt;/a>&lt;/li>
&lt;li>&lt;a href="https://docs2.aspose.com/cells/reportingservices/newfeatures/supportforeditablecharts/render+chart+items+of+selected+report+to+excel+charts">Render Chart Items of Selected Report to Excel Charts&lt;/a>&lt;/li>
&lt;li>&lt;a href="https://docs2.aspose.com/cells/reportingservices/newfeatures/supportforeditablecharts/render+selected+chart+items+to+excel+charts">Render Selected Chart Items to Excel Charts&lt;/a>&lt;/li>
&lt;li>&lt;a href="https://docs2.aspose.com/cells/reportingservices/newfeatures/supportforeditablecharts/mismatch+chart+types">Mismatch Chart Types&lt;/a>&lt;/li>
&lt;/ul>
&lt;h2 id="attachments">Attachments:&lt;/h2>
&lt;p>&lt;img src="https://docs2.aspose.com/cells/reportingservices/images/icons/bullet_blue.gif" alt=""> &lt;a href="https://docs2.aspose.com/cells/reportingservices/attachments/6094917/6193425.png">Render All Report Chart Items to Excel Charts-001.png&lt;/a> (image/png)&lt;br>
&lt;img src="https://docs2.aspose.com/cells/reportingservices/images/icons/bullet_blue.gif" alt=""> &lt;a href="https://docs2.aspose.com/cells/reportingservices/attachments/6094917/6193410.png">Render Chart Items of Selected Report to Excel Charts-001.png&lt;/a> (image/png)&lt;br>
&lt;img src="https://docs2.aspose.com/cells/reportingservices/images/icons/bullet_blue.gif" alt=""> &lt;a href="https://docs2.aspose.com/cells/reportingservices/attachments/6094917/6193415.png">Render Selected Chart Items to Excel Charts-001.png&lt;/a> (image/png)&lt;br>
&lt;img src="https://docs2.aspose.com/cells/reportingservices/images/icons/bullet_blue.gif" alt=""> &lt;a href="https://docs2.aspose.com/cells/reportingservices/attachments/6094917/6193414.png">Render Selected Chart Items to Excel Charts-002.png&lt;/a> (image/png)&lt;/p></description></item><item><title>Reportingservices: Support for Digital Signatures</title><link>https://docs2.aspose.com/cells/reportingservices/newfeatures/support+for+digital+signatures/</link><pubDate>Mon, 01 Jan 0001 00:00:00 +0000</pubDate><guid>https://docs2.aspose.com/cells/reportingservices/newfeatures/support+for+digital+signatures/</guid><description>
&lt;p>Aspose.Cells for Reporting Services : Support for Digital Signatures&lt;/p>
&lt;h1 id="asposecells-for-reporting-services--support-for-digital-signatures">Aspose.Cells for Reporting Services : Support for Digital Signatures&lt;/h1>
&lt;p>A digital signature provides assurance that a workbook is valid and no one has altered it. Attaching a digital signature is similar to sealing an envelope. If an envelope arrives sealed, you have some level of assurance that no one has tampered with its contents.&lt;/p>
&lt;p>You can create a personal digital signature by using the Microsoft Selfcert.exe or any other tool, or you can purchase a digital signature. To sign a spreadsheet, attach a signature to your workbooks once you have created a digital signature.&lt;/p>
&lt;p>Aspose.Cells for Reporting Services supports digital signatures.&lt;/p>
&lt;h3 id="working-with-digital-signatures">Working with Digital Signatures&lt;/h3>
&lt;h4 id="supported-excel-formats-for-digital-signatures">Supported Excel Formats for Digital Signatures&lt;/h4>
&lt;p>Aspose.Cells for Reporting Services supports digital signatures when exporting to Excel 2007 and ODS file formats.&lt;/p>
&lt;h4 id="configuring-digital-signatures">Configuring Digital Signatures&lt;/h4>
&lt;p>The &lt;strong>Aspose.Cells.ReportingServices.xml&lt;/strong> file holds the configuration information and text of a digital signature in the &lt;code>&amp;lt;DigitalSignature&amp;gt;&lt;/code> tag:&lt;/p>
&lt;ul>
&lt;li>When &lt;code>DigitalSignature&lt;/code> is set to &lt;code>off&lt;/code>, Aspose.Cells for Reporting Services turns off the digital signature functionality.&lt;br>
For example:&lt;/li>
&lt;/ul>
&lt;div class="position-relative">
&lt;div class="position-absolute" style="right:0;">
&lt;button class="btn btn-light" data-clipboard-target="#clipboard_705ee95e65">
Copy
&lt;/button>
&lt;/div>
&lt;div id="clipboard_705ee95e65">
&lt;div class="highlight">&lt;pre style="background-color:#f8f8f8;-moz-tab-size:4;-o-tab-size:4;tab-size:4">&lt;code class="language-cs" data-lang="cs">
&lt;span style="color:#000;font-weight:bold">&amp;lt;&lt;/span>&lt;span style="color:#000">DigitalSignature&lt;/span> &lt;span style="color:#204a87;font-weight:bold">value&lt;/span>&lt;span style="color:#000;font-weight:bold">=&lt;/span>&lt;span style="color:#4e9a06">&amp;#34;off&amp;#34;&lt;/span>&lt;span style="color:#000;font-weight:bold">&amp;gt;&lt;/span>
&lt;span style="color:#000;font-weight:bold">&amp;lt;&lt;/span>&lt;span style="color:#000">report&lt;/span> &lt;span style="color:#000">name&lt;/span>&lt;span style="color:#000;font-weight:bold">=&lt;/span>&lt;span style="color:#4e9a06">&amp;#34;&amp;#34;&lt;/span> &lt;span style="color:#000">pfxFilename&lt;/span>&lt;span style="color:#000;font-weight:bold">=&lt;/span>&lt;span style="color:#4e9a06">&amp;#34;&amp;#34;&lt;/span> &lt;span style="color:#000">pfxPwd&lt;/span>&lt;span style="color:#000;font-weight:bold">=&lt;/span>&lt;span style="color:#4e9a06">&amp;#34;&amp;#34;&lt;/span> &lt;span style="color:#000">purpose&lt;/span>&lt;span style="color:#000;font-weight:bold">=&lt;/span>&lt;span style="color:#4e9a06">&amp;#34;&amp;#34;&lt;/span>&lt;span style="color:#000;font-weight:bold">/&amp;gt;&lt;/span>
&lt;span style="color:#000;font-weight:bold">&amp;lt;/&lt;/span>&lt;span style="color:#000">DigitalSignature&lt;/span>&lt;span style="color:#000;font-weight:bold">&amp;gt;&lt;/span>
&lt;/code>&lt;/pre>&lt;/div>
&lt;/div>
&lt;/div>
&lt;ul>
&lt;li>When the value of &lt;code>DigitalSignature&lt;/code> is &lt;code>on&lt;/code>, Aspose.Cells.ReportingServices turns on the functionality of digital signature.&lt;br>
For example:&lt;/li>
&lt;/ul>
&lt;div class="position-relative">
&lt;div class="position-absolute" style="right:0;">
&lt;button class="btn btn-light" data-clipboard-target="#clipboard_b045cf9bf7">
Copy
&lt;/button>
&lt;/div>
&lt;div id="clipboard_b045cf9bf7">
&lt;div class="highlight">&lt;pre style="background-color:#f8f8f8;-moz-tab-size:4;-o-tab-size:4;tab-size:4">&lt;code class="language-cs" data-lang="cs">
&lt;span style="color:#000;font-weight:bold">&amp;lt;&lt;/span>&lt;span style="color:#000">DigitalSignature&lt;/span> &lt;span style="color:#204a87;font-weight:bold">value&lt;/span>&lt;span style="color:#000;font-weight:bold">=&lt;/span>&lt;span style="color:#4e9a06">&amp;#34;on&amp;#34;&lt;/span>&lt;span style="color:#000;font-weight:bold">&amp;gt;&lt;/span>
&lt;/code>&lt;/pre>&lt;/div>
&lt;/div>
&lt;/div>
&lt;pre>&lt;code>There are four parameters in `DigitalSignature` section. These are :
* `name` – Points to a report that needs a digital signature. The report uses a PFX file for digital signature when the parameter is blank.
* `pfxFilename` – Points to the PFX file. The filename must be a complete filename. It cannot be set to a blank value.
* `pfxPwd` – Sets the password. It cannot be left blank.
* `purpose` – Explains the signature's purpose. It can be blank.
For example:
&lt;/code>&lt;/pre>
&lt;div class="position-relative">
&lt;div class="position-absolute" style="right:0;">
&lt;button class="btn btn-light" data-clipboard-target="#clipboard_5de791bea1">
Copy
&lt;/button>
&lt;/div>
&lt;div id="clipboard_5de791bea1">
&lt;div class="highlight">&lt;pre style="background-color:#f8f8f8;-moz-tab-size:4;-o-tab-size:4;tab-size:4">&lt;code class="language-cs" data-lang="cs">
&lt;span style="color:#000;font-weight:bold">&amp;lt;&lt;/span>&lt;span style="color:#000">DigitalSignature&lt;/span> &lt;span style="color:#204a87;font-weight:bold">value&lt;/span>&lt;span style="color:#000;font-weight:bold">=&lt;/span>&lt;span style="color:#4e9a06">&amp;#34;on&amp;#34;&lt;/span>&lt;span style="color:#000;font-weight:bold">&amp;gt;&lt;/span>
&lt;span style="color:#000;font-weight:bold">&amp;lt;&lt;/span>&lt;span style="color:#000">report&lt;/span> &lt;span style="color:#000">name&lt;/span>&lt;span style="color:#000;font-weight:bold">=&lt;/span>&lt;span style="color:#4e9a06">&amp;#34;TestReport&amp;#34;&lt;/span> &lt;span style="color:#000">pfxFilename&lt;/span>&lt;span style="color:#000;font-weight:bold">=&lt;/span>&lt;span style="color:#4e9a06">&amp;#34;c:\MyKey.pfx&amp;#34;&lt;/span> &lt;span style="color:#000">pfxPwd&lt;/span>&lt;span style="color:#000;font-weight:bold">=&lt;/span>&lt;span style="color:#4e9a06">&amp;#34;tryto&amp;#34;&lt;/span> &lt;span style="color:#000">purpose&lt;/span>&lt;span style="color:#000;font-weight:bold">=&lt;/span>&lt;span style="color:#4e9a06">&amp;#34;test digital signature&amp;#34;&lt;/span>&lt;span style="color:#000;font-weight:bold">/&amp;gt;&lt;/span>
&lt;span style="color:#000;font-weight:bold">&amp;lt;&lt;/span>&lt;span style="color:#000">report&lt;/span> &lt;span style="color:#000">name&lt;/span>&lt;span style="color:#000;font-weight:bold">=&lt;/span>&lt;span style="color:#4e9a06">&amp;#34;&amp;#34;&lt;/span> &lt;span style="color:#000">pfxFilename&lt;/span>&lt;span style="color:#000;font-weight:bold">=&lt;/span>&lt;span style="color:#4e9a06">&amp;#34;c:\MyKey.pfx&amp;#34;&lt;/span> &lt;span style="color:#000">pfxPwd&lt;/span>&lt;span style="color:#000;font-weight:bold">=&lt;/span>&lt;span style="color:#4e9a06">&amp;#34;tryto&amp;#34;&lt;/span> &lt;span style="color:#000">purpose&lt;/span>&lt;span style="color:#000;font-weight:bold">=&lt;/span>&lt;span style="color:#4e9a06">&amp;#34;test digital signature&amp;#34;&lt;/span>&lt;span style="color:#000;font-weight:bold">/&amp;gt;&lt;/span>
&lt;span style="color:#000;font-weight:bold">&amp;lt;/&lt;/span>&lt;span style="color:#000">DigitalSignature&lt;/span>&lt;span style="color:#000;font-weight:bold">&amp;gt;&lt;/span>
&lt;/code>&lt;/pre>&lt;/div>
&lt;/div>
&lt;/div></description></item><item><title>Reportingservices: Add Matrix in Aspose.Cells for Reporting Services Client</title><link>https://docs2.aspose.com/cells/reportingservices/newfeatures/add+matrix+in+aspose.cells+for+reporting+services+client/</link><pubDate>Mon, 01 Jan 0001 00:00:00 +0000</pubDate><guid>https://docs2.aspose.com/cells/reportingservices/newfeatures/add+matrix+in+aspose.cells+for+reporting+services+client/</guid><description>
&lt;p>Aspose.Cells for Reporting Services : Add Matrix in Aspose.Cells for Reporting Services Client&lt;/p>
&lt;h1 id="asposecells-for-reporting-services--add-matrix-in-asposecells-for-reporting-services-client">Aspose.Cells for Reporting Services : Add Matrix in Aspose.Cells for Reporting Services Client&lt;/h1>
&lt;p>We incorporated support to create a matrix report item in a report. The matrix context includes corner, column groupings, row groupings and matrix rows. Set matrix report attributes which include name, range and so on through &lt;strong>Set Attribute&lt;/strong> button in Aspose.Cells’ command bar in Excel.&lt;/p>
&lt;p>For example, in the screenshot below, the matrix range is E9:G11.&lt;/p>
&lt;p>&lt;strong>A matrix report item&lt;/strong>&lt;br>
&lt;img src="https://docs2.aspose.com/cells/reportingservices/attachments/6094928/6193417.png" alt="">&lt;/p>
&lt;h2 id="attachments">Attachments:&lt;/h2>
&lt;p>&lt;img src="https://docs2.aspose.com/cells/reportingservices/images/icons/bullet_blue.gif" alt=""> &lt;a href="https://docs2.aspose.com/cells/reportingservices/attachments/6094928/6193417.png">addmatrix.png&lt;/a> (image/png)&lt;/p></description></item><item><title>Reportingservices: Add Hide Function in Aspose.Cells for Reporting Services Client</title><link>https://docs2.aspose.com/cells/reportingservices/newfeatures/addhidefunction/</link><pubDate>Mon, 01 Jan 0001 00:00:00 +0000</pubDate><guid>https://docs2.aspose.com/cells/reportingservices/newfeatures/addhidefunction/</guid><description>
&lt;p>Aspose.Cells for Reporting Services : Add Hide Function in Aspose.Cells for Reporting Services Client&lt;/p>
&lt;h1 id="asposecells-for-reporting-services--add-hide-function-in-asposecells-for-reporting-services-client">Aspose.Cells for Reporting Services : Add Hide Function in Aspose.Cells for Reporting Services Client&lt;/h1>
&lt;p>The Hide function hides specified rows and columns. There are two methods in the Aspose.Cells for Reporting Services:&lt;/p>
&lt;ul>
&lt;li>&lt;a href="https://docs2.aspose.com/cells/reportingservices/newfeatures/addhidefunction/set+hide+option+for+excel+row+column+and+sheet+using+dyn-hide+form">Set hide attributes for worksheet, rows and columns&lt;/a>.&lt;/li>
&lt;li>&lt;a href="https://docs2.aspose.com/cells/pages/createpage.action?spaceKey=cellsreportingservices&amp;amp;title=Set+a+Table%E2%80%99s+Hide+Attributes+from+the+Modify+Attribute+Form&amp;amp;linkCreation=true&amp;amp;fromPageId=6094927">Set a table&amp;rsquo;s hide attributes using &lt;strong>Modify Attribute&lt;/strong>&lt;/a>.&lt;/li>
&lt;/ul>
&lt;h2 id="attachments">Attachments:&lt;/h2>
&lt;p>&lt;img src="https://docs2.aspose.com/cells/reportingservices/images/icons/bullet_blue.gif" alt=""> &lt;a href="https://docs2.aspose.com/cells/reportingservices/attachments/6094927/6193402.png">addhide1.png&lt;/a> (image/png)&lt;br>
&lt;img src="https://docs2.aspose.com/cells/reportingservices/images/icons/bullet_blue.gif" alt=""> &lt;a href="https://docs2.aspose.com/cells/reportingservices/attachments/6094927/6193407.png">addhide2.png&lt;/a> (image/png)&lt;/p></description></item><item><title>Reportingservices: Aspose.Cells for Reporting Services Report Designer</title><link>https://docs2.aspose.com/cells/reportingservices/newfeatures/reportdesigner/</link><pubDate>Mon, 01 Jan 0001 00:00:00 +0000</pubDate><guid>https://docs2.aspose.com/cells/reportingservices/newfeatures/reportdesigner/</guid><description>
&lt;p>Aspose.Cells for Reporting Services : Aspose.Cells for Reporting Services Report Designer&lt;/p>
&lt;h1 id="asposecells-for-reporting-services--asposecells-for-reporting-services-report-designer">Aspose.Cells for Reporting Services : Aspose.Cells for Reporting Services Report Designer&lt;/h1>
&lt;h6 id="this-section-includes-the-following-topics">This section includes the following topics:&lt;/h6>
&lt;ul>
&lt;li>&lt;a href="https://docs2.aspose.com/cells/reportingservices/newfeatures/reportdesigner/support+shared+datasets">Support Shared datasets&lt;/a>&lt;/li>
&lt;li>&lt;a href="https://docs2.aspose.com/cells/reportingservices/newfeatures/reportdesigner/import+report+definition+file+for+ssrs2008+or+ssrs2008r2">Import Report Definition File for SSRS2008 or SSRS2008R2&lt;/a>&lt;/li>
&lt;li>&lt;a href="https://docs2.aspose.com/cells/reportingservices/newfeatures/reportdesigner/configuring+report+servers+to+store+or+cache+the+report+server+data">Configuring Report Servers to store or cache the report server data&lt;/a>&lt;/li>
&lt;li>&lt;a href="https://docs2.aspose.com/cells/reportingservices/newfeatures/reportdesigner/support+tablix+group+page+break">Support tablix group page break&lt;/a>&lt;/li>
&lt;/ul></description></item><item><title>Reportingservices: Add settings for Page Setup in Aspose.Cells for Reporting Services renderer</title><link>https://docs2.aspose.com/cells/reportingservices/newfeatures/add+settings+for+page+setup+in+aspose.cells+for+reporting+services+renderer/</link><pubDate>Mon, 01 Jan 0001 00:00:00 +0000</pubDate><guid>https://docs2.aspose.com/cells/reportingservices/newfeatures/add+settings+for+page+setup+in+aspose.cells+for+reporting+services+renderer/</guid><description>
&lt;p>Aspose.Cells for Reporting Services : Add settings for Page Setup in Aspose.Cells for Reporting Services renderer&lt;/p>
&lt;h1 id="asposecells-for-reporting-services--add-settings-for-page-setup-in-asposecells-for-reporting-services-renderer">Aspose.Cells for Reporting Services : Add settings for Page Setup in Aspose.Cells for Reporting Services renderer&lt;/h1>
&lt;p>Aspose.Cells for Reporting Services renderer sets worksheet page setup of the exported Excel file through page setup settings in Aspose.Cells Reporting Services configuration file.&lt;/p></description></item><item><title>Reportingservices: Add Group function in Aspose.Cells for Reporting Services Client</title><link>https://docs2.aspose.com/cells/reportingservices/newfeatures/add+group+function+in+aspose.cells+for+reporting+services+client/</link><pubDate>Mon, 01 Jan 0001 00:00:00 +0000</pubDate><guid>https://docs2.aspose.com/cells/reportingservices/newfeatures/add+group+function+in+aspose.cells+for+reporting+services+client/</guid><description>
&lt;p>Aspose.Cells for Reporting Services : Add Group function in Aspose.Cells for Reporting Services Client&lt;/p>
&lt;h1 id="asposecells-for-reporting-services--add-group-function-in-asposecells-for-reporting-services-client">Aspose.Cells for Reporting Services : Add Group function in Aspose.Cells for Reporting Services Client&lt;/h1>
&lt;p>It sets the Group attributes of table report item through Modify Attributes. The parameters include Type, Name, Level and Hide.&lt;/p>
&lt;ul>
&lt;li>Type represents Group Type. It includes Row Group and Column Group.&lt;/li>
&lt;li>Name represents Group name.&lt;/li>
&lt;li>Level represents Group level.&lt;/li>
&lt;li>Hide represents Group hide.&lt;/li>
&lt;/ul>
&lt;p>Modifying Report involves the following steps:&lt;br>
Open “Modify Report” dialog box and choose Outline tab.&lt;br>
&lt;img src="https://docs2.aspose.com/cells/reportingservices/attachments/6094888/6193569.jpg" alt="">&lt;br>
Click &lt;strong>Modify&lt;/strong> button and update Hide configuration.&lt;br>
&lt;img src="https://docs2.aspose.com/cells/reportingservices/attachments/6094888/6193568.jpg" alt="">&lt;br>
Click &lt;strong>Commit&lt;/strong> button and save hide configs.&lt;br>
&lt;img src="https://docs2.aspose.com/cells/reportingservices/attachments/6094888/6193570.jpg" alt="">&lt;/p>
&lt;h2 id="attachments">Attachments:&lt;/h2>
&lt;p>&lt;img src="https://docs2.aspose.com/cells/reportingservices/images/icons/bullet_blue.gif" alt=""> &lt;a href="https://docs2.aspose.com/cells/reportingservices/attachments/6094888/6193569.jpg">group_function1.jpg&lt;/a> (image/jpeg)&lt;br>
&lt;img src="https://docs2.aspose.com/cells/reportingservices/images/icons/bullet_blue.gif" alt=""> &lt;a href="https://docs2.aspose.com/cells/reportingservices/attachments/6094888/6193568.jpg">group_function2.jpg&lt;/a> (image/jpeg)&lt;br>
&lt;img src="https://docs2.aspose.com/cells/reportingservices/images/icons/bullet_blue.gif" alt=""> &lt;a href="https://docs2.aspose.com/cells/reportingservices/attachments/6094888/6193570.jpg">group_function3.jpg&lt;/a> (image/jpeg)&lt;/p></description></item><item><title>Reportingservices: Add Sorting feature for rendering Table item</title><link>https://docs2.aspose.com/cells/reportingservices/newfeatures/add+sorting+feature+for+rendering+table+item/</link><pubDate>Mon, 01 Jan 0001 00:00:00 +0000</pubDate><guid>https://docs2.aspose.com/cells/reportingservices/newfeatures/add+sorting+feature+for+rendering+table+item/</guid><description>
&lt;p>Aspose.Cells for Reporting Services : Add Sorting feature for rendering Table item&lt;/p>
&lt;h1 id="asposecells-for-reporting-services--add-sorting-feature-for-rendering-table-item">Aspose.Cells for Reporting Services : Add Sorting feature for rendering Table item&lt;/h1>
&lt;p>Aspose.Cells for Reporting Services sorts table item data for exported Excel file through add table sorting configuration in Aspose.Cells Reporting Services configuration file.&lt;/p></description></item></channel></rss>