<rss version="2.0" xmlns:atom="http://www.w3.org/2005/Atom"><channel><title>Documentation – Create Named Range in a Workbook</title><link>https://docs2.aspose.com/cells/cpp/developerguide/data/create+named+range+in+a+workbook/</link><description>Recent content in Create Named Range in a Workbook on Documentation</description><generator>Hugo -- gohugo.io</generator><atom:link href="https://docs2.aspose.com/cells/cpp/developerguide/data/create+named+range+in+a+workbook/index.xml" rel="self" type="application/rss+xml"/></channel></rss>