<rss version="2.0" xmlns:atom="http://www.w3.org/2005/Atom"><channel><title>Documentation – Apply Conditional Formatting in Worksheet</title><link>https://docs2.aspose.com/cells/cpp/developerguide/data/apply+conditional+formatting+in+worksheet/</link><description>Recent content in Apply Conditional Formatting in Worksheet on Documentation</description><generator>Hugo -- gohugo.io</generator><atom:link href="https://docs2.aspose.com/cells/cpp/developerguide/data/apply+conditional+formatting+in+worksheet/index.xml" rel="self" type="application/rss+xml"/></channel></rss>