<rss version="2.0" xmlns:atom="http://www.w3.org/2005/Atom"><channel><title>Documentation – Import Report Definition File for SSRS2008 or SSRS2008R2</title><link>https://docs2.aspose.com/cells/reportingservices/newfeatures/reportdesigner/import+report+definition+file+for+ssrs2008+or+ssrs2008r2/</link><description>Recent content in Import Report Definition File for SSRS2008 or SSRS2008R2 on Documentation</description><generator>Hugo -- gohugo.io</generator><atom:link href="https://docs2.aspose.com/cells/reportingservices/newfeatures/reportdesigner/import+report+definition+file+for+ssrs2008+or+ssrs2008r2/index.xml" rel="self" type="application/rss+xml"/></channel></rss>