<rss version="2.0" xmlns:atom="http://www.w3.org/2005/Atom"><channel><title>Documentation – Aspose.Cells for Python via Java 19.12 Release Notes</title><link>https://docs2.aspose.com/cells/pythonjava/releasenotes-2019/aspose.cells+for+python+via+java+19.12+release+notes/</link><description>Recent content in Aspose.Cells for Python via Java 19.12 Release Notes on Documentation</description><generator>Hugo -- gohugo.io</generator><atom:link href="https://docs2.aspose.com/cells/pythonjava/releasenotes-2019/aspose.cells+for+python+via+java+19.12+release+notes/index.xml" rel="self" type="application/rss+xml"/></channel></rss>