<rss version="2.0" xmlns:atom="http://www.w3.org/2005/Atom"><channel><title>Documentation – Release Notes - 2012</title><link>https://docs2.aspose.com/cells/jasperreports/releasenotes/2012/</link><description>Recent content in Release Notes - 2012 on Documentation</description><generator>Hugo -- gohugo.io</generator><atom:link href="https://docs2.aspose.com/cells/jasperreports/releasenotes/2012/index.xml" rel="self" type="application/rss+xml"/><item><title>Jasperreports: Aspose.Cells for JasperReports 1.1.1 Release Notes</title><link>https://docs2.aspose.com/cells/jasperreports/releasenotes/2012/aspose.cells+for+jasperreports+1.1.1+release+notes/</link><pubDate>Mon, 01 Jan 0001 00:00:00 +0000</pubDate><guid>https://docs2.aspose.com/cells/jasperreports/releasenotes/2012/aspose.cells+for+jasperreports+1.1.1+release+notes/</guid><description>
&lt;p>Aspose.Cells for JasperReports : Aspose.Cells for JasperReports 1.1.1 Release Notes&lt;/p>
&lt;h1 id="asposecells-for-jasperreports--asposecells-for-jasperreports-111-release-notes">Aspose.Cells for JasperReports : Aspose.Cells for JasperReports 1.1.1 Release Notes&lt;/h1>
&lt;p>This page contains release notes for &lt;a href="http://www.aspose.com/downloads/cells/jasperreports/new-releases/aspose.cells-for-jasperreports-1.1.1/">Aspose.Cells for JasperReports 1.1.1&lt;/a>&lt;/p>
&lt;p>We are happy to announce Aspose.Cells for JasperReports v1.1.1!&lt;/p>
&lt;p>What&amp;rsquo;s new:&lt;/p>
&lt;ul>
&lt;li>Fixed a bug when chart has no series or series display is not correct.&lt;/li>
&lt;li>Fixed several bugs of parsing Microsoft Excel 2007 files.&lt;/li>
&lt;/ul></description></item><item><title>Jasperreports: Aspose.Cells for JasperReports 1.1.2 Release Notes</title><link>https://docs2.aspose.com/cells/jasperreports/releasenotes/2012/aspose.cells+for+jasperreports+1.1.2+release+notes/</link><pubDate>Mon, 01 Jan 0001 00:00:00 +0000</pubDate><guid>https://docs2.aspose.com/cells/jasperreports/releasenotes/2012/aspose.cells+for+jasperreports+1.1.2+release+notes/</guid><description>
&lt;p>Aspose.Cells for JasperReports : Aspose.Cells for JasperReports 1.1.2 Release Notes&lt;/p>
&lt;h1 id="asposecells-for-jasperreports--asposecells-for-jasperreports-112-release-notes">Aspose.Cells for JasperReports : Aspose.Cells for JasperReports 1.1.2 Release Notes&lt;/h1>
&lt;p>This page contains release notes for &lt;a href="http://www.aspose.com/downloads/cells/jasperreports/new-releases/aspose.cells-for-jasperreports-1.1.2/">Aspose.Cells for JasperReports 1.1.2&lt;/a>&lt;/p>
&lt;p>New Features&lt;/p>
&lt;p>JasperReports 4.0, 4.5 and 4.7&lt;/p></description></item></channel></rss>