<rss version="2.0" xmlns:atom="http://www.w3.org/2005/Atom"><channel><title>Documentation – Configuration</title><link>https://docs2.aspose.com/cells/reportingservices/userguide/configuration/</link><description>Recent content in Configuration on Documentation</description><generator>Hugo -- gohugo.io</generator><atom:link href="https://docs2.aspose.com/cells/reportingservices/userguide/configuration/index.xml" rel="self" type="application/rss+xml"/><item><title>Reportingservices: Gridlines</title><link>https://docs2.aspose.com/cells/reportingservices/userguide/configuration/gridlines/</link><pubDate>Mon, 01 Jan 0001 00:00:00 +0000</pubDate><guid>https://docs2.aspose.com/cells/reportingservices/userguide/configuration/gridlines/</guid><description>
&lt;p>Aspose.Cells for Reporting Services : Gridlines&lt;/p>
&lt;h1 id="asposecells-for-reporting-services--gridlines">Aspose.Cells for Reporting Services : Gridlines&lt;/h1>
&lt;p>Gridlines are configured in &lt;strong>Aspose.Cells.ReportingServices.xml&lt;/strong> so you can control whether an exported Microsoft Excel file shows grid lines. The default value is &lt;strong>off&lt;/strong>, meaning that gridlines are not displayed.&lt;/p>
&lt;div class="position-relative">
&lt;div class="position-absolute" style="right:0;">
&lt;button class="btn btn-light" data-clipboard-target="#clipboard_4b8a0ae1e2">
Copy
&lt;/button>
&lt;/div>
&lt;div id="clipboard_4b8a0ae1e2">
&lt;div class="highlight">&lt;pre style="background-color:#f8f8f8;-moz-tab-size:4;-o-tab-size:4;tab-size:4">&lt;code class="language-cs" data-lang="cs">
&lt;span style="color:#000;font-weight:bold">&amp;lt;&lt;/span>&lt;span style="color:#000">Aspose&lt;/span>&lt;span style="color:#000;font-weight:bold">&amp;gt;&lt;/span>
&lt;span style="color:#000;font-weight:bold">...&lt;/span>
&lt;span style="color:#000;font-weight:bold">&amp;lt;&lt;/span>&lt;span style="color:#000">DataWorkSheet&lt;/span>&lt;span style="color:#000;font-weight:bold">&amp;gt;&lt;/span>
&lt;span style="color:#000;font-weight:bold">&amp;lt;&lt;/span>&lt;span style="color:#000">GridLine&lt;/span> &lt;span style="color:#204a87;font-weight:bold">value&lt;/span>&lt;span style="color:#000;font-weight:bold">=&lt;/span>&lt;span style="color:#4e9a06">&amp;#34;off&amp;#34;&lt;/span>&lt;span style="color:#000;font-weight:bold">/&amp;gt;&lt;/span>
&lt;span style="color:#000;font-weight:bold">&amp;lt;/&lt;/span>&lt;span style="color:#000">DataWorkSheet&lt;/span>&lt;span style="color:#000;font-weight:bold">&amp;gt;&lt;/span>
&lt;span style="color:#000;font-weight:bold">...&lt;/span>
&lt;span style="color:#000;font-weight:bold">&amp;lt;/&lt;/span>&lt;span style="color:#000">Aspose&lt;/span>&lt;span style="color:#000;font-weight:bold">&amp;gt;&lt;/span>
&lt;/code>&lt;/pre>&lt;/div>
&lt;/div>
&lt;/div></description></item><item><title>Reportingservices: Delimiters</title><link>https://docs2.aspose.com/cells/reportingservices/userguide/configuration/delimiters/</link><pubDate>Mon, 01 Jan 0001 00:00:00 +0000</pubDate><guid>https://docs2.aspose.com/cells/reportingservices/userguide/configuration/delimiters/</guid><description>
&lt;p>Aspose.Cells for Reporting Services : Delimiters&lt;/p>
&lt;h1 id="asposecells-for-reporting-services--delimiters">Aspose.Cells for Reporting Services : Delimiters&lt;/h1>
&lt;p>Aspose.Cells for Reporting Services supports a specified delimiter when rendering TXT or CSV format. Two settings control the field delimiter in Aspose.Cells for Reporting Services.&lt;/p>
&lt;ol>
&lt;li>The field delimiter parameter in &lt;strong>rsreportserver.config&lt;/strong> can only control a specified rendering extension.&lt;/li>
&lt;/ol>
&lt;div class="position-relative">
&lt;div class="position-absolute" style="right:0;">
&lt;button class="btn btn-light" data-clipboard-target="#clipboard_702d130dfc">
Copy
&lt;/button>
&lt;/div>
&lt;div id="clipboard_702d130dfc">
&lt;div class="highlight">&lt;pre style="background-color:#f8f8f8;-moz-tab-size:4;-o-tab-size:4;tab-size:4">&lt;code class="language-cs" data-lang="cs">
&lt;span style="color:#000;font-weight:bold">&amp;lt;&lt;/span>&lt;span style="color:#000">Extension&lt;/span> &lt;span style="color:#000">Name&lt;/span>&lt;span style="color:#000;font-weight:bold">=&lt;/span>&lt;span style="color:#4e9a06">&amp;#34;ACTXT&amp;#34;&lt;/span> &lt;span style="color:#000">Type&lt;/span>&lt;span style="color:#000;font-weight:bold">=&lt;/span>&lt;span style="color:#4e9a06">&amp;#34;Aspose.Cells.ReportingServices.TabDelimitedRenderer,Aspose.Cells.ReportingServices&amp;#34;&lt;/span> &lt;span style="color:#000;font-weight:bold">&amp;gt;&lt;/span>
&lt;span style="color:#000;font-weight:bold">&amp;lt;&lt;/span>&lt;span style="color:#000">Configuration&lt;/span>&lt;span style="color:#000;font-weight:bold">&amp;gt;&lt;/span>
&lt;span style="color:#000;font-weight:bold">&amp;lt;&lt;/span>&lt;span style="color:#000">DeviceInfo&lt;/span>&lt;span style="color:#000;font-weight:bold">&amp;gt;&lt;/span>
&lt;span style="color:#000;font-weight:bold">&amp;lt;&lt;/span>&lt;span style="color:#000">FieldDelimiter&lt;/span>&lt;span style="color:#000;font-weight:bold">&amp;gt;,&amp;lt;/&lt;/span>&lt;span style="color:#000">FieldDelimiter&lt;/span>&lt;span style="color:#000;font-weight:bold">&amp;gt;&lt;/span>
&lt;span style="color:#000;font-weight:bold">&amp;lt;/&lt;/span>&lt;span style="color:#000">DeviceInfo&lt;/span>&lt;span style="color:#000;font-weight:bold">&amp;gt;&lt;/span>
&lt;span style="color:#000;font-weight:bold">&amp;lt;/&lt;/span>&lt;span style="color:#000">Configuration&lt;/span>&lt;span style="color:#000;font-weight:bold">&amp;gt;&lt;/span>
&lt;span style="color:#000;font-weight:bold">&amp;lt;/&lt;/span>&lt;span style="color:#000">Extension&lt;/span>&lt;span style="color:#000;font-weight:bold">&amp;gt;&lt;/span>
&lt;span style="color:#000">Specified&lt;/span> &lt;span style="color:#000">field&lt;/span> &lt;span style="color:#000">delimiters&lt;/span> &lt;span style="color:#000">configuration&lt;/span> &lt;span style="color:#000">reference&lt;/span>&lt;span style="color:#000;font-weight:bold">:&lt;/span>
&lt;span style="color:#000;font-weight:bold">----&lt;/span>&lt;span style="color:#000">blank&lt;/span> &lt;span style="color:#000">delimiter&lt;/span>
&lt;span style="color:#000;font-weight:bold">&amp;lt;&lt;/span>&lt;span style="color:#000">Extension&lt;/span> &lt;span style="color:#000">Name&lt;/span>&lt;span style="color:#000;font-weight:bold">=&lt;/span>&lt;span style="color:#4e9a06">&amp;#34;ACTXT&amp;#34;&lt;/span> &lt;span style="color:#000">Type&lt;/span>&lt;span style="color:#000;font-weight:bold">=&lt;/span>&lt;span style="color:#4e9a06">&amp;#34;Aspose.Cells.ReportingServices.TabDelimitedRenderer,Aspose.Cells.ReportingServices&amp;#34;&lt;/span> &lt;span style="color:#000;font-weight:bold">&amp;gt;&lt;/span>
&lt;span style="color:#000;font-weight:bold">&amp;lt;&lt;/span>&lt;span style="color:#000">Configuration&lt;/span>&lt;span style="color:#000;font-weight:bold">&amp;gt;&lt;/span>
&lt;span style="color:#000;font-weight:bold">&amp;lt;&lt;/span>&lt;span style="color:#000">DeviceInfo&lt;/span>&lt;span style="color:#000;font-weight:bold">&amp;gt;&lt;/span>
&lt;span style="color:#000;font-weight:bold">&amp;lt;&lt;/span>&lt;span style="color:#000">FieldDelimiter&lt;/span>&lt;span style="color:#000;font-weight:bold">&amp;gt;&lt;/span>&lt;span style="color:#000">blank&lt;/span>&lt;span style="color:#000;font-weight:bold">&amp;lt;/&lt;/span>&lt;span style="color:#000">FieldDelimiter&lt;/span>&lt;span style="color:#000;font-weight:bold">&amp;gt;&lt;/span>
&lt;span style="color:#000;font-weight:bold">&amp;lt;/&lt;/span>&lt;span style="color:#000">DeviceInfo&lt;/span>&lt;span style="color:#000;font-weight:bold">&amp;gt;&lt;/span>
&lt;span style="color:#000;font-weight:bold">&amp;lt;/&lt;/span>&lt;span style="color:#000">Configuration&lt;/span>&lt;span style="color:#000;font-weight:bold">&amp;gt;&lt;/span>
&lt;span style="color:#000;font-weight:bold">&amp;lt;/&lt;/span>&lt;span style="color:#000">Extension&lt;/span>&lt;span style="color:#000;font-weight:bold">&amp;gt;&lt;/span>
&lt;span style="color:#000;font-weight:bold">----&lt;/span> &lt;span style="color:#000">tab&lt;/span> &lt;span style="color:#000">delimiter&lt;/span>
&lt;span style="color:#000;font-weight:bold">&amp;lt;&lt;/span>&lt;span style="color:#000">Extension&lt;/span> &lt;span style="color:#000">Name&lt;/span>&lt;span style="color:#000;font-weight:bold">=&lt;/span>&lt;span style="color:#4e9a06">&amp;#34;ACTXT&amp;#34;&lt;/span> &lt;span style="color:#000">Type&lt;/span>&lt;span style="color:#000;font-weight:bold">=&lt;/span>&lt;span style="color:#4e9a06">&amp;#34;Aspose.Cells.ReportingServices.TabDelimitedRenderer,Aspose.Cells.ReportingServices&amp;#34;&lt;/span> &lt;span style="color:#000;font-weight:bold">&amp;gt;&lt;/span>
&lt;span style="color:#000;font-weight:bold">&amp;lt;&lt;/span>&lt;span style="color:#000">Configuration&lt;/span>&lt;span style="color:#000;font-weight:bold">&amp;gt;&lt;/span>
&lt;span style="color:#000;font-weight:bold">&amp;lt;&lt;/span>&lt;span style="color:#000">DeviceInfo&lt;/span>&lt;span style="color:#000;font-weight:bold">&amp;gt;&lt;/span>
&lt;span style="color:#000;font-weight:bold">&amp;lt;&lt;/span>&lt;span style="color:#000">FieldDelimiter&lt;/span>&lt;span style="color:#000;font-weight:bold">&amp;gt;&lt;/span>&lt;span style="color:#000">tab&lt;/span>&lt;span style="color:#000;font-weight:bold">&amp;lt;/&lt;/span>&lt;span style="color:#000">FieldDelimiter&lt;/span>&lt;span style="color:#000;font-weight:bold">&amp;gt;&lt;/span>
&lt;span style="color:#000;font-weight:bold">&amp;lt;/&lt;/span>&lt;span style="color:#000">DeviceInfo&lt;/span>&lt;span style="color:#000;font-weight:bold">&amp;gt;&lt;/span>
&lt;span style="color:#000;font-weight:bold">&amp;lt;/&lt;/span>&lt;span style="color:#000">Configuration&lt;/span>&lt;span style="color:#000;font-weight:bold">&amp;gt;&lt;/span>
&lt;span style="color:#000;font-weight:bold">&amp;lt;/&lt;/span>&lt;span style="color:#000">Extension&lt;/span>&lt;span style="color:#000;font-weight:bold">&amp;gt;&lt;/span>
&lt;/code>&lt;/pre>&lt;/div>
&lt;/div>
&lt;/div>
&lt;ol start="2">
&lt;li>The field delimiter parameter in &lt;strong>Aspose.Cells.ReportingServices.xml&lt;/strong> can control all TXT type rendering extensions.&lt;/li>
&lt;/ol>
&lt;div class="position-relative">
&lt;div class="position-absolute" style="right:0;">
&lt;button class="btn btn-light" data-clipboard-target="#clipboard_34c18f5f39">
Copy
&lt;/button>
&lt;/div>
&lt;div id="clipboard_34c18f5f39">
&lt;div class="highlight">&lt;pre style="background-color:#f8f8f8;-moz-tab-size:4;-o-tab-size:4;tab-size:4">&lt;code class="language-cs" data-lang="cs">
&lt;span style="color:#000;font-weight:bold">&amp;lt;&lt;/span>&lt;span style="color:#000">CSVRender&lt;/span> &lt;span style="color:#000">Mode&lt;/span>&lt;span style="color:#000;font-weight:bold">=&lt;/span>&lt;span style="color:#4e9a06">&amp;#34;Default&amp;#34;&lt;/span>&lt;span style="color:#000;font-weight:bold">&amp;gt;&lt;/span>
&lt;span style="color:#000;font-weight:bold">&amp;lt;&lt;/span>&lt;span style="color:#000">encode&lt;/span> &lt;span style="color:#204a87;font-weight:bold">value&lt;/span>&lt;span style="color:#000;font-weight:bold">=&lt;/span>&lt;span style="color:#4e9a06">&amp;#34;Default&amp;#34;&lt;/span>&lt;span style="color:#000;font-weight:bold">/&amp;gt;&lt;/span>
&lt;span style="color:#000;font-weight:bold">&amp;lt;&lt;/span>&lt;span style="color:#000">Delimiters&lt;/span> &lt;span style="color:#204a87;font-weight:bold">value&lt;/span>&lt;span style="color:#000;font-weight:bold">=&lt;/span>&lt;span style="color:#4e9a06">&amp;#34;,&amp;#34;&lt;/span>&lt;span style="color:#000;font-weight:bold">/&amp;gt;&lt;/span>
&lt;span style="color:#000;font-weight:bold">&amp;lt;&lt;/span>&lt;span style="color:#000">RenderTableList&lt;/span> &lt;span style="color:#204a87;font-weight:bold">value&lt;/span> &lt;span style="color:#000;font-weight:bold">=&lt;/span>&lt;span style="color:#4e9a06">&amp;#34;False&amp;#34;&lt;/span>&lt;span style="color:#000;font-weight:bold">/&amp;gt;&lt;/span>
&lt;span style="color:#000;font-weight:bold">&amp;lt;&lt;/span>&lt;span style="color:#000">report&lt;/span> &lt;span style="color:#000">name&lt;/span>&lt;span style="color:#000;font-weight:bold">=&lt;/span>&lt;span style="color:#4e9a06">&amp;#34;&amp;#34;&lt;/span> &lt;span style="color:#000">Mode&lt;/span>&lt;span style="color:#000;font-weight:bold">=&lt;/span>&lt;span style="color:#4e9a06">&amp;#34;&amp;#34;&lt;/span> &lt;span style="color:#000">encode&lt;/span>&lt;span style="color:#000;font-weight:bold">=&lt;/span>&lt;span style="color:#4e9a06">&amp;#34;&amp;#34;&lt;/span> &lt;span style="color:#000">Delimiters&lt;/span>&lt;span style="color:#000;font-weight:bold">=&lt;/span>&lt;span style="color:#4e9a06">&amp;#34;&amp;#34;&lt;/span> &lt;span style="color:#000">RenderTableList&lt;/span>&lt;span style="color:#000;font-weight:bold">=&lt;/span>&lt;span style="color:#4e9a06">&amp;#34;&amp;#34;&lt;/span>&lt;span style="color:#000;font-weight:bold">/&amp;gt;&lt;/span>
&lt;span style="color:#000;font-weight:bold">&amp;lt;&lt;/span>&lt;span style="color:#000">NoOutPutIsValid&lt;/span> &lt;span style="color:#000">ALL&lt;/span>&lt;span style="color:#000;font-weight:bold">=&lt;/span>&lt;span style="color:#4e9a06">&amp;#34;False&amp;#34;&lt;/span>&lt;span style="color:#000;font-weight:bold">/&amp;gt;&lt;/span>
&lt;span style="color:#000;font-weight:bold">&amp;lt;/&lt;/span>&lt;span style="color:#000">CSVRender&lt;/span>&lt;span style="color:#000;font-weight:bold">&amp;gt;&lt;/span>
&lt;/code>&lt;/pre>&lt;/div>
&lt;/div>
&lt;/div>
&lt;p>The field delimiter parameter in &lt;strong>rsreportserver.config&lt;/strong> takes priority over the field delimiter parameter in &lt;strong>Aspose.Cells.ReportingServices.xml&lt;/strong>. When the field delimiter parameter in &lt;strong>rsreportserver.config&lt;/strong> is null or the default value, the field delimiter parameter in &lt;strong>Aspose.Cells.ReportingServices.xml&lt;/strong> is used.&lt;/p></description></item><item><title>Reportingservices: Performance</title><link>https://docs2.aspose.com/cells/reportingservices/userguide/configuration/performance/</link><pubDate>Mon, 01 Jan 0001 00:00:00 +0000</pubDate><guid>https://docs2.aspose.com/cells/reportingservices/userguide/configuration/performance/</guid><description>
&lt;p>Aspose.Cells for Reporting Services : Performance&lt;/p>
&lt;h1 id="asposecells-for-reporting-services--performance">Aspose.Cells for Reporting Services : Performance&lt;/h1>
&lt;p>To improve performance, set the &lt;code>Performance&lt;/code> parameter to &lt;strong>ON&lt;/strong>.&lt;/p>
&lt;div class="position-relative">
&lt;div class="position-absolute" style="right:0;">
&lt;button class="btn btn-light" data-clipboard-target="#clipboard_03c6665849">
Copy
&lt;/button>
&lt;/div>
&lt;div id="clipboard_03c6665849">
&lt;div class="highlight">&lt;pre style="background-color:#f8f8f8;-moz-tab-size:4;-o-tab-size:4;tab-size:4">&lt;code class="language-cs" data-lang="cs">
&lt;span style="color:#000;font-weight:bold">&amp;lt;&lt;/span>&lt;span style="color:#000">Performance&lt;/span> &lt;span style="color:#204a87;font-weight:bold">value&lt;/span>&lt;span style="color:#000;font-weight:bold">=&lt;/span>&lt;span style="color:#4e9a06">&amp;#34;ON&amp;#34;&lt;/span> &lt;span style="color:#000">IsAutoRowFit&lt;/span> &lt;span style="color:#000;font-weight:bold">=&lt;/span>&lt;span style="color:#4e9a06">&amp;#34;True&amp;#34;&lt;/span> &lt;span style="color:#000">IsMerged&lt;/span>&lt;span style="color:#000;font-weight:bold">=&lt;/span>&lt;span style="color:#4e9a06">&amp;#34;True&amp;#34;&lt;/span> &lt;span style="color:#000">IsSetStyle&lt;/span>&lt;span style="color:#000;font-weight:bold">=&lt;/span>&lt;span style="color:#4e9a06">&amp;#34;True&amp;#34;&lt;/span> &lt;span style="color:#000">IsConditionalFormatting&lt;/span> &lt;span style="color:#000;font-weight:bold">=&lt;/span>&lt;span style="color:#4e9a06">&amp;#34;False&amp;#34;&lt;/span>&lt;span style="color:#000;font-weight:bold">&amp;gt;&lt;/span>
&lt;span style="color:#000;font-weight:bold">&amp;lt;&lt;/span>&lt;span style="color:#000">Report&lt;/span> &lt;span style="color:#000">name&lt;/span>&lt;span style="color:#000;font-weight:bold">=&lt;/span>&lt;span style="color:#4e9a06">&amp;#34;&amp;#34;&lt;/span>&lt;span style="color:#000;font-weight:bold">&amp;gt;&lt;/span>
&lt;span style="color:#000;font-weight:bold">&amp;lt;&lt;/span>&lt;span style="color:#000">AutoRowFit&lt;/span> &lt;span style="color:#204a87;font-weight:bold">value&lt;/span>&lt;span style="color:#000;font-weight:bold">=&lt;/span>&lt;span style="color:#4e9a06">&amp;#34;True&amp;#34;&lt;/span>&lt;span style="color:#000;font-weight:bold">/&amp;gt;&lt;/span>
&lt;span style="color:#000;font-weight:bold">&amp;lt;&lt;/span>&lt;span style="color:#000">SetStyle&lt;/span> &lt;span style="color:#204a87;font-weight:bold">value&lt;/span>&lt;span style="color:#000;font-weight:bold">=&lt;/span>&lt;span style="color:#4e9a06">&amp;#34;True&amp;#34;&lt;/span>&lt;span style="color:#000;font-weight:bold">/&amp;gt;&lt;/span>
&lt;span style="color:#000;font-weight:bold">&amp;lt;&lt;/span>&lt;span style="color:#000">Merged&lt;/span> &lt;span style="color:#204a87;font-weight:bold">value&lt;/span>&lt;span style="color:#000;font-weight:bold">=&lt;/span>&lt;span style="color:#4e9a06">&amp;#34;True&amp;#34;&lt;/span>&lt;span style="color:#000;font-weight:bold">/&amp;gt;&lt;/span>
&lt;span style="color:#000;font-weight:bold">&amp;lt;&lt;/span>&lt;span style="color:#000">ConditionalFormatting&lt;/span> &lt;span style="color:#204a87;font-weight:bold">value&lt;/span>&lt;span style="color:#000;font-weight:bold">=&lt;/span>&lt;span style="color:#4e9a06">&amp;#34;True&amp;#34;&lt;/span>&lt;span style="color:#000;font-weight:bold">/&amp;gt;&lt;/span>
&lt;span style="color:#000;font-weight:bold">&amp;lt;/&lt;/span>&lt;span style="color:#000">Report&lt;/span>&lt;span style="color:#000;font-weight:bold">&amp;gt;&lt;/span>
&lt;span style="color:#000;font-weight:bold">&amp;lt;/&lt;/span>&lt;span style="color:#000">Performance&lt;/span>&lt;span style="color:#000;font-weight:bold">&amp;gt;&lt;/span>
&lt;/code>&lt;/pre>&lt;/div>
&lt;/div>
&lt;/div>
&lt;p>The various performance parameters are as follows:&lt;/p>
&lt;ul>
&lt;li>&lt;strong>&lt;code>LimitCellsNumberForMerged&lt;/code>&lt;/strong>: the maximum number of cells that can be merged. The default value 1,000,000. The parameter value is set by the user and is not affected by the performance parameter switch.&lt;/li>
&lt;/ul>
&lt;div class="position-relative">
&lt;div class="position-absolute" style="right:0;">
&lt;button class="btn btn-light" data-clipboard-target="#clipboard_52ddf8e82a">
Copy
&lt;/button>
&lt;/div>
&lt;div id="clipboard_52ddf8e82a">
&lt;div class="highlight">&lt;pre style="background-color:#f8f8f8;-moz-tab-size:4;-o-tab-size:4;tab-size:4">&lt;code class="language-cs" data-lang="cs">
&lt;span style="color:#000;font-weight:bold">&amp;lt;&lt;/span>&lt;span style="color:#000">Performance&lt;/span> &lt;span style="color:#204a87;font-weight:bold">value&lt;/span>&lt;span style="color:#000;font-weight:bold">=&lt;/span>&lt;span style="color:#4e9a06">&amp;#34;ON&amp;#34;&lt;/span> &lt;span style="color:#000">IsAutoRowFit&lt;/span> &lt;span style="color:#000;font-weight:bold">=&lt;/span>&lt;span style="color:#4e9a06">&amp;#34;True&amp;#34;&lt;/span> &lt;span style="color:#000">IsMerged&lt;/span>&lt;span style="color:#000;font-weight:bold">=&lt;/span>&lt;span style="color:#4e9a06">&amp;#34;True&amp;#34;&lt;/span> &lt;span style="color:#000">LimitCellsNumberForMerged&lt;/span>&lt;span style="color:#000;font-weight:bold">=&lt;/span>&lt;span style="color:#4e9a06">&amp;#34;10000&amp;#34;&lt;/span> &lt;span style="color:#000">IsSetStyle&lt;/span>&lt;span style="color:#000;font-weight:bold">=&lt;/span>&lt;span style="color:#4e9a06">&amp;#34;True&amp;#34;&lt;/span> &lt;span style="color:#000">IsConditionalFormatting&lt;/span> &lt;span style="color:#000;font-weight:bold">=&lt;/span>&lt;span style="color:#4e9a06">&amp;#34;True&amp;#34;&lt;/span>&lt;span style="color:#000;font-weight:bold">&amp;gt;&lt;/span>
&lt;/code>&lt;/pre>&lt;/div>
&lt;/div>
&lt;/div>
&lt;ul>
&lt;li>&lt;strong>&lt;code>IsAutoRowFit&lt;/code>&lt;/strong>: When the value of &lt;code>Performance&lt;/code> is &lt;strong>off&lt;/strong>, the value of &lt;code>IsAutoRowFit&lt;/code> is &lt;strong>false&lt;/strong> by default. When the value of performance parameter is &lt;strong>on&lt;/strong>, the value is &lt;strong>true&lt;/strong> by default. When the value of &lt;code>Performance&lt;/code> is &lt;strong>on&lt;/strong>, a sub-element report can reset point report to the &lt;code>AutoRowFit&lt;/code> value.&lt;/li>
&lt;/ul>
&lt;div class="position-relative">
&lt;div class="position-absolute" style="right:0;">
&lt;button class="btn btn-light" data-clipboard-target="#clipboard_a1f47bd660">
Copy
&lt;/button>
&lt;/div>
&lt;div id="clipboard_a1f47bd660">
&lt;div class="highlight">&lt;pre style="background-color:#f8f8f8;-moz-tab-size:4;-o-tab-size:4;tab-size:4">&lt;code class="language-cs" data-lang="cs">
&lt;span style="color:#000;font-weight:bold">&amp;lt;&lt;/span>&lt;span style="color:#000">Performance&lt;/span> &lt;span style="color:#204a87;font-weight:bold">value&lt;/span>&lt;span style="color:#000;font-weight:bold">=&lt;/span>&lt;span style="color:#4e9a06">&amp;#34;ON&amp;#34;&lt;/span> &lt;span style="color:#000">IsAutoRowFit&lt;/span> &lt;span style="color:#000;font-weight:bold">=&lt;/span>&lt;span style="color:#4e9a06">&amp;#34;True&amp;#34;&lt;/span> &lt;span style="color:#000">IsMerged&lt;/span>&lt;span style="color:#000;font-weight:bold">=&lt;/span>&lt;span style="color:#4e9a06">&amp;#34;True&amp;#34;&lt;/span> &lt;span style="color:#000">IsSetStyle&lt;/span>&lt;span style="color:#000;font-weight:bold">=&lt;/span>&lt;span style="color:#4e9a06">&amp;#34;True&amp;#34;&lt;/span> &lt;span style="color:#000">IsConditionalFormatting&lt;/span> &lt;span style="color:#000;font-weight:bold">=&lt;/span>&lt;span style="color:#4e9a06">&amp;#34;True&amp;#34;&lt;/span>&lt;span style="color:#000;font-weight:bold">&amp;gt;&lt;/span>
&lt;span style="color:#000;font-weight:bold">&amp;lt;&lt;/span>&lt;span style="color:#000">Report&lt;/span> &lt;span style="color:#000">name&lt;/span>&lt;span style="color:#000;font-weight:bold">=&lt;/span>&lt;span style="color:#4e9a06">&amp;#34;Test&amp;#34;&lt;/span>&lt;span style="color:#000;font-weight:bold">&amp;gt;&lt;/span>
&lt;span style="color:#000;font-weight:bold">&amp;lt;&lt;/span>&lt;span style="color:#000">AutoRowFit&lt;/span> &lt;span style="color:#204a87;font-weight:bold">value&lt;/span>&lt;span style="color:#000;font-weight:bold">=&lt;/span>&lt;span style="color:#4e9a06">&amp;#34;False&amp;#34;&lt;/span>&lt;span style="color:#000;font-weight:bold">/&amp;gt;&lt;/span>
&lt;span style="color:#000;font-weight:bold">&amp;lt;&lt;/span>&lt;span style="color:#000">SetStyle&lt;/span> &lt;span style="color:#204a87;font-weight:bold">value&lt;/span>&lt;span style="color:#000;font-weight:bold">=&lt;/span>&lt;span style="color:#4e9a06">&amp;#34;True&amp;#34;&lt;/span>&lt;span style="color:#000;font-weight:bold">/&amp;gt;&lt;/span>
&lt;span style="color:#000;font-weight:bold">&amp;lt;&lt;/span>&lt;span style="color:#000">Merged&lt;/span> &lt;span style="color:#204a87;font-weight:bold">value&lt;/span>&lt;span style="color:#000;font-weight:bold">=&lt;/span>&lt;span style="color:#4e9a06">&amp;#34;True&amp;#34;&lt;/span>&lt;span style="color:#000;font-weight:bold">/&amp;gt;&lt;/span>
&lt;span style="color:#000;font-weight:bold">&amp;lt;&lt;/span>&lt;span style="color:#000">ConditionalFormatting&lt;/span> &lt;span style="color:#204a87;font-weight:bold">value&lt;/span>&lt;span style="color:#000;font-weight:bold">=&lt;/span>&lt;span style="color:#4e9a06">&amp;#34;True&amp;#34;&lt;/span>&lt;span style="color:#000;font-weight:bold">/&amp;gt;&lt;/span>
&lt;span style="color:#000;font-weight:bold">&amp;lt;/&lt;/span>&lt;span style="color:#000">Report&lt;/span>&lt;span style="color:#000;font-weight:bold">&amp;gt;&lt;/span>
&lt;span style="color:#000;font-weight:bold">&amp;lt;/&lt;/span>&lt;span style="color:#000">Performance&lt;/span>&lt;span style="color:#000;font-weight:bold">&amp;gt;&lt;/span>
&lt;/code>&lt;/pre>&lt;/div>
&lt;/div>
&lt;/div>
&lt;ul>
&lt;li>&lt;strong>&lt;code>IsMerged&lt;/code>&lt;/strong>: When the value of &lt;code>Performance&lt;/code> is &lt;strong>off&lt;/strong>, &lt;code>IsMerged&lt;/code> default value is &lt;strong>false&lt;/strong>. When the value of &lt;code>Performance&lt;/code> is &lt;strong>on&lt;/strong>, the default value is &lt;strong>true&lt;/strong>. When the value &lt;code>Performance&lt;/code> parameter is &lt;strong>on&lt;/strong>, a sub-element report can reset the point report to the &lt;code>AutoRowFit&lt;/code> value.&lt;/li>
&lt;/ul>
&lt;div class="position-relative">
&lt;div class="position-absolute" style="right:0;">
&lt;button class="btn btn-light" data-clipboard-target="#clipboard_0b3902007a">
Copy
&lt;/button>
&lt;/div>
&lt;div id="clipboard_0b3902007a">
&lt;div class="highlight">&lt;pre style="background-color:#f8f8f8;-moz-tab-size:4;-o-tab-size:4;tab-size:4">&lt;code class="language-cs" data-lang="cs">
&lt;span style="color:#000;font-weight:bold">&amp;lt;&lt;/span>&lt;span style="color:#000">Performance&lt;/span> &lt;span style="color:#204a87;font-weight:bold">value&lt;/span>&lt;span style="color:#000;font-weight:bold">=&lt;/span>&lt;span style="color:#4e9a06">&amp;#34;ON&amp;#34;&lt;/span> &lt;span style="color:#000">IsAutoRowFit&lt;/span> &lt;span style="color:#000;font-weight:bold">=&lt;/span>&lt;span style="color:#4e9a06">&amp;#34;True&amp;#34;&lt;/span> &lt;span style="color:#000">IsMerged&lt;/span>&lt;span style="color:#000;font-weight:bold">=&lt;/span>&lt;span style="color:#4e9a06">&amp;#34;True&amp;#34;&lt;/span> &lt;span style="color:#000">IsSetStyle&lt;/span>&lt;span style="color:#000;font-weight:bold">=&lt;/span>&lt;span style="color:#4e9a06">&amp;#34;True&amp;#34;&lt;/span> &lt;span style="color:#000">IsConditionalFormatting&lt;/span> &lt;span style="color:#000;font-weight:bold">=&lt;/span>&lt;span style="color:#4e9a06">&amp;#34;True&amp;#34;&lt;/span>&lt;span style="color:#000;font-weight:bold">&amp;gt;&lt;/span>
&lt;span style="color:#000;font-weight:bold">&amp;lt;&lt;/span>&lt;span style="color:#000">Report&lt;/span> &lt;span style="color:#000">name&lt;/span>&lt;span style="color:#000;font-weight:bold">=&lt;/span>&lt;span style="color:#4e9a06">&amp;#34;&amp;#34;&lt;/span>&lt;span style="color:#000;font-weight:bold">&amp;gt;&lt;/span>
&lt;span style="color:#000;font-weight:bold">&amp;lt;&lt;/span>&lt;span style="color:#000">AutoRowFit&lt;/span> &lt;span style="color:#204a87;font-weight:bold">value&lt;/span>&lt;span style="color:#000;font-weight:bold">=&lt;/span>&lt;span style="color:#4e9a06">&amp;#34;True&amp;#34;&lt;/span>&lt;span style="color:#000;font-weight:bold">/&amp;gt;&lt;/span>
&lt;span style="color:#000;font-weight:bold">&amp;lt;&lt;/span>&lt;span style="color:#000">SetStyle&lt;/span> &lt;span style="color:#204a87;font-weight:bold">value&lt;/span>&lt;span style="color:#000;font-weight:bold">=&lt;/span>&lt;span style="color:#4e9a06">&amp;#34;True&amp;#34;&lt;/span>&lt;span style="color:#000;font-weight:bold">/&amp;gt;&lt;/span>
&lt;span style="color:#000;font-weight:bold">&amp;lt;&lt;/span>&lt;span style="color:#000">Merged&lt;/span> &lt;span style="color:#204a87;font-weight:bold">value&lt;/span>&lt;span style="color:#000;font-weight:bold">=&lt;/span>&lt;span style="color:#4e9a06">&amp;#34;False&amp;#34;&lt;/span>&lt;span style="color:#000;font-weight:bold">/&amp;gt;&lt;/span>
&lt;span style="color:#000;font-weight:bold">&amp;lt;&lt;/span>&lt;span style="color:#000">ConditionalFormatting&lt;/span> &lt;span style="color:#204a87;font-weight:bold">value&lt;/span>&lt;span style="color:#000;font-weight:bold">=&lt;/span>&lt;span style="color:#4e9a06">&amp;#34;True&amp;#34;&lt;/span>&lt;span style="color:#000;font-weight:bold">/&amp;gt;&lt;/span>
&lt;span style="color:#000;font-weight:bold">&amp;lt;/&lt;/span>&lt;span style="color:#000">Report&lt;/span>&lt;span style="color:#000;font-weight:bold">&amp;gt;&lt;/span>
&lt;span style="color:#000;font-weight:bold">&amp;lt;/&lt;/span>&lt;span style="color:#000">Performance&lt;/span>&lt;span style="color:#000;font-weight:bold">&amp;gt;&lt;/span>
&lt;/code>&lt;/pre>&lt;/div>
&lt;/div>
&lt;/div>
&lt;ul>
&lt;li>&lt;strong>&lt;code>IsSetStyle&lt;/code>&lt;/strong>: When the value of &lt;code>Performance&lt;/code> is &lt;strong>off&lt;/strong>, the default value is &lt;strong>false&lt;/strong>. When &lt;code>Performance&lt;/code> is &lt;strong>on&lt;/strong>, the default value is &lt;strong>true&lt;/strong>. Also, when &lt;code>Performance&lt;/code> is &lt;strong>on&lt;/strong>, a sub-element report can reset the point report to the &lt;code>AutoRowFit&lt;/code> value.&lt;/li>
&lt;/ul>
&lt;div class="position-relative">
&lt;div class="position-absolute" style="right:0;">
&lt;button class="btn btn-light" data-clipboard-target="#clipboard_b29888617e">
Copy
&lt;/button>
&lt;/div>
&lt;div id="clipboard_b29888617e">
&lt;div class="highlight">&lt;pre style="background-color:#f8f8f8;-moz-tab-size:4;-o-tab-size:4;tab-size:4">&lt;code class="language-cs" data-lang="cs">
&lt;span style="color:#000;font-weight:bold">&amp;lt;&lt;/span>&lt;span style="color:#000">Performance&lt;/span> &lt;span style="color:#204a87;font-weight:bold">value&lt;/span>&lt;span style="color:#000;font-weight:bold">=&lt;/span>&lt;span style="color:#4e9a06">&amp;#34;ON&amp;#34;&lt;/span> &lt;span style="color:#000">IsAutoRowFit&lt;/span> &lt;span style="color:#000;font-weight:bold">=&lt;/span>&lt;span style="color:#4e9a06">&amp;#34;True&amp;#34;&lt;/span> &lt;span style="color:#000">IsMerged&lt;/span>&lt;span style="color:#000;font-weight:bold">=&lt;/span>&lt;span style="color:#4e9a06">&amp;#34;True&amp;#34;&lt;/span> &lt;span style="color:#000">IsSetStyle&lt;/span>&lt;span style="color:#000;font-weight:bold">=&lt;/span>&lt;span style="color:#4e9a06">&amp;#34;True&amp;#34;&lt;/span> &lt;span style="color:#000">IsConditionalFormatting&lt;/span> &lt;span style="color:#000;font-weight:bold">=&lt;/span>&lt;span style="color:#4e9a06">&amp;#34;True&amp;#34;&lt;/span>&lt;span style="color:#000;font-weight:bold">&amp;gt;&lt;/span>
&lt;span style="color:#000;font-weight:bold">&amp;lt;&lt;/span>&lt;span style="color:#000">Report&lt;/span> &lt;span style="color:#000">name&lt;/span>&lt;span style="color:#000;font-weight:bold">=&lt;/span>&lt;span style="color:#4e9a06">&amp;#34;&amp;#34;&lt;/span>&lt;span style="color:#000;font-weight:bold">&amp;gt;&lt;/span>
&lt;span style="color:#000;font-weight:bold">&amp;lt;&lt;/span>&lt;span style="color:#000">AutoRowFit&lt;/span> &lt;span style="color:#204a87;font-weight:bold">value&lt;/span>&lt;span style="color:#000;font-weight:bold">=&lt;/span>&lt;span style="color:#4e9a06">&amp;#34;True&amp;#34;&lt;/span>&lt;span style="color:#000;font-weight:bold">/&amp;gt;&lt;/span>
&lt;span style="color:#000;font-weight:bold">&amp;lt;&lt;/span>&lt;span style="color:#000">SetStyle&lt;/span> &lt;span style="color:#204a87;font-weight:bold">value&lt;/span>&lt;span style="color:#000;font-weight:bold">=&lt;/span>&lt;span style="color:#4e9a06">&amp;#34;False&amp;#34;&lt;/span>&lt;span style="color:#000;font-weight:bold">/&amp;gt;&lt;/span>
&lt;span style="color:#000;font-weight:bold">&amp;lt;&lt;/span>&lt;span style="color:#000">Merged&lt;/span> &lt;span style="color:#204a87;font-weight:bold">value&lt;/span>&lt;span style="color:#000;font-weight:bold">=&lt;/span>&lt;span style="color:#4e9a06">&amp;#34;True&amp;#34;&lt;/span>&lt;span style="color:#000;font-weight:bold">/&amp;gt;&lt;/span>
&lt;span style="color:#000;font-weight:bold">&amp;lt;&lt;/span>&lt;span style="color:#000">ConditionalFormatting&lt;/span> &lt;span style="color:#204a87;font-weight:bold">value&lt;/span>&lt;span style="color:#000;font-weight:bold">=&lt;/span>&lt;span style="color:#4e9a06">&amp;#34;True&amp;#34;&lt;/span>&lt;span style="color:#000;font-weight:bold">/&amp;gt;&lt;/span>
&lt;span style="color:#000;font-weight:bold">&amp;lt;/&lt;/span>&lt;span style="color:#000">Report&lt;/span>&lt;span style="color:#000;font-weight:bold">&amp;gt;&lt;/span>
&lt;span style="color:#000;font-weight:bold">&amp;lt;/&lt;/span>&lt;span style="color:#000">Performance&lt;/span>&lt;span style="color:#000;font-weight:bold">&amp;gt;&lt;/span>
&lt;/code>&lt;/pre>&lt;/div>
&lt;/div>
&lt;/div>
&lt;ul>
&lt;li>&lt;strong>&lt;code>IsConditionalFormatting&lt;/code>&lt;/strong>: When &lt;code>Performance&lt;/code> is &lt;strong>off&lt;/strong>, the default value is &lt;strong>false&lt;/strong>. When &lt;code>Performance&lt;/code> is &lt;strong>on&lt;/strong>, the default value is &lt;strong>true&lt;/strong>. Also, when &lt;code>Performance&lt;/code> is &lt;strong>on&lt;/strong>, a sub-element report can reset the point report to the &lt;code>AutoRowFit&lt;/code> value. When the &lt;code>IsSetStyle&lt;/code> parameter value is set to &lt;strong>false&lt;/strong>, the value of &lt;code>Performance&lt;/code> is invalid.&lt;/li>
&lt;/ul>
&lt;div class="position-relative">
&lt;div class="position-absolute" style="right:0;">
&lt;button class="btn btn-light" data-clipboard-target="#clipboard_7589264cc3">
Copy
&lt;/button>
&lt;/div>
&lt;div id="clipboard_7589264cc3">
&lt;div class="highlight">&lt;pre style="background-color:#f8f8f8;-moz-tab-size:4;-o-tab-size:4;tab-size:4">&lt;code class="language-cs" data-lang="cs">
&lt;span style="color:#000;font-weight:bold">&amp;lt;&lt;/span>&lt;span style="color:#000">Performance&lt;/span> &lt;span style="color:#204a87;font-weight:bold">value&lt;/span>&lt;span style="color:#000;font-weight:bold">=&lt;/span>&lt;span style="color:#4e9a06">&amp;#34;ON&amp;#34;&lt;/span> &lt;span style="color:#000">IsAutoRowFit&lt;/span> &lt;span style="color:#000;font-weight:bold">=&lt;/span>&lt;span style="color:#4e9a06">&amp;#34;True&amp;#34;&lt;/span> &lt;span style="color:#000">IsMerged&lt;/span>&lt;span style="color:#000;font-weight:bold">=&lt;/span>&lt;span style="color:#4e9a06">&amp;#34;True&amp;#34;&lt;/span> &lt;span style="color:#000">IsSetStyle&lt;/span>&lt;span style="color:#000;font-weight:bold">=&lt;/span>&lt;span style="color:#4e9a06">&amp;#34;True&amp;#34;&lt;/span> &lt;span style="color:#000">IsConditionalFormatting&lt;/span> &lt;span style="color:#000;font-weight:bold">=&lt;/span>&lt;span style="color:#4e9a06">&amp;#34;True&amp;#34;&lt;/span>&lt;span style="color:#000;font-weight:bold">&amp;gt;&lt;/span>
&lt;span style="color:#000;font-weight:bold">&amp;lt;&lt;/span>&lt;span style="color:#000">Report&lt;/span> &lt;span style="color:#000">name&lt;/span>&lt;span style="color:#000;font-weight:bold">=&lt;/span>&lt;span style="color:#4e9a06">&amp;#34;&amp;#34;&lt;/span>&lt;span style="color:#000;font-weight:bold">&amp;gt;&lt;/span>
&lt;span style="color:#000;font-weight:bold">&amp;lt;&lt;/span>&lt;span style="color:#000">AutoRowFit&lt;/span> &lt;span style="color:#204a87;font-weight:bold">value&lt;/span>&lt;span style="color:#000;font-weight:bold">=&lt;/span>&lt;span style="color:#4e9a06">&amp;#34;True&amp;#34;&lt;/span>&lt;span style="color:#000;font-weight:bold">/&amp;gt;&lt;/span>
&lt;span style="color:#000;font-weight:bold">&amp;lt;&lt;/span>&lt;span style="color:#000">SetStyle&lt;/span> &lt;span style="color:#204a87;font-weight:bold">value&lt;/span>&lt;span style="color:#000;font-weight:bold">=&lt;/span>&lt;span style="color:#4e9a06">&amp;#34;True&amp;#34;&lt;/span>&lt;span style="color:#000;font-weight:bold">/&amp;gt;&lt;/span>
&lt;span style="color:#000;font-weight:bold">&amp;lt;&lt;/span>&lt;span style="color:#000">Merged&lt;/span> &lt;span style="color:#204a87;font-weight:bold">value&lt;/span>&lt;span style="color:#000;font-weight:bold">=&lt;/span>&lt;span style="color:#4e9a06">&amp;#34;True&amp;#34;&lt;/span>&lt;span style="color:#000;font-weight:bold">/&amp;gt;&lt;/span>
&lt;span style="color:#000;font-weight:bold">&amp;lt;&lt;/span>&lt;span style="color:#000">ConditionalFormatting&lt;/span> &lt;span style="color:#204a87;font-weight:bold">value&lt;/span>&lt;span style="color:#000;font-weight:bold">=&lt;/span>&lt;span style="color:#4e9a06">&amp;#34;False&amp;#34;&lt;/span>&lt;span style="color:#000;font-weight:bold">/&amp;gt;&lt;/span>
&lt;span style="color:#000;font-weight:bold">&amp;lt;/&lt;/span>&lt;span style="color:#000">Report&lt;/span>&lt;span style="color:#000;font-weight:bold">&amp;gt;&lt;/span>
&lt;span style="color:#000;font-weight:bold">&amp;lt;/&lt;/span>&lt;span style="color:#000">Performance&lt;/span>&lt;span style="color:#000;font-weight:bold">&amp;gt;&lt;/span>
&lt;/code>&lt;/pre>&lt;/div>
&lt;/div>
&lt;/div></description></item><item><title>Reportingservices: Encryption</title><link>https://docs2.aspose.com/cells/reportingservices/userguide/configuration/encryption/</link><pubDate>Mon, 01 Jan 0001 00:00:00 +0000</pubDate><guid>https://docs2.aspose.com/cells/reportingservices/userguide/configuration/encryption/</guid><description>
&lt;p>Aspose.Cells for Reporting Services : Encryption&lt;/p>
&lt;h1 id="asposecells-for-reporting-services--encryption">Aspose.Cells for Reporting Services : Encryption&lt;/h1>
&lt;p>Aspose.Cells for Reporting Services supports three kinds of encryption: XOR, WEAK ENCRYPTION, and Microsoft Strong Cryptographic Provider. See the encryption configuration information in the &lt;strong>Aspose.Cells.ReportingServices.xml&lt;/strong> file.&lt;/p>
&lt;p>When the value of &lt;code>Encryption&lt;/code> is &lt;strong>off&lt;/strong>, Aspose.Cells for Reporting Services turns off encryption features.&lt;/p>
&lt;div class="position-relative">
&lt;div class="position-absolute" style="right:0;">
&lt;button class="btn btn-light" data-clipboard-target="#clipboard_cfa9a6ef00">
Copy
&lt;/button>
&lt;/div>
&lt;div id="clipboard_cfa9a6ef00">
&lt;div class="highlight">&lt;pre style="background-color:#f8f8f8;-moz-tab-size:4;-o-tab-size:4;tab-size:4">&lt;code class="language-cs" data-lang="cs">
&lt;span style="color:#000;font-weight:bold">&amp;lt;&lt;/span> &lt;span style="color:#000">Encryption&lt;/span> &lt;span style="color:#204a87;font-weight:bold">value&lt;/span>&lt;span style="color:#000;font-weight:bold">=&lt;/span>&lt;span style="color:#4e9a06">&amp;#34;off&amp;#34;&lt;/span>&lt;span style="color:#000;font-weight:bold">&amp;gt;&lt;/span>
&lt;span style="color:#000;font-weight:bold">&amp;lt;&lt;/span>&lt;span style="color:#000">Report&lt;/span> &lt;span style="color:#000">name&lt;/span>&lt;span style="color:#000;font-weight:bold">=&lt;/span>&lt;span style="color:#4e9a06">&amp;#34;&amp;#34;&lt;/span> &lt;span style="color:#000;font-weight:bold">&amp;gt;&lt;/span>
&lt;span style="color:#000;font-weight:bold">&amp;lt;&lt;/span>&lt;span style="color:#000">Password&lt;/span> &lt;span style="color:#204a87;font-weight:bold">value&lt;/span>&lt;span style="color:#000;font-weight:bold">=&lt;/span>&lt;span style="color:#4e9a06">&amp;#34;&amp;#34;&lt;/span>&lt;span style="color:#000;font-weight:bold">/&amp;gt;&lt;/span>
&lt;span style="color:#000;font-weight:bold">&amp;lt;&lt;/span>&lt;span style="color:#000">EncryptionType&lt;/span> &lt;span style="color:#204a87;font-weight:bold">value&lt;/span>&lt;span style="color:#000;font-weight:bold">=&lt;/span>&lt;span style="color:#4e9a06">&amp;#34;Microsoft Strong Cryptographic Provider&amp;#34;&lt;/span>&lt;span style="color:#000;font-weight:bold">/&amp;gt;&lt;/span>
&lt;span style="color:#000;font-weight:bold">&amp;lt;&lt;/span>&lt;span style="color:#000">KeyLength&lt;/span> &lt;span style="color:#204a87;font-weight:bold">value&lt;/span>&lt;span style="color:#000;font-weight:bold">=&lt;/span>&lt;span style="color:#4e9a06">&amp;#34;128&amp;#34;&lt;/span>&lt;span style="color:#000;font-weight:bold">/&amp;gt;&lt;/span>
&lt;span style="color:#000;font-weight:bold">&amp;lt;/&lt;/span>&lt;span style="color:#000">Report&lt;/span>&lt;span style="color:#000;font-weight:bold">&amp;gt;&lt;/span>
&lt;span style="color:#000;font-weight:bold">&amp;lt;/&lt;/span> &lt;span style="color:#000">Encryption&lt;/span> &lt;span style="color:#000;font-weight:bold">&amp;gt;&lt;/span>
&lt;/code>&lt;/pre>&lt;/div>
&lt;/div>
&lt;/div>
&lt;p>When the value of &lt;code>Encryption&lt;/code> is &lt;strong>on&lt;/strong>, Aspose.Cells for Reporting Services turns encryption on.&lt;/p>
&lt;div class="position-relative">
&lt;div class="position-absolute" style="right:0;">
&lt;button class="btn btn-light" data-clipboard-target="#clipboard_bec7021604">
Copy
&lt;/button>
&lt;/div>
&lt;div id="clipboard_bec7021604">
&lt;div class="highlight">&lt;pre style="background-color:#f8f8f8;-moz-tab-size:4;-o-tab-size:4;tab-size:4">&lt;code class="language-cs" data-lang="cs">
&lt;span style="color:#000;font-weight:bold">&amp;lt;&lt;/span>&lt;span style="color:#000">Encryption&lt;/span> &lt;span style="color:#204a87;font-weight:bold">value&lt;/span>&lt;span style="color:#000;font-weight:bold">=&lt;/span>&lt;span style="color:#4e9a06">&amp;#34;on&amp;#34;&lt;/span>&lt;span style="color:#000;font-weight:bold">&amp;gt;&lt;/span>
&lt;/code>&lt;/pre>&lt;/div>
&lt;/div>
&lt;/div>
&lt;p>There are four parameters in the encryption section:&lt;/p>
&lt;ul>
&lt;li>&lt;strong>&lt;code>ReportName&lt;/code>&lt;/strong>: points to a report that needs encryption. If the parameter is left blank, all reports use the same encryption method.&lt;/li>
&lt;li>&lt;strong>&lt;code>Password&lt;/code>&lt;/strong>: sets the password. Cannot be blank.&lt;/li>
&lt;li>&lt;strong>&lt;code>EncryptionType&lt;/code>&lt;/strong>: sets an encryption type. Cannot be blank.&lt;/li>
&lt;li>&lt;strong>&lt;code>KeyLength&lt;/code>&lt;/strong>: sets the key length. Cannot be blank.&lt;/li>
&lt;/ul>
&lt;div class="position-relative">
&lt;div class="position-absolute" style="right:0;">
&lt;button class="btn btn-light" data-clipboard-target="#clipboard_1e222b5efe">
Copy
&lt;/button>
&lt;/div>
&lt;div id="clipboard_1e222b5efe">
&lt;div class="highlight">&lt;pre style="background-color:#f8f8f8;-moz-tab-size:4;-o-tab-size:4;tab-size:4">&lt;code class="language-cs" data-lang="cs">
&lt;span style="color:#000;font-weight:bold">&amp;lt;&lt;/span>&lt;span style="color:#000">Encryption&lt;/span> &lt;span style="color:#204a87;font-weight:bold">value&lt;/span>&lt;span style="color:#000;font-weight:bold">=&lt;/span>&lt;span style="color:#4e9a06">&amp;#34;on&amp;#34;&lt;/span>&lt;span style="color:#000;font-weight:bold">&amp;gt;&lt;/span>
&lt;span style="color:#000;font-weight:bold">&amp;lt;&lt;/span>&lt;span style="color:#000">Report&lt;/span> &lt;span style="color:#000">name&lt;/span>&lt;span style="color:#000;font-weight:bold">=&lt;/span>&lt;span style="color:#4e9a06">&amp;#34;Test&amp;#34;&lt;/span> &lt;span style="color:#000;font-weight:bold">&amp;gt;&lt;/span>
&lt;span style="color:#000;font-weight:bold">&amp;lt;&lt;/span>&lt;span style="color:#000">Password&lt;/span> &lt;span style="color:#204a87;font-weight:bold">value&lt;/span>&lt;span style="color:#000;font-weight:bold">=&lt;/span>&lt;span style="color:#4e9a06">&amp;#34;12345&amp;#34;&lt;/span>&lt;span style="color:#000;font-weight:bold">/&amp;gt;&lt;/span>
&lt;span style="color:#000;font-weight:bold">&amp;lt;&lt;/span>&lt;span style="color:#000">EncryptionType&lt;/span> &lt;span style="color:#204a87;font-weight:bold">value&lt;/span>&lt;span style="color:#000;font-weight:bold">=&lt;/span>&lt;span style="color:#4e9a06">&amp;#34;Microsoft Strong Cryptographic Provider&amp;#34;&lt;/span>&lt;span style="color:#000;font-weight:bold">/&amp;gt;&lt;/span>
&lt;span style="color:#000;font-weight:bold">&amp;lt;&lt;/span>&lt;span style="color:#000">KeyLength&lt;/span> &lt;span style="color:#204a87;font-weight:bold">value&lt;/span>&lt;span style="color:#000;font-weight:bold">=&lt;/span>&lt;span style="color:#4e9a06">&amp;#34;128&amp;#34;&lt;/span>&lt;span style="color:#000;font-weight:bold">/&amp;gt;&lt;/span>
&lt;span style="color:#000;font-weight:bold">&amp;lt;/&lt;/span>&lt;span style="color:#000">Report&lt;/span>&lt;span style="color:#000;font-weight:bold">&amp;gt;&lt;/span>
&lt;span style="color:#000;font-weight:bold">&amp;lt;&lt;/span>&lt;span style="color:#000">Report&lt;/span> &lt;span style="color:#000">name&lt;/span>&lt;span style="color:#000;font-weight:bold">=&lt;/span>&lt;span style="color:#4e9a06">&amp;#34;&amp;#34;&lt;/span> &lt;span style="color:#000;font-weight:bold">&amp;gt;&lt;/span>
&lt;span style="color:#000;font-weight:bold">&amp;lt;&lt;/span>&lt;span style="color:#000">Password&lt;/span> &lt;span style="color:#204a87;font-weight:bold">value&lt;/span>&lt;span style="color:#000;font-weight:bold">=&lt;/span>&lt;span style="color:#4e9a06">&amp;#34;123456&amp;#34;&lt;/span>&lt;span style="color:#000;font-weight:bold">/&amp;gt;&lt;/span>
&lt;span style="color:#000;font-weight:bold">&amp;lt;&lt;/span>&lt;span style="color:#000">EncryptionType&lt;/span> &lt;span style="color:#204a87;font-weight:bold">value&lt;/span>&lt;span style="color:#000;font-weight:bold">=&lt;/span>&lt;span style="color:#4e9a06">&amp;#34; XOR &amp;#34;&lt;/span>&lt;span style="color:#000;font-weight:bold">/&amp;gt;&lt;/span>
&lt;span style="color:#000;font-weight:bold">&amp;lt;&lt;/span>&lt;span style="color:#000">KeyLength&lt;/span> &lt;span style="color:#204a87;font-weight:bold">value&lt;/span>&lt;span style="color:#000;font-weight:bold">=&lt;/span>&lt;span style="color:#4e9a06">&amp;#34;128&amp;#34;&lt;/span>&lt;span style="color:#000;font-weight:bold">/&amp;gt;&lt;/span>
&lt;span style="color:#000;font-weight:bold">&amp;lt;/&lt;/span>&lt;span style="color:#000">Report&lt;/span>&lt;span style="color:#000;font-weight:bold">&amp;gt;&lt;/span>
&lt;span style="color:#000;font-weight:bold">&amp;lt;/&lt;/span>&lt;span style="color:#000">Encryption&lt;/span>&lt;span style="color:#000;font-weight:bold">&amp;gt;&lt;/span>
&lt;/code>&lt;/pre>&lt;/div>
&lt;/div>
&lt;/div></description></item><item><title>Reportingservices: Digital Signatures</title><link>https://docs2.aspose.com/cells/reportingservices/userguide/configuration/digital+signatures/</link><pubDate>Mon, 01 Jan 0001 00:00:00 +0000</pubDate><guid>https://docs2.aspose.com/cells/reportingservices/userguide/configuration/digital+signatures/</guid><description>
&lt;p>Aspose.Cells for Reporting Services : Digital Signatures&lt;/p>
&lt;h1 id="asposecells-for-reporting-services--digital-signatures">Aspose.Cells for Reporting Services : Digital Signatures&lt;/h1>
&lt;p>Aspose.Cells for Reporting Services supports digital signatures when exporting Microsoft Excel 2007 files or ODS files. We have some configuration information for digital signatures that can be set in the &lt;strong>Aspose.Cells.ReportingServices.xml&lt;/strong> file.&lt;/p>
&lt;p>When the value of &lt;code>DigitalSignature&lt;/code> is &lt;strong>off&lt;/strong>, Aspose.Cells for Reporting Services turns off digital signatures.&lt;/p>
&lt;div class="position-relative">
&lt;div class="position-absolute" style="right:0;">
&lt;button class="btn btn-light" data-clipboard-target="#clipboard_705ee95e65">
Copy
&lt;/button>
&lt;/div>
&lt;div id="clipboard_705ee95e65">
&lt;div class="highlight">&lt;pre style="background-color:#f8f8f8;-moz-tab-size:4;-o-tab-size:4;tab-size:4">&lt;code class="language-cs" data-lang="cs">
&lt;span style="color:#000;font-weight:bold">&amp;lt;&lt;/span>&lt;span style="color:#000">DigitalSignature&lt;/span> &lt;span style="color:#204a87;font-weight:bold">value&lt;/span>&lt;span style="color:#000;font-weight:bold">=&lt;/span>&lt;span style="color:#4e9a06">&amp;#34;off&amp;#34;&lt;/span>&lt;span style="color:#000;font-weight:bold">&amp;gt;&lt;/span>
&lt;span style="color:#000;font-weight:bold">&amp;lt;&lt;/span>&lt;span style="color:#000">report&lt;/span> &lt;span style="color:#000">name&lt;/span>&lt;span style="color:#000;font-weight:bold">=&lt;/span>&lt;span style="color:#4e9a06">&amp;#34;&amp;#34;&lt;/span> &lt;span style="color:#000">pfxFilename&lt;/span>&lt;span style="color:#000;font-weight:bold">=&lt;/span>&lt;span style="color:#4e9a06">&amp;#34;&amp;#34;&lt;/span> &lt;span style="color:#000">pfxPwd&lt;/span>&lt;span style="color:#000;font-weight:bold">=&lt;/span>&lt;span style="color:#4e9a06">&amp;#34;&amp;#34;&lt;/span> &lt;span style="color:#000">purpose&lt;/span>&lt;span style="color:#000;font-weight:bold">=&lt;/span>&lt;span style="color:#4e9a06">&amp;#34;&amp;#34;&lt;/span>&lt;span style="color:#000;font-weight:bold">/&amp;gt;&lt;/span>
&lt;span style="color:#000;font-weight:bold">&amp;lt;/&lt;/span>&lt;span style="color:#000">DigitalSignature&lt;/span>&lt;span style="color:#000;font-weight:bold">&amp;gt;&lt;/span>
&lt;/code>&lt;/pre>&lt;/div>
&lt;/div>
&lt;/div>
&lt;p>When the value of &lt;code>DigitalSignature&lt;/code> is &lt;strong>on&lt;/strong>, Aspose.Cells for Reporting Services turns digital signatures on.&lt;/p>
&lt;div class="position-relative">
&lt;div class="position-absolute" style="right:0;">
&lt;button class="btn btn-light" data-clipboard-target="#clipboard_b045cf9bf7">
Copy
&lt;/button>
&lt;/div>
&lt;div id="clipboard_b045cf9bf7">
&lt;div class="highlight">&lt;pre style="background-color:#f8f8f8;-moz-tab-size:4;-o-tab-size:4;tab-size:4">&lt;code class="language-cs" data-lang="cs">
&lt;span style="color:#000;font-weight:bold">&amp;lt;&lt;/span>&lt;span style="color:#000">DigitalSignature&lt;/span> &lt;span style="color:#204a87;font-weight:bold">value&lt;/span>&lt;span style="color:#000;font-weight:bold">=&lt;/span>&lt;span style="color:#4e9a06">&amp;#34;on&amp;#34;&lt;/span>&lt;span style="color:#000;font-weight:bold">&amp;gt;&lt;/span>
&lt;/code>&lt;/pre>&lt;/div>
&lt;/div>
&lt;/div>
&lt;p>There are four parameters in the &lt;code>DigitalSignature&lt;/code> section. These are:&lt;/p>
&lt;ul>
&lt;li>&lt;strong>&lt;code>name&lt;/code>&lt;/strong>: represents a report that needs a digital signature. When the parameter is left blank, reports use a PFX file for digital signatures.&lt;/li>
&lt;li>&lt;strong>&lt;code>pfxFilename&lt;/code>&lt;/strong>: refers to a PFX file. The filename should be a fully qualified filename, complete with path and file extension. Must not be blank.&lt;/li>
&lt;li>&lt;strong>&lt;code>pfxPwd&lt;/code>&lt;/strong>: sets the password. Must not be blank.&lt;/li>
&lt;li>&lt;strong>&lt;code>purpose&lt;/code>&lt;/strong>: a description of what the signature if for. Can be blank.&lt;/li>
&lt;/ul>
&lt;div class="position-relative">
&lt;div class="position-absolute" style="right:0;">
&lt;button class="btn btn-light" data-clipboard-target="#clipboard_388826d7fc">
Copy
&lt;/button>
&lt;/div>
&lt;div id="clipboard_388826d7fc">
&lt;div class="highlight">&lt;pre style="background-color:#f8f8f8;-moz-tab-size:4;-o-tab-size:4;tab-size:4">&lt;code class="language-cs" data-lang="cs">
&lt;span style="color:#000;font-weight:bold">&amp;lt;&lt;/span>&lt;span style="color:#000">DigitalSignature&lt;/span> &lt;span style="color:#204a87;font-weight:bold">value&lt;/span>&lt;span style="color:#000;font-weight:bold">=&lt;/span>&lt;span style="color:#4e9a06">&amp;#34;on&amp;#34;&lt;/span>&lt;span style="color:#000;font-weight:bold">&amp;gt;&lt;/span>
&lt;span style="color:#000;font-weight:bold">&amp;lt;&lt;/span>&lt;span style="color:#000">report&lt;/span> &lt;span style="color:#000">name&lt;/span>&lt;span style="color:#000;font-weight:bold">=&lt;/span>&lt;span style="color:#4e9a06">&amp;#34;TestReport&amp;#34;&lt;/span> &lt;span style="color:#000">pfxFilename&lt;/span>&lt;span style="color:#000;font-weight:bold">=&lt;/span>&lt;span style="color:#4e9a06">&amp;#34;c:\MyKey.pfx&amp;#34;&lt;/span> &lt;span style="color:#000">pfxPwd&lt;/span>&lt;span style="color:#000;font-weight:bold">=&lt;/span>&lt;span style="color:#4e9a06">&amp;#34;tryto&amp;#34;&lt;/span> &lt;span style="color:#000">purpose&lt;/span>&lt;span style="color:#000;font-weight:bold">=&lt;/span>&lt;span style="color:#4e9a06">&amp;#34;test digital signature&amp;#34;&lt;/span>&lt;span style="color:#000;font-weight:bold">/&amp;gt;&lt;/span>
&lt;span style="color:#000;font-weight:bold">&amp;lt;&lt;/span>&lt;span style="color:#000">report&lt;/span> &lt;span style="color:#000">name&lt;/span>&lt;span style="color:#000;font-weight:bold">=&lt;/span>&lt;span style="color:#4e9a06">&amp;#34;&amp;#34;&lt;/span> &lt;span style="color:#000">pfxFilename&lt;/span>&lt;span style="color:#000;font-weight:bold">=&lt;/span>&lt;span style="color:#4e9a06">&amp;#34;c:\MyKey.pfx&amp;#34;&lt;/span> &lt;span style="color:#000">pfxPwd&lt;/span>&lt;span style="color:#000;font-weight:bold">=&lt;/span>&lt;span style="color:#4e9a06">&amp;#34;tryto&amp;#34;&lt;/span> &lt;span style="color:#000">purpose&lt;/span>&lt;span style="color:#000;font-weight:bold">=&lt;/span>&lt;span style="color:#4e9a06">&amp;#34;test digital signature&amp;#34;&lt;/span>&lt;span style="color:#000;font-weight:bold">/&amp;gt;&lt;/span>
&lt;span style="color:#000;font-weight:bold">&amp;lt;/&lt;/span>&lt;span style="color:#000">DigitalSignature&lt;/span>&lt;span style="color:#000;font-weight:bold">&amp;gt;&lt;/span>
&lt;/code>&lt;/pre>&lt;/div>
&lt;/div>
&lt;/div></description></item><item><title>Reportingservices: Set DeviceInfo in rsreportserver.config</title><link>https://docs2.aspose.com/cells/reportingservices/userguide/configuration/set+deviceinfo+in+rsreportserver.config/</link><pubDate>Mon, 01 Jan 0001 00:00:00 +0000</pubDate><guid>https://docs2.aspose.com/cells/reportingservices/userguide/configuration/set+deviceinfo+in+rsreportserver.config/</guid><description>
&lt;p>Aspose.Cells for Reporting Services : Set DeviceInfo in rsreportserver.config&lt;/p>
&lt;h1 id="asposecells-for-reporting-services--set-deviceinfo-in-rsreportserverconfig">Aspose.Cells for Reporting Services : Set DeviceInfo in rsreportserver.config&lt;/h1>
&lt;ul>
&lt;li>
&lt;p>&lt;strong>FileExtension&lt;/strong>&lt;br>
When the value is null, the exported report file extension name will be the default value. When the value is not null, the extension name of the exported report file is value.&lt;/p>
&lt;/li>
&lt;li>
&lt;p>&lt;strong>SimplePageHeaders&lt;/strong>&lt;br>
When the value is true, it renders report header item into Excel page header. The default value is false.&lt;/p>
&lt;/li>
&lt;li>
&lt;p>&lt;strong>SimplePageFooters&lt;/strong>&lt;br>
When the value is true, it renders report footer item into Excel page footer. The default value is true.&lt;/p>
&lt;/li>
&lt;li>
&lt;p>&lt;strong>PutoutHeader&lt;/strong>&lt;br>
When the value is true, it will export the report header item. When the value is false, it does not export the report header item. The default value is true. The value only supports Excel2007Xlsx(Data Only) extension.&lt;/p>
&lt;/li>
&lt;li>
&lt;p>&lt;strong>PutoutFooter&lt;/strong>&lt;br>
When the value is true, it will export the report footer item. When the value is false, it does not export the report footer item. The default value is true. The value only supports Excel2007Xlsx(Data Only) extension.&lt;/p>
&lt;/li>
&lt;li>
&lt;p>&lt;strong>FillTableGroupHeaderForSimpleOutPut&lt;/strong>&lt;br>
The default value is false. The value only supports Excel2007Xlsx(Data Only) extension.&lt;/p>
&lt;/li>
&lt;li>
&lt;p>&lt;strong>NoOutPutTotalForSimpleOutPut&lt;/strong>&lt;br>
The default value is false. The value only supports Excel2007Xlsx(Data Only) extension.&lt;/p>
&lt;/li>
&lt;li>
&lt;p>&lt;strong>NoOutPutGroupForSimpleOutPut&lt;/strong>&lt;br>
The default value is false. The value only supports Excel2007Xlsx(Data Only) extension.&lt;/p>
&lt;/li>
&lt;li>
&lt;p>&lt;strong>NoDoGroupPageForSimpleOutPut&lt;/strong>&lt;br>
The default value is true. The value only supports Excel2007Xlsx(Data Only) extension.&lt;/p>
&lt;/li>
&lt;li>
&lt;p>&lt;strong>NoDoPageForSimpleOutPut&lt;/strong>&lt;br>
The default value is true. The value only supports Excel2007Xlsx(Data Only) extension.&lt;/p>
&lt;/li>
&lt;li>
&lt;p>&lt;strong>FieldDelimiter&lt;/strong>&lt;br>
It sets field delimiters. The value supports CSV and TXT extensions. &lt;/p>
&lt;/li>
&lt;/ul></description></item><item><title>Reportingservices: DeviceInfo in rsreportserver.config file</title><link>https://docs2.aspose.com/cells/reportingservices/userguide/configuration/deviceinfo+in+rsreportserver.config+file/</link><pubDate>Mon, 01 Jan 0001 00:00:00 +0000</pubDate><guid>https://docs2.aspose.com/cells/reportingservices/userguide/configuration/deviceinfo+in+rsreportserver.config+file/</guid><description>
&lt;p>Aspose.Cells for Reporting Services : DeviceInfo in rsreportserver.config file&lt;/p>
&lt;h1 id="asposecells-for-reporting-services--deviceinfo-in-rsreportserverconfig-file">Aspose.Cells for Reporting Services : DeviceInfo in rsreportserver.config file&lt;/h1>
&lt;p>The &lt;code>DeviceInfo&lt;/code> section in &lt;strong>rsreportserver.config&lt;/strong> takes the following parameters that affects Aspose.Cells&amp;rsquo; behavior:&lt;/p>
&lt;ul>
&lt;li>&lt;strong>&lt;code>FileExtension&lt;/code>&lt;/strong>: when the value is &lt;strong>null&lt;/strong>, the exported report file extension is the default value. When the value is not null, the report&amp;rsquo;s extension is set to the value.&lt;/li>
&lt;li>&lt;strong>&lt;code>SimplePageHeaders&lt;/code>&lt;/strong>: when the value is &lt;strong>true&lt;/strong>, the report header item is rendered as a Microsoft Excel page header. The default value is &lt;strong>false&lt;/strong>.&lt;/li>
&lt;li>&lt;strong>&lt;code>SimplePageFooters&lt;/code>&lt;/strong>: when &lt;strong>true&lt;/strong>, the report footer item is rendered as a Microsoft Excel page footer. The default value is &lt;strong>true&lt;/strong>.&lt;/li>
&lt;li>&lt;strong>&lt;code>PutoutHeader&lt;/code>&lt;/strong>: when &lt;strong>true&lt;/strong> (default), the report header item is exported. When &lt;strong>false&lt;/strong>, the report header item is not exported. Only supports the Excel 2007 XLSX (data only) extension.&lt;/li>
&lt;li>&lt;strong>&lt;code>PutoutFooter&lt;/code>&lt;/strong>: when &lt;strong>true&lt;/strong> (default), the report footer item is exported. When &lt;strong>false&lt;/strong>, it is not. Only supports the Excel 2007 XLSX (data only) extension.&lt;/li>
&lt;li>&lt;strong>&lt;code>FillTableGroupHeaderForSimpleOutPut&lt;/code>&lt;/strong>: &lt;strong>false&lt;/strong> by default. The value only supports the Excel 2007 XLSX (data only) extension.&lt;/li>
&lt;li>&lt;strong>&lt;code>NoOutPutTotalForSimpleOutPut&lt;/code>&lt;/strong>: &lt;strong>false&lt;/strong> by default. The value only supports the Excel 2007 XLSX (data only) extension.&lt;/li>
&lt;li>&lt;strong>&lt;code>NoOutPutGroupForSimpleOutPut&lt;/code>&lt;/strong>: &lt;strong>false&lt;/strong> by default. The value only supports the Excel 2007 XLSX (data only) extension.&lt;/li>
&lt;li>&lt;strong>&lt;code>NoDoGroupPageForSimpleOutPut&lt;/code>&lt;/strong>: &lt;strong>true&lt;/strong> by default. The value only supports the Excel 2007 XLSX (data only) extension.&lt;/li>
&lt;li>&lt;strong>&lt;code>NoDoPageForSimpleOutPut&lt;/code>&lt;/strong>: &lt;strong>true&lt;/strong> by default. The value only supports the Excel 2007 XLSX (data only) extension.&lt;/li>
&lt;li>&lt;strong>&lt;code>FieldDelimiter&lt;/code>&lt;/strong>: sets field delimiters. The value supports CSV and TXT extensions.&lt;/li>
&lt;/ul></description></item><item><title>Reportingservices: Page Setup</title><link>https://docs2.aspose.com/cells/reportingservices/userguide/configuration/page+setup/</link><pubDate>Mon, 01 Jan 0001 00:00:00 +0000</pubDate><guid>https://docs2.aspose.com/cells/reportingservices/userguide/configuration/page+setup/</guid><description>
&lt;p>Aspose.Cells for Reporting Services : Page Setup&lt;/p>
&lt;h1 id="asposecells-for-reporting-services--page-setup">Aspose.Cells for Reporting Services : Page Setup&lt;/h1>
&lt;p>The configuration includes two section and 8 kinds of Page Setup properties. These properties include name, index, FitToPagesTall, FitToPagesWide, TopMargin, FooterMargin, HeaderMargin, BottomMargin, LeftMargin and RightMargin.&lt;/p>
&lt;ul>
&lt;li>&lt;strong>name&lt;/strong> represents report name, it represents the whole report when name is blank.&lt;/li>
&lt;li>&lt;strong>index&lt;/strong> represents worksheet index of the exported Excel file.&lt;/li>
&lt;li>&lt;strong>FitToPagesTall&lt;/strong> represents the number of pages tall the worksheet will be scaled to when it&amp;rsquo;s printed.&lt;/li>
&lt;li>&lt;strong>FitToPagesWide&lt;/strong> represents the number of pages wide the worksheet will be scaled to when it&amp;rsquo;s printed.&lt;/li>
&lt;li>&lt;strong>FooterMargin&lt;/strong> represents the distance from the bottom of the page to the footer, in the unit of centimeters.&lt;/li>
&lt;li>&lt;strong>HeaderMargin&lt;/strong> represents the distance from the top of the page to the header, in the unit of centimeters.&lt;/li>
&lt;li>&lt;strong>LeftMargin&lt;/strong> represents the size of the left margin, in the unit of centimeters.&lt;/li>
&lt;li>&lt;strong>RightMargin&lt;/strong> represents the size of the right margin, in the unit of centimeters.&lt;/li>
&lt;li>&lt;strong>TopMargin&lt;/strong> represents the size of the top margin, in the unit of centimeters.&lt;/li>
&lt;li>&lt;strong>BottomMargin&lt;/strong> represents the size of the bottom margin, in the unit of centimeters.&lt;/li>
&lt;/ul>
&lt;p>PageSetup Configuration Example:&lt;/p>
&lt;p>&lt;em>&lt;PageSetup>&lt;/em>&lt;br>
&lt;em>&amp;lt;Report name=”report name” FitToPagesTall=”0” FitToPagesWide =”1” TopMargin =”1.0” FooterMargin =” 1.0” HeaderMargin =” 1.0” BottomMargin =” 1.0” LeftMargin =” 1.0” RightMargin =” 1.0”&amp;gt;&lt;/em>&lt;br>
&lt;em>&amp;lt;Sheet index=”0” FitToPagesTall=”1” FitToPagesWide =”1” TopMargin =”1.0” FooterMargin =” 1.0” HeaderMargin =” 1.0” BottomMargin =” 1.0” LeftMargin =” 1.0” RightMargin =” 1.0”/&amp;gt;&lt;/em>&lt;br>
&lt;em>&amp;lt;Sheet index=”1” FitToPagesTall=”0” FitToPagesWide =”1” TopMargin =”1.0” FooterMargin =” 1.0” HeaderMargin =” 1.0” BottomMargin =” 1.0” LeftMargin =” 1.0” RightMargin =” 1.0”/&amp;gt;&lt;/em>&lt;br>
&lt;em>&lt;/Report>&lt;/em>&lt;br>
&lt;em>&lt;/PageSetup>&lt;/em>&lt;/p></description></item><item><title>Reportingservices: Table Sorting Configuration</title><link>https://docs2.aspose.com/cells/reportingservices/userguide/configuration/table+sorting+configuration/</link><pubDate>Mon, 01 Jan 0001 00:00:00 +0000</pubDate><guid>https://docs2.aspose.com/cells/reportingservices/userguide/configuration/table+sorting+configuration/</guid><description>
&lt;p>Aspose.Cells for Reporting Services : Table Sorting Configuration&lt;/p>
&lt;h1 id="asposecells-for-reporting-services--table-sorting-configuration">Aspose.Cells for Reporting Services : Table Sorting Configuration&lt;/h1>
&lt;p>The configuration includes 5 kinds of properties. These include report name, table name, row offset value, column index and order type.&lt;/p>
&lt;ul>
&lt;li>&lt;strong>name&lt;/strong> represents report name and table name. name represents the whole report when name is blank.&lt;/li>
&lt;li>&lt;strong>value&lt;/strong> represents row offset.&lt;/li>
&lt;li>&lt;strong>Index&lt;/strong> represents column position in table.&lt;/li>
&lt;li>&lt;strong>Order&lt;/strong> represents sort order type.&lt;/li>
&lt;/ul>
&lt;p>TableSorted Configuration Example:&lt;/p>
&lt;p>&lt;em>&lt;TableSorted>&lt;/em>&lt;br>
&lt;em>&amp;lt;Report name=”report name” &amp;gt;&lt;/em>&lt;br>
&lt;em>&lt;Table name="table name">&lt;/em>&lt;br>
&lt;em>&lt;RowOffset value="1"/>&lt;/em>&lt;br>
&lt;em>&lt;Column Index="1" Order="Descending" />&lt;/em>&lt;br>
&lt;em>&lt;Column Index="2" Order="Ascending" />&lt;/em>&lt;br>
&lt;em>……&lt;/em>&lt;br>
&lt;em>&lt;/Table>&lt;/em>&lt;br>
&lt;em>&lt;Table name="table name">&lt;/em>&lt;br>
&lt;em>&lt;RowOffset value="1"/>&lt;/em>&lt;br>
&lt;em>&lt;Column Index="1" Order="Descending" />&lt;/em>&lt;br>
&lt;em>&lt;Column Index="2" Order="Ascending" />&lt;/em>&lt;br>
&lt;em>……&lt;/em>&lt;br>
&lt;em>&lt;/Table>&lt;/em>&lt;br>
&lt;em>&lt;/Report>&lt;/em>&lt;br>
&lt;em>&lt;/TableSorted>&lt;/em>&lt;/p></description></item></channel></rss>