<rss version="2.0" xmlns:atom="http://www.w3.org/2005/Atom"><channel><title>Documentation – Release Notes - 2016</title><link>https://docs2.aspose.com/cells/reportingservices/releasenotes/2016/</link><description>Recent content in Release Notes - 2016 on Documentation</description><generator>Hugo -- gohugo.io</generator><atom:link href="https://docs2.aspose.com/cells/reportingservices/releasenotes/2016/index.xml" rel="self" type="application/rss+xml"/><item><title>Reportingservices: Aspose.Cells for Reporting Services 16.12.0 Release Notes</title><link>https://docs2.aspose.com/cells/reportingservices/releasenotes/2016/aspose.cells+for+reporting+services+16.12.0+release+notes/</link><pubDate>Mon, 01 Jan 0001 00:00:00 +0000</pubDate><guid>https://docs2.aspose.com/cells/reportingservices/releasenotes/2016/aspose.cells+for+reporting+services+16.12.0+release+notes/</guid><description>
&lt;p>Aspose.Cells for Reporting Services : Aspose.Cells for Reporting Services 16.12.0 Release Notes&lt;/p>
&lt;h1 id="asposecells-for-reporting-services--asposecells-for-reporting-services-16120-release-notes">Aspose.Cells for Reporting Services : Aspose.Cells for Reporting Services 16.12.0 Release Notes&lt;/h1>
&lt;div class="table table-striped" role="alert">
&lt;table>
&lt;thead>
&lt;tr>
&lt;th align="left">Key&lt;/th>
&lt;th align="left">Summary&lt;/th>
&lt;th align="left">Category&lt;/th>
&lt;/tr>
&lt;/thead>
&lt;tbody>
&lt;tr>
&lt;td align="left">SSRS-40237&lt;/td>
&lt;td align="left">Exception: &amp;ldquo;The definition of this report is not valid or supported by this version of Reporting Services&amp;rdquo; while publishing the report&lt;/td>
&lt;td align="left">New Feature&lt;/td>
&lt;/tr>
&lt;tr>
&lt;td align="left">SSRS-40240&lt;/td>
&lt;td align="left">Losing all the design elements in the RDL and it looks blank&lt;/td>
&lt;td align="left">New Feature&lt;/td>
&lt;/tr>
&lt;tr>
&lt;td align="left">SSRS-40238&lt;/td>
&lt;td align="left">Auto-Fit Row height is not working in the rendered Excel file&lt;/td>
&lt;td align="left">Bug&lt;/td>
&lt;/tr>
&lt;/tbody>
&lt;/table>
&lt;/div></description></item><item><title>Reportingservices: Aspose.Cells for Reporting Services 2.5.0 Release Notes</title><link>https://docs2.aspose.com/cells/reportingservices/releasenotes/2016/aspose.cells+for+reporting+services+2.5.0+release+notes/</link><pubDate>Mon, 01 Jan 0001 00:00:00 +0000</pubDate><guid>https://docs2.aspose.com/cells/reportingservices/releasenotes/2016/aspose.cells+for+reporting+services+2.5.0+release+notes/</guid><description>
&lt;p>Aspose.Cells for Reporting Services : Aspose.Cells for Reporting Services 2.5.0 Release Notes&lt;/p>
&lt;h1 id="asposecells-for-reporting-services--asposecells-for-reporting-services-250-release-notes">Aspose.Cells for Reporting Services : Aspose.Cells for Reporting Services 2.5.0 Release Notes&lt;/h1>
&lt;div class="table table-striped" role="alert">
&lt;table>
&lt;thead>
&lt;tr>
&lt;th align="left">Key&lt;/th>
&lt;th align="left">Summary&lt;/th>
&lt;th align="left">Category&lt;/th>
&lt;/tr>
&lt;/thead>
&lt;tbody>
&lt;tr>
&lt;td align="left">SSRS-40235&lt;/td>
&lt;td align="left">Support Page margin settings in Excel Sheets&lt;/td>
&lt;td align="left">New Feature&lt;/td>
&lt;/tr>
&lt;tr>
&lt;td align="left">SSRS-40231&lt;/td>
&lt;td align="left">Issue with grouping rows/columns in the worksheet&lt;/td>
&lt;td align="left">New Feature&lt;/td>
&lt;/tr>
&lt;tr>
&lt;td align="left">SSRS-40229&lt;/td>
&lt;td align="left">RDL file with multiple tables exported to Excel - Can Aspose help with sorting each table&lt;/td>
&lt;td align="left">New Feature&lt;/td>
&lt;/tr>
&lt;tr>
&lt;td align="left">SSRS-40224&lt;/td>
&lt;td align="left">Support SQL Server 2016&lt;/td>
&lt;td align="left">New Feature&lt;/td>
&lt;/tr>
&lt;tr>
&lt;td align="left">SSRS-40238&lt;/td>
&lt;td align="left">Auto-Fit Row height is not working in the rendered Excel file&lt;/td>
&lt;td align="left">Bug&lt;/td>
&lt;/tr>
&lt;tr>
&lt;td align="left">SSRS-40236&lt;/td>
&lt;td align="left">Migrating Report Server to SQL Server 2016&lt;/td>
&lt;td align="left">Bug&lt;/td>
&lt;/tr>
&lt;tr>
&lt;td align="left">SSRS-40234&lt;/td>
&lt;td align="left">Hyperlinks got corrupt while exporting to XLSX format&lt;/td>
&lt;td align="left">Bug&lt;/td>
&lt;/tr>
&lt;tr>
&lt;td align="left">SSRS-40233&lt;/td>
&lt;td align="left">Error message &amp;ldquo;Excel found unreadable content&amp;rdquo; is shown by MS Excel when opening the exported XLSX file into it&lt;/td>
&lt;td align="left">Bug&lt;/td>
&lt;/tr>
&lt;tr>
&lt;td align="left">SSRS-40232&lt;/td>
&lt;td align="left">Page break issue&lt;/td>
&lt;td align="left">Bug&lt;/td>
&lt;/tr>
&lt;tr>
&lt;td align="left">SSRS-40230&lt;/td>
&lt;td align="left">Unexpected groups and cell styles added in the output Excel file&lt;/td>
&lt;td align="left">Bug&lt;/td>
&lt;/tr>
&lt;tr>
&lt;td align="left">SSRS-40226&lt;/td>
&lt;td align="left">Rendering Services for SSRS - Publishing report failed&lt;/td>
&lt;td align="left">Bug&lt;/td>
&lt;/tr>
&lt;/tbody>
&lt;/table>
&lt;/div></description></item><item><title>Reportingservices: Aspose.Cells for Reporting Services 2.4.0 Release Notes</title><link>https://docs2.aspose.com/cells/reportingservices/releasenotes/2016/aspose.cells+for+reporting+services+2.4.0+release+notes/</link><pubDate>Mon, 01 Jan 0001 00:00:00 +0000</pubDate><guid>https://docs2.aspose.com/cells/reportingservices/releasenotes/2016/aspose.cells+for+reporting+services+2.4.0+release+notes/</guid><description>
&lt;p>Aspose.Cells for Reporting Services : Aspose.Cells for Reporting Services 2.4.0 Release Notes&lt;/p>
&lt;h1 id="asposecells-for-reporting-services--asposecells-for-reporting-services-240-release-notes">Aspose.Cells for Reporting Services : Aspose.Cells for Reporting Services 2.4.0 Release Notes&lt;/h1>
&lt;p>Please welcome a new release of Aspose.Cells for Reporting Services V2.4.0.&lt;/p>
&lt;div class="table table-striped" role="alert">
&lt;table>
&lt;thead>
&lt;tr>
&lt;th align="left">Key&lt;/th>
&lt;th align="left">Summary&lt;/th>
&lt;th align="left">Category&lt;/th>
&lt;/tr>
&lt;/thead>
&lt;tbody>
&lt;tr>
&lt;td align="left">SSRS-40136&lt;/td>
&lt;td align="left">How to make the change to the data set without re-building the entire data set using MS Query&lt;/td>
&lt;td align="left">Features&lt;/td>
&lt;/tr>
&lt;tr>
&lt;td align="left">SSRS-40220&lt;/td>
&lt;td align="left">Aspose.Cells fur Reporting Services installation problem&lt;/td>
&lt;td align="left">Bugs&lt;/td>
&lt;/tr>
&lt;tr>
&lt;td align="left">SSRS-40221&lt;/td>
&lt;td align="left">Need excel files examples that uses RDLs files&lt;/td>
&lt;td align="left">Bugs&lt;/td>
&lt;/tr>
&lt;tr>
&lt;td align="left">SSRS-40223&lt;/td>
&lt;td align="left">Aspose.Cells creates extra rows between 4 and 6&lt;/td>
&lt;td align="left">Bugs&lt;/td>
&lt;/tr>
&lt;/tbody>
&lt;/table>
&lt;/div></description></item></channel></rss>