<rss version="2.0" xmlns:atom="http://www.w3.org/2005/Atom"><channel><title>Documentation – Feature Overview</title><link>https://docs2.aspose.com/cells/jasperreports/gettingstarted/featuretour/feature+overview/</link><description>Recent content in Feature Overview on Documentation</description><generator>Hugo -- gohugo.io</generator><atom:link href="https://docs2.aspose.com/cells/jasperreports/gettingstarted/featuretour/feature+overview/index.xml" rel="self" type="application/rss+xml"/></channel></rss>