<rss version="2.0" xmlns:atom="http://www.w3.org/2005/Atom"><channel><title>Documentation – Uninstalling Aspose.Cells for Reporting Services</title><link>https://docs2.aspose.com/cells/reportingservices/installation/installing/uninstalling+aspose.cells+for+reporting+services/</link><description>Recent content in Uninstalling Aspose.Cells for Reporting Services on Documentation</description><generator>Hugo -- gohugo.io</generator><atom:link href="https://docs2.aspose.com/cells/reportingservices/installation/installing/uninstalling+aspose.cells+for+reporting+services/index.xml" rel="self" type="application/rss+xml"/></channel></rss>