<rss version="2.0" xmlns:atom="http://www.w3.org/2005/Atom"><channel><title>Documentation – Set the Comment of Table or List Object</title><link>https://docs2.aspose.com/cells/pythonjava/developerguide/tables/set+the+comment+of+table+or+list+object/</link><description>Recent content in Set the Comment of Table or List Object on Documentation</description><generator>Hugo -- gohugo.io</generator><atom:link href="https://docs2.aspose.com/cells/pythonjava/developerguide/tables/set+the+comment+of+table+or+list+object/index.xml" rel="self" type="application/rss+xml"/></channel></rss>