<rss version="2.0" xmlns:atom="http://www.w3.org/2005/Atom"><channel><title>Documentation – Reference</title><link>https://docs2.aspose.com/cells/reportingservices/reference/</link><description>Recent content in Reference on Documentation</description><generator>Hugo -- gohugo.io</generator><atom:link href="https://docs2.aspose.com/cells/reportingservices/reference/index.xml" rel="self" type="application/rss+xml"/><item><title>Reportingservices: Command Bars</title><link>https://docs2.aspose.com/cells/reportingservices/reference/command+bars/</link><pubDate>Mon, 01 Jan 0001 00:00:00 +0000</pubDate><guid>https://docs2.aspose.com/cells/reportingservices/reference/command+bars/</guid><description>
&lt;p>Aspose.Cells for Reporting Services : Command Bars&lt;/p>
&lt;h1 id="asposecells-for-reporting-services--command-bars">Aspose.Cells for Reporting Services : Command Bars&lt;/h1>
&lt;p>The following table shows the command bars icons and tools on Aspose.Cells.Report.Designer add-in&amp;rsquo;s toolbar.&lt;/p>
&lt;div class="table table-striped" role="alert">
&lt;table>
&lt;thead>
&lt;tr>
&lt;th align="left">Command&lt;/th>
&lt;th align="left">Image&lt;/th>
&lt;th align="left">Description&lt;/th>
&lt;/tr>
&lt;/thead>
&lt;tbody>
&lt;tr>
&lt;td align="left">Open Local Report&lt;/td>
&lt;td align="left">&lt;img src="https://docs2.aspose.com/cells/reportingservices/attachments/6094870/6193222.png" alt="">&lt;/td>
&lt;td align="left">Opens an RDL file from local PC and loads the file context.&lt;/td>
&lt;/tr>
&lt;tr>
&lt;td align="left">Open Remote Report&lt;/td>
&lt;td align="left">&lt;img src="https://docs2.aspose.com/cells/reportingservices/attachments/6094870/6193219.png" alt="">&lt;/td>
&lt;td align="left">Opens an RDL file from Report Server and loads the file context.&lt;/td>
&lt;/tr>
&lt;tr>
&lt;td align="left">Save Report&lt;/td>
&lt;td align="left">&lt;img src="https://docs2.aspose.com/cells/reportingservices/attachments/6094870/6193220.png" alt="">&lt;/td>
&lt;td align="left">Saves designing report locally or on the server.&lt;/td>
&lt;/tr>
&lt;tr>
&lt;td align="left">Publish Report&lt;/td>
&lt;td align="left">&lt;img src="https://docs2.aspose.com/cells/reportingservices/attachments/6094870/6193217.png" alt="">&lt;/td>
&lt;td align="left">Uploads the RDL file on the server.&lt;/td>
&lt;/tr>
&lt;tr>
&lt;td align="left">View Report&lt;/td>
&lt;td align="left">&lt;img src="https://docs2.aspose.com/cells/reportingservices/attachments/6094870/6193218.png" alt="">&lt;/td>
&lt;td align="left">Displays a preview of the report from the server.&lt;/td>
&lt;/tr>
&lt;tr>
&lt;td align="left">Build DataSet and Data Source&lt;/td>
&lt;td align="left">&lt;img src="https://docs2.aspose.com/cells/reportingservices/attachments/6094870/6193248.png" alt="">&lt;/td>
&lt;td align="left">Builds datasets and data sources.&lt;/td>
&lt;/tr>
&lt;tr>
&lt;td align="left">Modify Report Parameter&lt;/td>
&lt;td align="left">&lt;img src="https://docs2.aspose.com/cells/reportingservices/attachments/6094870/6193247.png" alt="">&lt;/td>
&lt;td align="left">Modifies report parameter and query parameter relation.&lt;/td>
&lt;/tr>
&lt;tr>
&lt;td align="left">Insert Formula&lt;/td>
&lt;td align="left">&lt;img src="https://docs2.aspose.com/cells/reportingservices/attachments/6094870/6193246.png" alt="">&lt;/td>
&lt;td align="left">Inserts formula into the cell through the formula editor windows&lt;/td>
&lt;/tr>
&lt;tr>
&lt;td align="left">Set Attribute&lt;/td>
&lt;td align="left">&lt;img src="https://docs2.aspose.com/cells/reportingservices/attachments/6094870/6193245.png" alt="">&lt;/td>
&lt;td align="left">Sets some of the report attributes: report name, report range, group fields, order fields and so on.&lt;/td>
&lt;/tr>
&lt;tr>
&lt;td align="left">Modify Attribute&lt;/td>
&lt;td align="left">&lt;img src="https://docs2.aspose.com/cells/reportingservices/attachments/6094870/6193244.png" alt="">&lt;/td>
&lt;td align="left">Modifies some of the report attributes: report name, report range, group fields, order fields and so on.&lt;/td>
&lt;/tr>
&lt;tr>
&lt;td align="left">Set Footer&lt;/td>
&lt;td align="left">&lt;img src="https://docs2.aspose.com/cells/reportingservices/attachments/6094870/6193243.png" alt="">&lt;/td>
&lt;td align="left">Inserts &amp;lsquo;##footer&amp;rsquo; into the cell.&lt;/td>
&lt;/tr>
&lt;/tbody>
&lt;/table>
&lt;/div>
&lt;h2 id="attachments">Attachments:&lt;/h2>
&lt;p>&lt;img src="https://docs2.aspose.com/cells/reportingservices/images/icons/bullet_blue.gif" alt=""> &lt;a href="https://docs2.aspose.com/cells/reportingservices/attachments/6094870/6193222.png">Command Bars-001.png&lt;/a> (image/png)&lt;br>
&lt;img src="https://docs2.aspose.com/cells/reportingservices/images/icons/bullet_blue.gif" alt=""> &lt;a href="https://docs2.aspose.com/cells/reportingservices/attachments/6094870/6193219.png">Command Bars-002.png&lt;/a> (image/png)&lt;br>
&lt;img src="https://docs2.aspose.com/cells/reportingservices/images/icons/bullet_blue.gif" alt=""> &lt;a href="https://docs2.aspose.com/cells/reportingservices/attachments/6094870/6193220.png">Command Bars-003.png&lt;/a> (image/png)&lt;br>
&lt;img src="https://docs2.aspose.com/cells/reportingservices/images/icons/bullet_blue.gif" alt=""> &lt;a href="https://docs2.aspose.com/cells/reportingservices/attachments/6094870/6193217.png">Command Bars-004.png&lt;/a> (image/png)&lt;br>
&lt;img src="https://docs2.aspose.com/cells/reportingservices/images/icons/bullet_blue.gif" alt=""> &lt;a href="https://docs2.aspose.com/cells/reportingservices/attachments/6094870/6193218.png">Command Bars-005.png&lt;/a> (image/png)&lt;br>
&lt;img src="https://docs2.aspose.com/cells/reportingservices/images/icons/bullet_blue.gif" alt=""> &lt;a href="https://docs2.aspose.com/cells/reportingservices/attachments/6094870/6193248.png">Command Bars-006.png&lt;/a> (image/png)&lt;br>
&lt;img src="https://docs2.aspose.com/cells/reportingservices/images/icons/bullet_blue.gif" alt=""> &lt;a href="https://docs2.aspose.com/cells/reportingservices/attachments/6094870/6193247.png">Command Bars-007.png&lt;/a> (image/png)&lt;br>
&lt;img src="https://docs2.aspose.com/cells/reportingservices/images/icons/bullet_blue.gif" alt=""> &lt;a href="https://docs2.aspose.com/cells/reportingservices/attachments/6094870/6193246.png">Command Bars-008.png&lt;/a> (image/png)&lt;br>
&lt;img src="https://docs2.aspose.com/cells/reportingservices/images/icons/bullet_blue.gif" alt=""> &lt;a href="https://docs2.aspose.com/cells/reportingservices/attachments/6094870/6193245.png">Command Bars-009.png&lt;/a> (image/png)&lt;br>
&lt;img src="https://docs2.aspose.com/cells/reportingservices/images/icons/bullet_blue.gif" alt=""> &lt;a href="https://docs2.aspose.com/cells/reportingservices/attachments/6094870/6193244.png">Command Bars-010.png&lt;/a> (image/png)&lt;br>
&lt;img src="https://docs2.aspose.com/cells/reportingservices/images/icons/bullet_blue.gif" alt=""> &lt;a href="https://docs2.aspose.com/cells/reportingservices/attachments/6094870/6193243.png">Command Bars-011.png&lt;/a> (image/png)&lt;/p></description></item><item><title>Reportingservices: Formula Editor Window</title><link>https://docs2.aspose.com/cells/reportingservices/reference/formulaeditorwindow/</link><pubDate>Mon, 01 Jan 0001 00:00:00 +0000</pubDate><guid>https://docs2.aspose.com/cells/reportingservices/reference/formulaeditorwindow/</guid><description>
&lt;p>Aspose.Cells for Reporting Services : Formula Editor Window&lt;/p>
&lt;h1 id="asposecells-for-reporting-services--formula-editor-window">Aspose.Cells for Reporting Services : Formula Editor Window&lt;/h1>
&lt;p>The Formula Editor lets you create formulas for a report.&lt;/p>
&lt;p>To edit a formula in a Microsoft Excel cell:&lt;/p>
&lt;ol>
&lt;li>In Microsoft Excel, select a cell.&lt;/li>
&lt;li>Open the Edit Formula dialog by clicking &lt;strong>Edit Formula&lt;/strong> on the tool bar.&lt;br>
(&lt;a href="https://docs2.aspose.com/cells/reportingservices/userguide/creatingtabularreport/adding+reporting+services+formulas">Adding Reporting Services Formulas&lt;/a> walks through an example that edits a formula.)&lt;br>
The dialog is divided into section: the edit area at the top, and the formula area at the bottom. Use the formula area to populate the edit area.&lt;/li>
&lt;li>Select a category (user, parameters, fields etc.) from the &lt;strong>Report Fields&lt;/strong> list (the left-hand list).&lt;/li>
&lt;li>Select the type from the &lt;strong>Functions&lt;/strong> list (in the middle).&lt;/li>
&lt;li>Select an option from the &lt;strong>Operators&lt;/strong> list (the right-hand list).&lt;/li>
&lt;li>Click &lt;strong>Insert&lt;/strong> to add the expression to the &lt;strong>Edit&lt;/strong> area.&lt;/li>
&lt;li>Click &lt;strong>Insert&lt;/strong> when the expression is complete.&lt;br>
The formula is inserted into the cell.&lt;/li>
&lt;/ol>
&lt;p>&lt;strong>The Edit Formula dialog&lt;/strong>&lt;br>
&lt;img src="https://docs2.aspose.com/cells/reportingservices/attachments/6094872/6193262.png" alt="">&lt;/p>
&lt;p>The Edit Formula dialog is divided into sections, described below.&lt;/p>
&lt;h4 id="edit-area">Edit Area&lt;/h4>
&lt;p>This is the area where you create or edit a formula. Create a formula by double-clicking on any of the components listed in the &lt;strong>Report Fields&lt;/strong>, &lt;strong>Functions&lt;/strong> or &lt;strong>Operators&lt;/strong> lists. When you choose a component, the required syntax is also inserted. You can also manually enter a formula.&lt;/p>
&lt;h4 id="formula-area">Formula Area&lt;/h4>
&lt;p>The formula area contains three sections, each listing information used to build a formula.&lt;/p>
&lt;ul>
&lt;li>Report Fields - the left-hand list lists all the database fields accessible for the report. It also lists any formulas or groups already created.&lt;/li>
&lt;li>Functions - the middle list contains functions, pre-built procedures that return values. They perform calculations such as AVERAGE, SUM, COUNT, SIN, UPPERCASE and so on.&lt;/li>
&lt;li>Operators - the “action verbs” used in formulas. Operators describe an operation or an action to take place between two or more values. Examples of operators: add, subtract, less than and greater than etc.&lt;/li>
&lt;/ul>
&lt;h4 id="controls">Controls&lt;/h4>
&lt;p>The dialog has several controls:&lt;/p>
&lt;div class="table table-striped" role="alert">
&lt;table>
&lt;thead>
&lt;tr>
&lt;th align="left">&lt;strong>Button Name&lt;/strong>&lt;/th>
&lt;th align="left">&lt;strong>Description&lt;/strong>&lt;/th>
&lt;/tr>
&lt;/thead>
&lt;tbody>
&lt;tr>
&lt;td align="left">Undo&lt;/td>
&lt;td align="left">Undoes an action.&lt;/td>
&lt;/tr>
&lt;tr>
&lt;td align="left">Paste&lt;/td>
&lt;td align="left">Pastes a character string made up of the components listed in the formula area into the edit area.&lt;/td>
&lt;/tr>
&lt;tr>
&lt;td align="left">Insert&lt;/td>
&lt;td align="left">Takes the value in the edit area and inserts it as a formula into a cell.&lt;/td>
&lt;/tr>
&lt;tr>
&lt;td align="left">Exit&lt;/td>
&lt;td align="left">Closes the Formula Editor.&lt;/td>
&lt;/tr>
&lt;/tbody>
&lt;/table>
&lt;/div>
&lt;p>Related topics:&lt;/p>
&lt;ul>
&lt;li>&lt;a href="https://docs2.aspose.com/cells/reportingservices/reference/formulaeditorwindow/formula+list">Formula List&lt;/a> - a list of fields and operators.&lt;/li>
&lt;/ul>
&lt;h2 id="attachments">Attachments:&lt;/h2>
&lt;p>&lt;img src="https://docs2.aspose.com/cells/reportingservices/images/icons/bullet_blue.gif" alt=""> &lt;a href="https://docs2.aspose.com/cells/reportingservices/attachments/6094872/6193262.png">Summary-001.png&lt;/a> (image/png)&lt;/p></description></item></channel></rss>