<rss version="2.0" xmlns:atom="http://www.w3.org/2005/Atom"><channel><title>Documentation – Worksheets</title><link>https://docs2.aspose.com/cells/cpp/developerguide/worksheets/</link><description>Recent content in Worksheets on Documentation</description><generator>Hugo -- gohugo.io</generator><atom:link href="https://docs2.aspose.com/cells/cpp/developerguide/worksheets/index.xml" rel="self" type="application/rss+xml"/><item><title>Cpp: Copying and Moving Worksheets</title><link>https://docs2.aspose.com/cells/cpp/developerguide/worksheets/copying+and+moving+worksheets/</link><pubDate>Mon, 01 Jan 0001 00:00:00 +0000</pubDate><guid>https://docs2.aspose.com/cells/cpp/developerguide/worksheets/copying+and+moving+worksheets/</guid><description>
&lt;p>Aspose.Cells for C++ : Copying and Moving Worksheets&lt;/p>
&lt;h1 id="asposecells-for-c--copying-and-moving-worksheets">Aspose.Cells for C++ : Copying and Moving Worksheets&lt;/h1>
&lt;p>Sometimes, you do need a number of worksheets with common formatting and data. For example, if you work with quarterly budgets, you might want to create a workbook with sheets that contain the same column headings, row headings, and formulas. There is a way to do this: by creating one sheet and then copying it.&lt;/p>
&lt;p>Aspose.Cells supports copying and moving worksheets within or between workbooks. A worksheet, complete with data, formatting, tables, matrices, charts, images and other objects, are copied with the highest degree of precision.&lt;/p>
&lt;p>
&lt;div class="card my-3 border-top-0 border-right-0 border-bottom-0 border-left border-primary rounded" style="border-width:4px !important;">
&lt;div class="wrap border border-left-0 rounded">
&lt;div class="card-header border-0 bg-white pl-3 text-primary">
&lt;h3>Contents Summary&lt;/h3>
&lt;/div>
&lt;div class="card-body pt-1">
&lt;ul>
&lt;li>1 &lt;a href="#moving-or-copying-sheets-using-microsoft-excel">Moving or Copying Sheets using Microsoft Excel&lt;/a>
&lt;ul>
&lt;li>1.1 &lt;a href="#copy-worksheets-within-a-workbook-with-aspose.cells">Copy Worksheets within a Workbook with Aspose.Cells&lt;/a>&lt;/li>
&lt;li>1.2 &lt;a href="#move-worksheets-within-workbook">Move Worksheets within Workbook&lt;/a>&lt;/li>
&lt;/ul>
&lt;/li>
&lt;/ul>
&lt;/div>
&lt;/div>
&lt;/div>
 &lt;/p>
&lt;p> &lt;/p>
&lt;h2 id="moving-or-copying-sheets-using-microsoft-excel">Moving or Copying Sheets using Microsoft Excel&lt;/h2>
&lt;p>The following are the steps involved in copying and moving worksheets within or between workbooks in Microsoft Excel.&lt;/p>
&lt;ol>
&lt;li>To move or copy sheets to another workbook, open the workbook that will receive the sheets.&lt;/li>
&lt;li>Switch to the workbook that contains the sheets you want to move or copy, and then select the sheets.&lt;/li>
&lt;li>On the &lt;strong>Edit&lt;/strong> menu, click &lt;strong>Move or Copy Sheet&lt;/strong>.&lt;/li>
&lt;li>In the &lt;strong>To book&lt;/strong> dialog, click the workbook to receive the sheets.&lt;/li>
&lt;li>To move or copy the selected sheets to a new workbook, click &lt;strong>New Book&lt;/strong>.&lt;/li>
&lt;li>In the &lt;strong>Before sheet&lt;/strong> box, click the sheet before which you want to insert the moved or copied sheets.&lt;/li>
&lt;li>To copy the sheets instead of moving them, select the &lt;strong>Create a copy&lt;/strong> checkbox.&lt;/li>
&lt;/ol>
&lt;h3 id="copy-worksheets-within-a-workbook-with-asposecells">Copy Worksheets within a Workbook with Aspose.Cells&lt;/h3>
&lt;p>Aspose.Cells provides an overloaded method &lt;a href="https://apireference.aspose.com/cpp/cells/class/aspose.cells.i_worksheet_collection/#aa1e73c54ea19bb7aa0f9f197c2baa5ba">AddCopy()&lt;/a> that is used to add a worksheet to the collection and copy data from an existing worksheet. One version of the method takes the index of the source worksheet as a parameter. The other version takes the name of the source worksheet. The following example shows how to copy an existing worksheet within a workbook.&lt;/p>
&lt;h3 id="move-worksheets-within-workbook">Move Worksheets within Workbook&lt;/h3>
&lt;p>Aspose.Cells provides a method &lt;a href="https://apireference.aspose.com/cpp/cells/class/aspose.cells.i_worksheet/#a240bf1d3d52ea8c8bfd54ffa320921b7">MoveTo()&lt;/a> that is used to move a worksheet to another location in the same spreadsheet. The method takes the target worksheet index as a parameter. The following example shows how to move a worksheet to another location within the workbook.&lt;/p></description></item><item><title>Cpp: Manage Worksheets</title><link>https://docs2.aspose.com/cells/cpp/developerguide/worksheets/manage+worksheets/</link><pubDate>Mon, 01 Jan 0001 00:00:00 +0000</pubDate><guid>https://docs2.aspose.com/cells/cpp/developerguide/worksheets/manage+worksheets/</guid><description>
&lt;p>Aspose.Cells for C++ : Manage Worksheets&lt;/p>
&lt;h1 id="asposecells-for-c--manage-worksheets">Aspose.Cells for C++ : Manage Worksheets&lt;/h1>
&lt;p>Developers can easily create and manage worksheets in Microsoft Excel files programmatically using Aspose.Cells flexible API. This topic describes approaches for adding and removing worksheets in Microsoft Excel files.&lt;/p>
&lt;p>
&lt;div class="card my-3 border-top-0 border-right-0 border-bottom-0 border-left border-primary rounded" style="border-width:4px !important;">
&lt;div class="wrap border border-left-0 rounded">
&lt;div class="card-header border-0 bg-white pl-3 text-primary">
&lt;h3>Contents Summary&lt;/h3>
&lt;/div>
&lt;div class="card-body pt-1">
&lt;ul>
&lt;li>1 &lt;a href="#adding-worksheets-to-a-new-excel-file">Adding Worksheets to a New Excel File&lt;/a>&lt;/li>
&lt;li>2 &lt;a href="#accessing-worksheets-using-sheet-index">Accessing Worksheets using Sheet Index&lt;/a>&lt;/li>
&lt;li>3 &lt;a href="#removing-worksheets-using-sheet-index">Removing Worksheets using Sheet Index&lt;/a>&lt;/li>
&lt;/ul>
&lt;/div>
&lt;/div>
&lt;/div>
 &lt;/p>
&lt;p>Aspose.Cells provides a class &lt;a href="https://apireference.aspose.com/cpp/cells/class/aspose.cells.i_workbook/">IWorkbook&lt;/a> that represents an Excel file. The &lt;a href="https://apireference.aspose.com/cpp/cells/class/aspose.cells.i_workbook/">IWorkbook&lt;/a> class contains a &lt;a href="https://apireference.aspose.com/cpp/cells/class/aspose.cells.i_worksheet_collection/">Worksheets&lt;/a> collection that allows access to each worksheet in the Excel file.&lt;/p>
&lt;p>A worksheet is represented by the &lt;a href="https://apireference.aspose.com/cpp/cells/class/aspose.cells.i_worksheet/">IWorksheet&lt;/a> class. The &lt;a href="https://apireference.aspose.com/cpp/cells/class/aspose.cells.i_worksheet/">IWorksheet&lt;/a> class provides a wide range of methods for managing worksheets.&lt;/p>
&lt;h2 id="adding-worksheets-to-a-new-excel-file">Adding Worksheets to a New Excel File&lt;/h2>
&lt;p>To create a new Excel file programmatically:&lt;/p>
&lt;ol>
&lt;li>Create an object of the &lt;a href="https://apireference.aspose.com/cpp/cells/class/aspose.cells.i_worksheet/">IWorksheet&lt;/a> class.&lt;/li>
&lt;li>Call the &lt;a href="https://apireference.aspose.com/cpp/cells/class/aspose.cells.i_worksheet_collection/#aa2bb166f57a4d8eba8e25ce1f99d0c55">Add&lt;/a> method of the &lt;a href="https://apireference.aspose.com/cpp/cells/class/aspose.cells.i_worksheet_collection/">IWorksheetCollection&lt;/a> collection. An empty worksheet is added to the Excel file automatically. It can be referenced by passing the sheet index of the new worksheet to the &lt;a href="https://apireference.aspose.com/cpp/cells/class/aspose.cells.i_worksheet_collection/">IWorksheetCollection&lt;/a> collection.&lt;/li>
&lt;li>Obtain a worksheet reference.&lt;/li>
&lt;li>Perform work on the worksheets.&lt;/li>
&lt;li>Save the new Excel file with new worksheets by calling the &lt;a href="https://apireference.aspose.com/cpp/cells/class/aspose.cells.i_workbook/">IWorkbook&lt;/a> class &lt;a href="https://apireference.aspose.com/cpp/cells/class/aspose.cells.i_workbook/#a77072cfb929787df9ad1f38b02f58349">Save&lt;/a> method.&lt;/li>
&lt;/ol>
&lt;h2 id="accessing-worksheets-using-sheet-index">Accessing Worksheets using Sheet Index&lt;/h2>
&lt;p>The following sample code shows how to access or get any worksheet by specifying its index.&lt;/p>
&lt;h2 id="removing-worksheets-using-sheet-index">Removing Worksheets using Sheet Index&lt;/h2>
&lt;p>Removing worksheets by name works well when the name of the worksheet is known. If you don&amp;rsquo;t know the worksheet&amp;rsquo;s name, use an overloaded version of the &lt;a href="https://apireference.aspose.com/cpp/cells/class/aspose.cells.i_worksheet_collection/#addabcc7d7d76874694018fb3ba37b72c">RemoveAt&lt;/a> method that takes the sheet index of the worksheet instead of its sheet name.&lt;/p></description></item><item><title>Cpp: Managing Page Breaks</title><link>https://docs2.aspose.com/cells/cpp/developerguide/worksheets/managing+page+breaks/</link><pubDate>Mon, 01 Jan 0001 00:00:00 +0000</pubDate><guid>https://docs2.aspose.com/cells/cpp/developerguide/worksheets/managing+page+breaks/</guid><description>
&lt;p>Aspose.Cells for C++ : Managing Page Breaks&lt;/p>
&lt;h1 id="asposecells-for-c--managing-page-breaks">Aspose.Cells for C++ : Managing Page Breaks&lt;/h1>
&lt;p>According to the definition, a page break is a place in a flow of text where one page ends and the next begins. Microsoft Excel lets users add page breaks into any selected cell of a worksheet.&lt;/p>
&lt;p>The location of the cell where the page break is added, the page is ended and all rest of the data after the page break is printed on the next page while printing. In simple words, page breaks divide your worksheet into multiple pages according to your specifications. You can also add page breaks to your worksheets at runtime using Aspose.Cells. Aspose.Cells allows developers to add two kinds of page breaks:&lt;/p>
&lt;ul>
&lt;li>Horizontal page break&lt;/li>
&lt;li>Vertical page break&lt;/li>
&lt;/ul>
&lt;p>In the rest of the discussion, we will describe how can you add horizontal or vertical page breaks into your worksheets using Aspose.Cells.&lt;/p>
&lt;p>
&lt;div class="card my-3 border-top-0 border-right-0 border-bottom-0 border-left border-primary rounded" style="border-width:4px !important;">
&lt;div class="wrap border border-left-0 rounded">
&lt;div class="card-header border-0 bg-white pl-3 text-primary">
&lt;h3>Contents Summary&lt;/h3>
&lt;/div>
&lt;div class="card-body pt-1">
&lt;ul>
&lt;li>1 &lt;a href="#page-breaks">Page Breaks&lt;/a>
&lt;ul>
&lt;li>1.1 &lt;a href="#adding-page-breaks">Adding Page Breaks&lt;/a>&lt;/li>
&lt;/ul>
&lt;/li>
&lt;/ul>
&lt;/div>
&lt;/div>
&lt;/div>
 &lt;/p>
&lt;p> &lt;/p>
&lt;h2 id="page-breaks">Page Breaks&lt;/h2>
&lt;p>Aspose.Cells provides a class &lt;a href="https://apireference.aspose.com/cpp/cells/class/aspose.cells.i_workbook/">IWorkbook&lt;/a> that represents an Excel file. The &lt;a href="https://apireference.aspose.com/cpp/cells/class/aspose.cells.i_workbook/">IWorkbook&lt;/a> class contains a &lt;a href="https://apireference.aspose.com/cpp/cells/class/aspose.cells.i_worksheet_collection/">Worksheets&lt;/a> collection that allows access to each worksheet in the Excel file.&lt;/p>
&lt;p>A worksheet is represented by the &lt;a href="https://apireference.aspose.com/cpp/cells/class/aspose.cells.i_worksheet/">IWorksheet&lt;/a> class. The &lt;a href="https://apireference.aspose.com/cpp/cells/class/aspose.cells.i_worksheet/">IWorksheet&lt;/a> class provides a wide range of methods used to manage a worksheet. To add the page breaks, use the &lt;a href="https://apireference.aspose.com/cpp/cells/class/aspose.cells.i_worksheet/#a5f8dd5624b81e0ee2e7455f2b83380f6">AddPageBreaks&lt;/a> method of the &lt;a href="https://apireference.aspose.com/cpp/cells/class/aspose.cells.i_worksheet/">IWorksheet&lt;/a> class.&lt;/p>
&lt;h3 id="adding-page-breaks">Adding Page Breaks&lt;/h3></description></item><item><title>Cpp: Worksheet Views</title><link>https://docs2.aspose.com/cells/cpp/developerguide/worksheets/worksheet+views/</link><pubDate>Mon, 01 Jan 0001 00:00:00 +0000</pubDate><guid>https://docs2.aspose.com/cells/cpp/developerguide/worksheets/worksheet+views/</guid><description>
&lt;p>Aspose.Cells for C++ : Worksheet Views&lt;/p>
&lt;h1 id="asposecells-for-c--worksheet-views">Aspose.Cells for C++ : Worksheet Views&lt;/h1>
&lt;p>
&lt;div class="card my-3 border-top-0 border-right-0 border-bottom-0 border-left border-primary rounded" style="border-width:4px !important;">
&lt;div class="wrap border border-left-0 rounded">
&lt;div class="card-header border-0 bg-white pl-3 text-primary">
&lt;h3>Contents Summary&lt;/h3>
&lt;/div>
&lt;div class="card-body pt-1">
&lt;ul>
&lt;li>1 &lt;a href="#page-break-preview">Page Break Preview&lt;/a>
&lt;ul>
&lt;li>1.1 &lt;a href="#controlling-view-modes">Controlling View Modes&lt;/a>
&lt;ul>
&lt;li>1.1.1 &lt;a href="#enabling-normal-view">Enabling Normal View&lt;/a>&lt;/li>
&lt;li>1.1.2 &lt;a href="#enabling-page-break-preview">Enabling Page Break Preview&lt;/a>&lt;/li>
&lt;/ul>
&lt;/li>
&lt;/ul>
&lt;/li>
&lt;li>2 &lt;a href="#zoom-factor">Zoom Factor&lt;/a>
&lt;ul>
&lt;li>2.1 &lt;a href="#using-microsoft-excel">Using Microsoft Excel&lt;/a>&lt;/li>
&lt;li>2.2 &lt;a href="#aspose.cells-&amp;amp;-zoom-factor">Aspose.Cells &amp;amp; Zoom Factor&lt;/a>&lt;/li>
&lt;/ul>
&lt;/li>
&lt;li>3 &lt;a href="#freeze-panes">Freeze Panes&lt;/a>
&lt;ul>
&lt;li>3.1 &lt;a href="#using-microsoft-excel">Using Microsoft Excel&lt;/a>&lt;/li>
&lt;li>3.2 &lt;a href="#aspose.cells-&amp;amp;-freeze-panes">Aspose.Cells &amp;amp; Freeze Panes&lt;/a>&lt;/li>
&lt;/ul>
&lt;/li>
&lt;li>4 &lt;a href="#split-panes">Split Panes&lt;/a>
&lt;ul>
&lt;li>4.1 &lt;a href="#applying-and-removing-split-panes">Applying and Removing Split Panes&lt;/a>
&lt;ul>
&lt;li>4.1.1 &lt;a href="#splitting-panes">Splitting Panes&lt;/a>&lt;/li>
&lt;li>4.1.2 &lt;a href="#removing-panes">Removing Panes&lt;/a>&lt;/li>
&lt;/ul>
&lt;/li>
&lt;/ul>
&lt;/li>
&lt;/ul>
&lt;/div>
&lt;/div>
&lt;/div>
 &lt;/p>
&lt;h2 id="page-break-preview">Page Break Preview&lt;/h2>
&lt;p>All worksheets can be viewed in two modes:&lt;/p>
&lt;ul>
&lt;li>Normal view.&lt;/li>
&lt;li>Page break preview.&lt;/li>
&lt;/ul>
&lt;p>The Normal view is a worksheet&amp;rsquo;s default view. Page break preview is an editing view that displays a worksheet as it will print. Page break preview shows what data will go on each page so you can adjust the print area and page breaks. Using Aspose.Cells developers can enable normal view or page break preview modes.&lt;/p>
&lt;h3 id="controlling-view-modes">Controlling View Modes&lt;/h3>
&lt;p>Aspose.Cells provides a class &lt;a href="https://apireference.aspose.com/cpp/cells/class/aspose.cells.i_workbook/">IWorkbook&lt;/a> that represents a Microsoft Excel file. The &lt;a href="https://apireference.aspose.com/cpp/cells/class/aspose.cells.i_workbook/">IWorkbook&lt;/a> class contains a &lt;a href="https://apireference.aspose.com/cpp/cells/class/aspose.cells.i_worksheet_collection/">Worksheets&lt;/a> collection that allows access to each worksheet in an Excel file.&lt;/p>
&lt;p>A worksheet is represented by the &lt;a href="https://apireference.aspose.com/cpp/cells/class/aspose.cells.i_worksheet/">IWorksheet&lt;/a> class. The &lt;a href="https://apireference.aspose.com/cpp/cells/class/aspose.cells.i_worksheet/">IWorksheet&lt;/a> class provides a wide range of methods for managing worksheets. To enable normal or page break preview modes, use the &lt;a href="https://apireference.aspose.com/cpp/cells/class/aspose.cells.i_worksheet/#aa1af81cfb7635232c7f839192b442892">IsPageBreakPreview&lt;/a> method of the &lt;a href="https://apireference.aspose.com/cpp/cells/class/aspose.cells.i_worksheet/">IWorksheet&lt;/a> class. &lt;a href="https://apireference.aspose.com/cpp/cells/class/aspose.cells.i_worksheet/#aa1af81cfb7635232c7f839192b442892">IsPageBreakPreview&lt;/a> returns a bool value, which means that it can only store a &lt;strong>true&lt;/strong> or &lt;strong>false&lt;/strong> value.&lt;/p>
&lt;h4 id="enabling-normal-view">Enabling Normal View&lt;/h4>
&lt;p>Set a worksheet to normal view by setting the &lt;a href="https://apireference.aspose.com/cpp/cells/class/aspose.cells.i_worksheet/#aa1af81cfb7635232c7f839192b442892">IsPageBreakPreview&lt;/a> method of the &lt;a href="https://apireference.aspose.com/cpp/cells/class/aspose.cells.i_worksheet/">IWorksheet&lt;/a> class to &lt;strong>false&lt;/strong>.&lt;/p>
&lt;h4 id="enabling-page-break-preview">Enabling Page Break Preview&lt;/h4>
&lt;p>Set any worksheet to page break preview by setting the &lt;a href="https://apireference.aspose.com/cpp/cells/class/aspose.cells.i_worksheet/#aa1af81cfb7635232c7f839192b442892">IsPageBreakPreview&lt;/a> method of the &lt;a href="https://apireference.aspose.com/cpp/cells/class/aspose.cells.i_worksheet/">IWorksheet&lt;/a> class to &lt;strong>true&lt;/strong>. Doing so switches the worksheet from normal view to page break preview.&lt;/p>
&lt;p>A complete example is given below that demonstrates how to use the &lt;a href="https://apireference.aspose.com/cpp/cells/class/aspose.cells.i_worksheet/#aa1af81cfb7635232c7f839192b442892">IsPageBreakPreview&lt;/a> method to enable page break preview mode for the first worksheet of an Excel file.&lt;/p>
&lt;h2 id="zoom-factor">Zoom Factor&lt;/h2>
&lt;h3 id="using-microsoft-excel">Using Microsoft Excel&lt;/h3>
&lt;p>Microsoft Excel provides a feature that lets users set a worksheet&amp;rsquo;s zoom or scaling factor. This feature helps users to see the worksheet contents in smaller or larger views. Users can set the zoom factor to any value.&lt;/p>
&lt;h3 id="asposecells--zoom-factor">Aspose.Cells &amp;amp; Zoom Factor&lt;/h3>
&lt;p>Aspose.Cells also allows developers to set the worksheet zoom factor. Aspose.Cells provides a class &lt;a href="https://apireference.aspose.com/cpp/cells/class/aspose.cells.i_workbook/">IWorkbook&lt;/a> that represents a Microsoft Excel file. The &lt;a href="https://apireference.aspose.com/cpp/cells/class/aspose.cells.i_workbook/">IWorkbook&lt;/a> class contains a &lt;a href="https://apireference.aspose.com/cpp/cells/class/aspose.cells.i_worksheet_collection/">Worksheets&lt;/a> collection that allows access to each worksheet in an Excel file.&lt;/p>
&lt;p>A worksheet is represented by the &lt;a href="https://apireference.aspose.com/cpp/cells/class/aspose.cells.i_worksheet/">IWorksheet&lt;/a> class. The &lt;a href="https://apireference.aspose.com/cpp/cells/class/aspose.cells.i_worksheet/">IWorksheet&lt;/a> class provides a wide range of methods for managing worksheets. To set a worksheet&amp;rsquo;s zoom factor, use the &lt;a href="https://apireference.aspose.com/cpp/cells/class/aspose.cells.i_worksheet/#ad94669a93a4324b3a4b7f9582df5b0ec">Zoom&lt;/a> method of the &lt;a href="https://apireference.aspose.com/cpp/cells/class/aspose.cells.i_worksheet/">IWorksheet&lt;/a> class The zoom factor is set by assigning a numeric (integer) value to the &lt;a href="https://apireference.aspose.com/cpp/cells/class/aspose.cells.i_worksheet/#ad94669a93a4324b3a4b7f9582df5b0ec">Zoom&lt;/a> method.&lt;/p>
&lt;p>A complete example is given below that demonstrates how to use the &lt;a href="https://apireference.aspose.com/cpp/cells/class/aspose.cells.i_worksheet/#ad94669a93a4324b3a4b7f9582df5b0ec">Zoom&lt;/a> method to set the zoom factor of the first worksheet of the Excel file.&lt;/p>
&lt;h2 id="freeze-panes">Freeze Panes&lt;/h2>
&lt;h3 id="using-microsoft-excel-1">Using Microsoft Excel&lt;/h3>
&lt;p>Freeze panes is a feature provided by Microsoft Excel. Freezing panes allows you to select data to remain visible when scrolling in a worksheet.&lt;/p>
&lt;h3 id="asposecells--freeze-panes">Aspose.Cells &amp;amp; Freeze Panes&lt;/h3>
&lt;p>Aspose.Cells also allows developers to apply freeze panes to worksheets at runtime. Aspose.Cells provides a class &lt;a href="https://apireference.aspose.com/cpp/cells/class/aspose.cells.i_workbook/">IWorkbook&lt;/a> that represents a Microsoft Excel file. The &lt;a href="https://apireference.aspose.com/cpp/cells/class/aspose.cells.i_workbook/">IWorkbook&lt;/a> class contains a &lt;a href="https://apireference.aspose.com/cpp/cells/class/aspose.cells.i_worksheet_collection/">Worksheets&lt;/a> collection that allows access to each worksheet in an Excel file.&lt;/p>
&lt;p>A worksheet is represented by the &lt;a href="https://apireference.aspose.com/cpp/cells/class/aspose.cells.i_worksheet/">IWorksheet&lt;/a> class. The &lt;a href="https://apireference.aspose.com/cpp/cells/class/aspose.cells.i_worksheet/">IWorksheet&lt;/a> class provides a wide range of methods for managing worksheets. To configure freeze panes, call the &lt;a href="https://apireference.aspose.com/cpp/cells/class/aspose.cells.i_worksheet/#ac4f68dfe9ac219fb8de6d6824ec1aa22">FreezePanes&lt;/a> method of the &lt;a href="https://apireference.aspose.com/cpp/cells/class/aspose.cells.i_worksheet/">IWorksheet&lt;/a> class. The &lt;a href="https://apireference.aspose.com/cpp/cells/class/aspose.cells.i_worksheet/#ac4f68dfe9ac219fb8de6d6824ec1aa22">FreezePanes&lt;/a> method takes the following parameters:&lt;/p>
&lt;ul>
&lt;li>&lt;strong>Row&lt;/strong>, the row index of the cell that the freeze will start from.&lt;/li>
&lt;li>&lt;strong>Column&lt;/strong>, the column index of the cell that the freeze will start from.&lt;/li>
&lt;li>&lt;strong>Frozen rows&lt;/strong>, the number of visible rows in the top pane.&lt;/li>
&lt;li>&lt;strong>Frozen columns&lt;/strong>, the number of visible columns in the left pane&lt;/li>
&lt;/ul>
&lt;p>A complete example is given below that shows how to use the &lt;a href="https://apireference.aspose.com/cpp/cells/class/aspose.cells.i_worksheet/#ac4f68dfe9ac219fb8de6d6824ec1aa22">FreezePanes&lt;/a> method to freeze rows and columns (starting from C4, represented by 4th row and 3rd column, where the rows and columns start from the 0 index) of the first worksheet of the Excel file.&lt;/p>
&lt;h2 id="split-panes">Split Panes&lt;/h2>
&lt;p>If you need to split the screen to get two different views in the same worksheet, split panes. Microsoft Excel offers a very handy feature that allows you to view more than one copy of your worksheet, and for you to be able to scroll through each pane of your worksheet independently: split panes.&lt;/p>
&lt;p>The panes work simultaneously. If you make a change in one, the change simultaneously appears in the other. Aspose.Cells provides the split panes feature for the users.&lt;/p>
&lt;h3 id="applying-and-removing-split-panes">Applying and Removing Split Panes&lt;/h3>
&lt;h4 id="splitting-panes">Splitting Panes&lt;/h4>
&lt;p>Aspose.Cells provides a class &lt;a href="https://apireference.aspose.com/cpp/cells/class/aspose.cells.i_workbook/">IWorkbook&lt;/a> that represents a Microsoft Excel file. The &lt;a href="https://apireference.aspose.com/cpp/cells/class/aspose.cells.i_workbook/">IWorkbook&lt;/a> class provides a wide range of methods for managing an Excel file. To implement split views, use the &lt;a href="https://apireference.aspose.com/cpp/cells/class/aspose.cells.i_worksheet/#a0e581a3a9528a767c57008521ee02b6f">Split&lt;/a> method of the &lt;a href="https://apireference.aspose.com/cpp/cells/class/aspose.cells.i_worksheet/">IWorksheet&lt;/a> class. To remove the split panes, use the &lt;a href="https://apireference.aspose.com/cpp/cells/class/aspose.cells.i_worksheet/#a5b554108c91f686e906400c26248eee5">RemoveSplit&lt;/a> method.&lt;/p>
&lt;p>In the example, we use a simple template file that is loaded, then the set split panes feature is applied on a cell in the first worksheet. The updated file is saved.&lt;/p>
&lt;h4 id="removing-panes">Removing Panes&lt;/h4>
&lt;p>Remove split panes using the &lt;a href="https://apireference.aspose.com/cpp/cells/class/aspose.cells.i_worksheet/#a5b554108c91f686e906400c26248eee5">RemoveSplit&lt;/a> method.&lt;/p></description></item></channel></rss>