<rss version="2.0" xmlns:atom="http://www.w3.org/2005/Atom"><channel><title>Documentation – Adjusting Row Height and Column Width</title><link>https://docs2.aspose.com/cells/cpp/developerguide/rowsandcolumns/adjusting+row+height+and+column+width/</link><description>Recent content in Adjusting Row Height and Column Width on Documentation</description><generator>Hugo -- gohugo.io</generator><atom:link href="https://docs2.aspose.com/cells/cpp/developerguide/rowsandcolumns/adjusting+row+height+and+column+width/index.xml" rel="self" type="application/rss+xml"/></channel></rss>