<rss version="2.0" xmlns:atom="http://www.w3.org/2005/Atom"><channel><title>Documentation – Excel with unsupported border style to HTML</title><link>https://docs2.aspose.com/cells/pythonjava/developerguide/html/excel+with+unsupported+border+style+to+html/</link><description>Recent content in Excel with unsupported border style to HTML on Documentation</description><generator>Hugo -- gohugo.io</generator><atom:link href="https://docs2.aspose.com/cells/pythonjava/developerguide/html/excel+with+unsupported+border+style+to+html/index.xml" rel="self" type="application/rss+xml"/></channel></rss>