<rss version="2.0" xmlns:atom="http://www.w3.org/2005/Atom"><channel><title>Documentation – Creating New Data sources and Queries</title><link>https://docs2.aspose.com/cells/reportingservices/userguide/datasourcesandqueries/creating+new+data+sources+and+queries/</link><description>Recent content in Creating New Data sources and Queries on Documentation</description><generator>Hugo -- gohugo.io</generator><atom:link href="https://docs2.aspose.com/cells/reportingservices/userguide/datasourcesandqueries/creating+new+data+sources+and+queries/index.xml" rel="self" type="application/rss+xml"/></channel></rss>