<rss version="2.0" xmlns:atom="http://www.w3.org/2005/Atom"><channel><title>Documentation – Users Guide</title><link>https://docs2.aspose.com/cells/sharepoint/usersguide/</link><description>Recent content in Users Guide on Documentation</description><generator>Hugo -- gohugo.io</generator><atom:link href="https://docs2.aspose.com/cells/sharepoint/usersguide/index.xml" rel="self" type="application/rss+xml"/><item><title>Sharepoint: Convert One File</title><link>https://docs2.aspose.com/cells/sharepoint/usersguide/convert+one+file/</link><pubDate>Mon, 01 Jan 0001 00:00:00 +0000</pubDate><guid>https://docs2.aspose.com/cells/sharepoint/usersguide/convert+one+file/</guid><description>
&lt;p>Aspose.Cells for SharePoint : Convert One File&lt;/p>
&lt;h1 id="asposecells-for-sharepoint--convert-one-file">Aspose.Cells for SharePoint : Convert One File&lt;/h1>
&lt;p>One of the most common tasks that users use Aspose.Cells for, is converting individual files.&lt;/p>
&lt;h3 id="converting-individual-files">Converting Individual Files&lt;/h3>
&lt;p>To convert a particular document in a document library:&lt;/p>
&lt;ol>
&lt;li>
&lt;p>Select &lt;strong>Convert with Aspose.Cells.SharePoint&lt;/strong> in the document&amp;rsquo;s Edit Control Block (ECB).&lt;/p>
&lt;p>&lt;strong>Selecting “Convert via Aspose.Cells” item in the document’s ECB&lt;/strong>&lt;br>
&lt;img src="https://docs2.aspose.com/cells/sharepoint/attachments/6357006/6488114.png" alt="">&lt;/p>
&lt;p>The conversion settings screen is displayed. Here, you can fine-tune the conversion:&lt;/p>
&lt;/li>
&lt;li>
&lt;p>Select the destination file format from the &lt;strong>Convert to&lt;/strong> list.&lt;/p>
&lt;/li>
&lt;li>
&lt;p>Enter the output file&amp;rsquo;s name into the &lt;strong>Destination file&lt;/strong> field.&lt;br>
By default, Aspose.Cells for SharePoint pre-populates this field with the name of the source file.&lt;br>
The extension is added automatically according to the selected format.&lt;/p>
&lt;/li>
&lt;li>
&lt;p>Start the conversion by clicking &lt;strong>Convert&lt;/strong>.&lt;br>
(Or go back to the library, dismissing your settings, by clicking &lt;strong>Cancel&lt;/strong>.)&lt;/p>
&lt;/li>
&lt;/ol>
&lt;p>&lt;strong>Conversion Settings screen for one file conversion&lt;/strong>&lt;br>
&lt;img src="https://docs2.aspose.com/cells/sharepoint/attachments/6357006/6488117.png" alt="">&lt;/p>
&lt;h2 id="attachments">Attachments:&lt;/h2>
&lt;p>&lt;img src="https://docs2.aspose.com/cells/sharepoint/images/icons/bullet_blue.gif" alt=""> &lt;a href="https://docs2.aspose.com/cells/sharepoint/attachments/6357006/6488114.png">Convert One File-001.png&lt;/a> (image/png)&lt;br>
&lt;img src="https://docs2.aspose.com/cells/sharepoint/images/icons/bullet_blue.gif" alt=""> &lt;a href="https://docs2.aspose.com/cells/sharepoint/attachments/6357006/6488117.png">Convert One File-002.png&lt;/a> (image/png)&lt;/p></description></item><item><title>Sharepoint: Convert Multiple Files</title><link>https://docs2.aspose.com/cells/sharepoint/usersguide/convert+multiple+files/</link><pubDate>Mon, 01 Jan 0001 00:00:00 +0000</pubDate><guid>https://docs2.aspose.com/cells/sharepoint/usersguide/convert+multiple+files/</guid><description>
&lt;p>Aspose.Cells for SharePoint : Convert Multiple Files&lt;/p>
&lt;h1 id="asposecells-for-sharepoint--convert-multiple-files">Aspose.Cells for SharePoint : Convert Multiple Files&lt;/h1>
&lt;p>To convert all files in a folder:&lt;/p>
&lt;ol>
&lt;li>Select &lt;strong>Convert with Aspose.Cells&lt;/strong> from the ECB of your desired folder while staying in the parent.&lt;/li>
&lt;/ol>
&lt;p>To convert multiple files:&lt;/p>
&lt;ol>
&lt;li>
&lt;p>Select several files in the library and select &lt;strong>Convert with Aspose.Cells&lt;/strong>.&lt;/p>
&lt;p>&lt;strong>Convert all files in the sub-folder&lt;/strong>&lt;br>
&lt;img src="https://docs2.aspose.com/cells/sharepoint/attachments/6357003/6488110.png" alt="">&lt;/p>
&lt;/li>
&lt;li>
&lt;p>Select the file item in the document list and move it up or down change the conversion order.&lt;/p>
&lt;p>&lt;strong>Changing the conversion order&lt;/strong>&lt;br>
&lt;img src="https://docs2.aspose.com/cells/sharepoint/attachments/6357003/6488113.png" alt="">&lt;/p>
&lt;/li>
&lt;/ol>
&lt;h3 id="using-server-ribbon-button-under-sharepoint-2010">Using Server Ribbon Button under SharePoint 2010&lt;/h3>
&lt;p>Under SharePoint 2010, the server ribbon button is available instead of the custom action menu used with SharePoint 2007 / WSS 3.&lt;/p>
&lt;p>&lt;strong>Converting documents with Aspose.Cells for SharePoint on SharePoint 2010&lt;/strong>&lt;br>
&lt;img src="https://docs2.aspose.com/cells/sharepoint/attachments/6357003/6488112.png" alt="">&lt;/p>
&lt;h2 id="attachments">Attachments:&lt;/h2>
&lt;p>&lt;img src="https://docs2.aspose.com/cells/sharepoint/images/icons/bullet_blue.gif" alt=""> &lt;a href="https://docs2.aspose.com/cells/sharepoint/attachments/6357003/6488110.png">multi-1.png&lt;/a> (image/png)&lt;br>
&lt;img src="https://docs2.aspose.com/cells/sharepoint/images/icons/bullet_blue.gif" alt=""> &lt;a href="https://docs2.aspose.com/cells/sharepoint/attachments/6357003/6488113.png">multi-2.png&lt;/a> (image/png)&lt;br>
&lt;img src="https://docs2.aspose.com/cells/sharepoint/images/icons/bullet_blue.gif" alt=""> &lt;a href="https://docs2.aspose.com/cells/sharepoint/attachments/6357003/6488112.png">multi-3.png&lt;/a> (image/png)&lt;/p></description></item><item><title>Sharepoint: Preview Document</title><link>https://docs2.aspose.com/cells/sharepoint/usersguide/preview+document/</link><pubDate>Mon, 01 Jan 0001 00:00:00 +0000</pubDate><guid>https://docs2.aspose.com/cells/sharepoint/usersguide/preview+document/</guid><description>
&lt;p>Aspose.Cells for SharePoint : Preview Document&lt;/p>
&lt;h1 id="asposecells-for-sharepoint--preview-document">Aspose.Cells for SharePoint : Preview Document&lt;/h1>
&lt;p>To preview a Microsoft Excel document in the document library:&lt;/p>
&lt;ol>
&lt;li>
&lt;p>Select &lt;strong>Preview Document with Aspose.Cells&lt;/strong> from the document’s Edit Control Block (ECB).&lt;/p>
&lt;p>&lt;strong>Selecting Preview Document from the menu&lt;/strong>&lt;br>
&lt;img src="https://docs2.aspose.com/cells/sharepoint/attachments/6357004/6488131.png" alt="">&lt;/p>
&lt;p>&lt;strong>Document preview&lt;/strong>&lt;br>
&lt;img src="https://docs2.aspose.com/cells/sharepoint/attachments/6357004/6488126.png" alt="">&lt;/p>
&lt;/li>
&lt;/ol>
&lt;h2 id="attachments">Attachments:&lt;/h2>
&lt;p>&lt;img src="https://docs2.aspose.com/cells/sharepoint/images/icons/bullet_blue.gif" alt=""> &lt;a href="https://docs2.aspose.com/cells/sharepoint/attachments/6357004/6488131.png">preview1.png&lt;/a> (image/png)&lt;br>
&lt;img src="https://docs2.aspose.com/cells/sharepoint/images/icons/bullet_blue.gif" alt=""> &lt;a href="https://docs2.aspose.com/cells/sharepoint/attachments/6357004/6488126.png">preview2.png&lt;/a> (image/png)&lt;/p></description></item><item><title>Sharepoint: Preview Multiple Documents</title><link>https://docs2.aspose.com/cells/sharepoint/usersguide/preview+multiple+documents/</link><pubDate>Mon, 01 Jan 0001 00:00:00 +0000</pubDate><guid>https://docs2.aspose.com/cells/sharepoint/usersguide/preview+multiple+documents/</guid><description>
&lt;p>Aspose.Cells for SharePoint : Preview Multiple Documents&lt;/p>
&lt;h1 id="asposecells-for-sharepoint--preview-multiple-documents">Aspose.Cells for SharePoint : Preview Multiple Documents&lt;/h1>
&lt;p>You may preview multiple Excel documents in the document library.&lt;/p>
&lt;p>To preview all the files in a folder:&lt;/p>
&lt;ol>
&lt;li>Select &lt;strong>Preview Document with Aspose.Cells&lt;/strong> in the ECB for your desired folder while staying in the parent.&lt;/li>
&lt;/ol>
&lt;p>To preview multiple files from within a folder:&lt;/p>
&lt;ol>
&lt;li>Select multiple files.&lt;/li>
&lt;li>With the files still selected, select &lt;strong>Preview Document with Aspose.Cells&lt;/strong>.&lt;/li>
&lt;/ol>
&lt;p>&lt;strong>Document preview from withing SharePoint&lt;/strong>&lt;br>
&lt;img src="https://docs2.aspose.com/cells/sharepoint/attachments/6357001/6488127.png" alt="">&lt;/p>
&lt;p>When you&amp;rsquo;re previewing several documents, the data area shows the first document in the list. The documents list shows all the previewed documents. To view another document:&lt;/p>
&lt;ol>
&lt;li>Select a document in the list.&lt;/li>
&lt;li>Click &lt;strong>Preview&lt;/strong>.&lt;/li>
&lt;/ol>
&lt;h2 id="attachments">Attachments:&lt;/h2>
&lt;p>&lt;img src="https://docs2.aspose.com/cells/sharepoint/images/icons/bullet_blue.gif" alt=""> &lt;a href="https://docs2.aspose.com/cells/sharepoint/attachments/6357001/6488127.png">preview_multiple1.png&lt;/a> (image/png)&lt;/p></description></item><item><title>Sharepoint: Searching in a Document</title><link>https://docs2.aspose.com/cells/sharepoint/usersguide/searching+in+a+document/</link><pubDate>Mon, 01 Jan 0001 00:00:00 +0000</pubDate><guid>https://docs2.aspose.com/cells/sharepoint/usersguide/searching+in+a+document/</guid><description>
&lt;p>Aspose.Cells for SharePoint : Searching in a Document&lt;/p>
&lt;h1 id="asposecells-for-sharepoint--searching-in-a-document">Aspose.Cells for SharePoint : Searching in a Document&lt;/h1>
&lt;p>To search all the files in a folder:&lt;/p>
&lt;ol>
&lt;li>Select &lt;strong>Search in Document with Aspose.Cells&lt;/strong> in the ECB of the desired folder while staying in the parent.&lt;/li>
&lt;/ol>
&lt;p>To search several files at once:&lt;/p>
&lt;ol>
&lt;li>Select multiple files.&lt;/li>
&lt;li>With the files still selected, select &lt;strong>Search Document with Aspose.Cells&lt;/strong>.&lt;/li>
&lt;/ol>
&lt;p>&lt;strong>Searching documents&lt;/strong>&lt;br>
&lt;img src="https://docs2.aspose.com/cells/sharepoint/attachments/6357002/6488137.png" alt="">&lt;/p>
&lt;p>The following options are available:&lt;/p>
&lt;ul>
&lt;li>&lt;strong>Find Options&lt;/strong>: Focus your search by searching in cells, for formulas, or finding formulas that contains a specific expression.&lt;/li>
&lt;li>&lt;strong>CaseSensitive&lt;/strong>: When the case-sensitive option is selected, the search matches characters exactly, including lower- and upper-case letters.&lt;/li>
&lt;/ul>
&lt;h2 id="attachments">Attachments:&lt;/h2>
&lt;p>&lt;img src="https://docs2.aspose.com/cells/sharepoint/images/icons/bullet_blue.gif" alt=""> &lt;a href="https://docs2.aspose.com/cells/sharepoint/attachments/6357002/6488137.png">searching_in1.png&lt;/a> (image/png)&lt;/p></description></item><item><title>Sharepoint: Add Watermark to a document</title><link>https://docs2.aspose.com/cells/sharepoint/usersguide/add+watermark+to+a+document/</link><pubDate>Mon, 01 Jan 0001 00:00:00 +0000</pubDate><guid>https://docs2.aspose.com/cells/sharepoint/usersguide/add+watermark+to+a+document/</guid><description>
&lt;p>Aspose.Cells for SharePoint : Add Watermark to a document&lt;/p>
&lt;h1 id="asposecells-for-sharepoint--add-watermark-to-a-document">Aspose.Cells for SharePoint : Add Watermark to a document&lt;/h1>
&lt;p>If you want to add watermark in an Excel file, please choose “Add WaterMark with Aspose.Cells” option in the document’s Edit Control Block (ECB).&lt;/p>
&lt;p>&lt;img src="https://docs2.aspose.com/cells/sharepoint/attachments/48136376/48496648.png" alt="">&lt;/p>
&lt;p>The following options are available during the add watermark setup:&lt;/p>
&lt;p>&lt;img src="https://docs2.aspose.com/cells/sharepoint/attachments/48136376/48496649.png" alt="">&lt;/p>
&lt;p>&lt;strong>Watermark file&lt;/strong>&lt;/p>
&lt;p>The file must be an image file.&lt;/p>
&lt;h2 id="attachments">Attachments:&lt;/h2>
&lt;p>&lt;img src="https://docs2.aspose.com/cells/sharepoint/images/icons/bullet_blue.gif" alt=""> &lt;a href="https://docs2.aspose.com/cells/sharepoint/attachments/48136376/48496648.png">add_watermark1.png&lt;/a> (image/png)&lt;br>
&lt;img src="https://docs2.aspose.com/cells/sharepoint/images/icons/bullet_blue.gif" alt=""> &lt;a href="https://docs2.aspose.com/cells/sharepoint/attachments/48136376/48496649.png">add_watermark2.png&lt;/a> (image/png)&lt;/p></description></item><item><title>Sharepoint: Add Footer to a document</title><link>https://docs2.aspose.com/cells/sharepoint/usersguide/add+footer+to+a+document/</link><pubDate>Mon, 01 Jan 0001 00:00:00 +0000</pubDate><guid>https://docs2.aspose.com/cells/sharepoint/usersguide/add+footer+to+a+document/</guid><description>
&lt;p>Aspose.Cells for SharePoint : Add Footer to a document&lt;/p>
&lt;h1 id="asposecells-for-sharepoint--add-footer-to-a-document">Aspose.Cells for SharePoint : Add Footer to a document&lt;/h1>
&lt;p>If you want to add footer in an Excel file, please choose “Add Footer with Aspose.Cells” option in the document’s Edit Control Block (ECB).&lt;/p>
&lt;p>&lt;img src="https://docs2.aspose.com/cells/sharepoint/attachments/48136378/48496650.png" alt="">&lt;/p>
&lt;p>The following options are available during the add footer setup:&lt;/p>
&lt;p>&lt;img src="https://docs2.aspose.com/cells/sharepoint/attachments/48136378/48496651.png" alt="">&lt;/p>
&lt;p>&lt;strong>Section&lt;/strong>&lt;/p>
&lt;p>Add footer position: Left Section, Center Section, Right Section.&lt;/p>
&lt;p>&lt;strong>Footer Script&lt;/strong>&lt;/p>
&lt;p>It represents Footer formatting script. Script commands: Command | Description| &amp;amp;P Current page number| &amp;amp;N Page count|&amp;amp;D Current date| &amp;amp;T Current time &amp;amp;A Sheet name &amp;amp;F File name without path &amp;amp;&amp;ldquo;&lt;FontName>&amp;rdquo; Font name, for example: &amp;amp;&amp;ldquo;Arial&amp;rdquo; &amp;amp;&amp;ldquo;&lt;FontName>, &lt;FontStyle>&amp;rdquo; Font name and font style, for example: &amp;amp;&amp;ldquo;Arial,Bold&amp;rdquo; &amp;amp;&lt;FontSize> Font size. If this command is followed by a plain number to be printed in the header, it will be separated from the font height with a space character. &amp;amp;G Image script For example: &amp;ldquo;&amp;amp;Arial,Bold&amp;amp;8Footer Note&amp;rdquo;.&lt;/p>
&lt;h2 id="attachments">Attachments:&lt;/h2>
&lt;p>&lt;img src="https://docs2.aspose.com/cells/sharepoint/images/icons/bullet_blue.gif" alt=""> &lt;a href="https://docs2.aspose.com/cells/sharepoint/attachments/48136378/48496650.png">add_footer1.png&lt;/a> (image/png)&lt;br>
&lt;img src="https://docs2.aspose.com/cells/sharepoint/images/icons/bullet_blue.gif" alt=""> &lt;a href="https://docs2.aspose.com/cells/sharepoint/attachments/48136378/48496651.png">add_footer2.png&lt;/a> (image/png)&lt;/p></description></item><item><title>Sharepoint: Add Footer to multiple documents</title><link>https://docs2.aspose.com/cells/sharepoint/usersguide/add+footer+to+multiple+documents/</link><pubDate>Mon, 01 Jan 0001 00:00:00 +0000</pubDate><guid>https://docs2.aspose.com/cells/sharepoint/usersguide/add+footer+to+multiple+documents/</guid><description>
&lt;p>Aspose.Cells for SharePoint : Add Footer to multiple documents&lt;/p>
&lt;h1 id="asposecells-for-sharepoint--add-footer-to-multiple-documents">Aspose.Cells for SharePoint : Add Footer to multiple documents&lt;/h1>
&lt;p>If you want to add footer in multiple Excel files, please choose “Add Footer with Aspose.Cells” option in Ribbon bar.&lt;/p>
&lt;p>&lt;img src="https://docs2.aspose.com/cells/sharepoint/attachments/50266392/50528277.png" alt=""> &lt;/p>
&lt;p>Get all Excel files from data source folder and create file list table.&lt;/p>
&lt;p>Select file which needs to add footer, click &lt;strong>Add Footer&lt;/strong> button to add footer for selected files. &lt;/p>
&lt;p>&lt;img src="https://docs2.aspose.com/cells/sharepoint/attachments/50266392/50528278.png" alt=""> &lt;/p>
&lt;p>The following options are available during adding footer setup:&lt;/p>
&lt;p>&lt;strong>Section&lt;/strong>&lt;/p>
&lt;p>Add footer position: Left Section, Center Section and Right Section.&lt;/p>
&lt;p>&lt;strong>Footer Script&lt;/strong>&lt;/p>
&lt;p>It represents Footer formatting script. Script commands: Command | Description| &amp;amp;P Current page number| &amp;amp;N Page count|&amp;amp;D Current date| &amp;amp;T Current time &amp;amp;A Sheet name &amp;amp;F File name without path &amp;amp;&amp;ldquo;&lt;FontName>&amp;rdquo; Font name, for example: &amp;amp;&amp;ldquo;Arial&amp;rdquo; &amp;amp;&amp;ldquo;&lt;FontName>, &lt;FontStyle>&amp;rdquo; Font name and font style, for example: &amp;amp;&amp;ldquo;Arial,Bold&amp;rdquo; &amp;amp;&lt;FontSize> Font size. If this command is followed by a plain number to be printed in the header, it will be separated from the font height with a space character. &amp;amp;G Image script For example: &amp;ldquo;&amp;amp;Arial,Bold&amp;amp;8Footer Note&amp;rdquo;.&lt;/p>
&lt;h2 id="attachments">Attachments:&lt;/h2>
&lt;p>&lt;img src="https://docs2.aspose.com/cells/sharepoint/images/icons/bullet_blue.gif" alt=""> &lt;a href="https://docs2.aspose.com/cells/sharepoint/attachments/50266392/50528277.png">addfootertomultipledocs1.png&lt;/a> (image/png)&lt;br>
&lt;img src="https://docs2.aspose.com/cells/sharepoint/images/icons/bullet_blue.gif" alt=""> &lt;a href="https://docs2.aspose.com/cells/sharepoint/attachments/50266392/50528278.png">addfootertomultipledocs2.png&lt;/a> (image/png)&lt;/p></description></item><item><title>Sharepoint: Add Watermark to multiple documents</title><link>https://docs2.aspose.com/cells/sharepoint/usersguide/add+watermark+to+multiple+documents/</link><pubDate>Mon, 01 Jan 0001 00:00:00 +0000</pubDate><guid>https://docs2.aspose.com/cells/sharepoint/usersguide/add+watermark+to+multiple+documents/</guid><description>
&lt;p>Aspose.Cells for SharePoint : Add Watermark to multiple documents&lt;/p>
&lt;h1 id="asposecells-for-sharepoint--add-watermark-to-multiple-documents">Aspose.Cells for SharePoint : Add Watermark to multiple documents&lt;/h1>
&lt;p>If you want to add watermark in multiple Excel files, please choose “Add WaterMark with Aspose.Cells” option in the Ribbon bar.&lt;/p>
&lt;p> &lt;img src="https://docs2.aspose.com/cells/sharepoint/attachments/50270251/50528333.png" alt="">&lt;/p>
&lt;p>Get all Excel files from data source folder and create file list table.&lt;/p>
&lt;p>Select file which needs to add watermark, click &lt;strong>Add Watermark&lt;/strong> button to add watermark for the selected files. &lt;/p>
&lt;p>&lt;img src="https://docs2.aspose.com/cells/sharepoint/attachments/50270251/50528334.png" alt=""> &lt;/p>
&lt;p>The following options are available during the add water mark setup:&lt;/p>
&lt;p>&lt;strong>Watermark file:&lt;/strong>&lt;/p>
&lt;p>**            Input image file path.**&lt;/p>
&lt;h2 id="attachments">Attachments:&lt;/h2>
&lt;p>&lt;img src="https://docs2.aspose.com/cells/sharepoint/images/icons/bullet_blue.gif" alt=""> &lt;a href="https://docs2.aspose.com/cells/sharepoint/attachments/50270251/50528333.png">addwatermarkmultiple1.png&lt;/a> (image/png)&lt;br>
&lt;img src="https://docs2.aspose.com/cells/sharepoint/images/icons/bullet_blue.gif" alt=""> &lt;a href="https://docs2.aspose.com/cells/sharepoint/attachments/50270251/50528334.png">addwatermarkmultiple2.png&lt;/a> (image/png)&lt;/p></description></item></channel></rss>