<rss version="2.0" xmlns:atom="http://www.w3.org/2005/Atom"><channel><title>Documentation – Worksheets</title><link>https://docs2.aspose.com/cells/pythonjava/developerguide/worksheets/</link><description>Recent content in Worksheets on Documentation</description><generator>Hugo -- gohugo.io</generator><atom:link href="https://docs2.aspose.com/cells/pythonjava/developerguide/worksheets/index.xml" rel="self" type="application/rss+xml"/><item><title>Pythonjava: Manage Worksheets</title><link>https://docs2.aspose.com/cells/pythonjava/developerguide/worksheets/manage+worksheets/</link><pubDate>Mon, 01 Jan 0001 00:00:00 +0000</pubDate><guid>https://docs2.aspose.com/cells/pythonjava/developerguide/worksheets/manage+worksheets/</guid><description>
&lt;p>Aspose.Cells for Python via Java : Manage Worksheets&lt;/p>
&lt;h1 id="asposecells-for-python-via-java--manage-worksheets">Aspose.Cells for Python via Java : Manage Worksheets&lt;/h1>
&lt;p>
&lt;div class="card my-3 border-top-0 border-right-0 border-bottom-0 border-left border-primary rounded" style="border-width:4px !important;">
&lt;div class="wrap border border-left-0 rounded">
&lt;div class="card-header border-0 bg-white pl-3 text-primary">
&lt;h3>Contents Summary&lt;/h3>
&lt;/div>
&lt;div class="card-body pt-1">
&lt;ul>
&lt;li>1 &lt;a href="#adding-worksheets-to-a-new-excel-file">Adding Worksheets to a New Excel File&lt;/a>&lt;/li>
&lt;li>2 &lt;a href="#adding-worksheets-to-a-designer-spreadsheet">Adding Worksheets to a Designer Spreadsheet&lt;/a>&lt;/li>
&lt;li>3 &lt;a href="#accessing-worksheets-using-sheet-name">Accessing Worksheets using Sheet Name&lt;/a>&lt;/li>
&lt;li>4 &lt;a href="#removing-worksheets">Removing Worksheets&lt;/a>
&lt;ul>
&lt;li>4.1 &lt;a href="#removing-worksheets-using-sheet%C2%A0index">Removing Worksheets using Sheet Index&lt;/a>&lt;/li>
&lt;li>4.2 &lt;a href="#removing-worksheets-using-sheet-name">Removing Worksheets using Sheet Name&lt;/a>&lt;/li>
&lt;/ul>
&lt;/li>
&lt;/ul>
&lt;/div>
&lt;/div>
&lt;/div>
 &lt;/p>
&lt;p> &lt;/p>
&lt;p>Managing worksheets using Aspose.Cells for Python via Java is very easy. In this article, we will demonstrate added, accessing, and removing worksheets using the Aspose.Cells API.&lt;/p>
&lt;h2 id="adding-worksheets-to-a-new-excel-file">Adding Worksheets to a New Excel File&lt;/h2>
&lt;p>To create a new Workbook, create an object of the &lt;a href="https://docs.aspose.com/apireference.aspose.com/cells/python/asposecells.api/Workbook">Workbook&lt;/a> class. The &lt;a href="https://docs.aspose.com/apireference.aspose.com/cells/python/asposecells.api/Workbook">Workbook&lt;/a> class represents an Excel file. Then by using the &lt;a href="https://apireference.aspose.com/cells/python/asposecells.api/worksheetcollection#add()">add&lt;/a> method of the &lt;a href="https://apireference.aspose.com/cells/python/asposecells.api/worksheetcollection">WorksheetCollection&lt;/a>, new worksheets are added to the Excel file. Finally, to save the newly created Excel file, call the &lt;a href="https://apireference.aspose.com/cells/python/asposecells.api/workbook#save(java.lang.String)">save&lt;/a> method of the &lt;a href="https://docs.aspose.com/apireference.aspose.com/cells/python/asposecells.api/Workbook">Workbook&lt;/a> class.&lt;/p>
&lt;p>The following code snippet demonstrates creating a new Excel file and adding a worksheet to it.&lt;/p>
&lt;h2 id="adding-worksheets-to-a-designer-spreadsheet">Adding Worksheets to a Designer Spreadsheet&lt;/h2>
&lt;p>Adding worksheets to a designer spreadsheet is exactly the same as adding the worksheet to a new Excel file. The only difference is that instead of creating a new Excel file, we open an existing file by the &lt;a href="https://docs.aspose.com/apireference.aspose.com/cells/python/asposecells.api/Workbook">Workbook&lt;/a> class.&lt;/p>
&lt;p>The following code snippet demonstrates adding a worksheet to a designer spreadsheet.&lt;/p>
&lt;h2 id="accessing-worksheets-using-sheet-name">Accessing Worksheets using Sheet Name&lt;/h2>
&lt;p>After loading a workbook, developers can access any worksheet by using its index or name. The following code snippet demonstrates accessing a worksheet by using its name.&lt;/p>
&lt;h2 id="removing-worksheets">Removing Worksheets&lt;/h2>
&lt;p>There may be times when some sheets meet to be removed from the workbook. For this, the API provides the &lt;a href="https://apireference.aspose.com/cells/python/asposecells.api/worksheetcollection#removeAt(int)">WorksheetCollection.removeAt&lt;/a> method. You can pass it sheet index or sheet name of the sheet to be removed. The following examples demonstrate removing worksheets by using the sheet index and sheet name.&lt;/p>
&lt;h3 id="removing-worksheets-using-sheetindex">Removing Worksheets using Sheet Index&lt;/h3>
&lt;h3 id="removing-worksheets-using-sheet-name">Removing Worksheets using Sheet Name&lt;/h3></description></item><item><title>Pythonjava: Copying and Moving Worksheets</title><link>https://docs2.aspose.com/cells/pythonjava/developerguide/worksheets/copying+and+moving+worksheets/</link><pubDate>Mon, 01 Jan 0001 00:00:00 +0000</pubDate><guid>https://docs2.aspose.com/cells/pythonjava/developerguide/worksheets/copying+and+moving+worksheets/</guid><description>
&lt;p>Aspose.Cells for Python via Java : Copying and Moving Worksheets&lt;/p>
&lt;h1 id="asposecells-for-python-via-java--copying-and-moving-worksheets">Aspose.Cells for Python via Java : Copying and Moving Worksheets&lt;/h1>
&lt;p>Sometimes, you do need a number of worksheets with common formatting and data. For example, if you work with quarterly budgets, you might want to create a workbook with sheets that contain the same column headings, row headings, and formulas. There is a way to do this: by creating one sheet and then copying it.&lt;/p>
&lt;p>Aspose.Cells supports copying and moving worksheets within or between workbooks. Worksheets, complete with data, formatting, tables, matrices, charts, images, and other objects, are copied with the highest degree of precision.&lt;/p>
&lt;p>
&lt;div class="card my-3 border-top-0 border-right-0 border-bottom-0 border-left border-primary rounded" style="border-width:4px !important;">
&lt;div class="wrap border border-left-0 rounded">
&lt;div class="card-header border-0 bg-white pl-3 text-primary">
&lt;h3>Contents Summary&lt;/h3>
&lt;/div>
&lt;div class="card-body pt-1">
&lt;ul>
&lt;li>1 &lt;a href="#moving-or-copying-sheets-using-microsoft-excel">Moving or Copying Sheets using Microsoft Excel&lt;/a>
&lt;ul>
&lt;li>1.1 &lt;a href="#copy-worksheets-within-a-workbook">Copy Worksheets within a Workbook&lt;/a>&lt;/li>
&lt;li>1.2 &lt;a href="#copy-worksheets-between-workbooks">Copy Worksheets between Workbooks&lt;/a>&lt;/li>
&lt;li>1.3 &lt;a href="#move-worksheets-within-workbook">Move Worksheets within Workbook&lt;/a>&lt;/li>
&lt;/ul>
&lt;/li>
&lt;/ul>
&lt;/div>
&lt;/div>
&lt;/div>
 &lt;/p>
&lt;p> &lt;/p>
&lt;h2 id="moving-or-copying-sheets-using-microsoft-excel">Moving or Copying Sheets using Microsoft Excel&lt;/h2>
&lt;p>The following are the steps involved in copying and moving worksheets within or between workbooks.&lt;/p>
&lt;ol>
&lt;li>Open the workbook that will receive the sheets.&lt;/li>
&lt;li>Switch to the workbook that contains the sheets you want to move or copy, and then select the sheets.&lt;/li>
&lt;li>On the &lt;strong>Edit&lt;/strong> menu, click &lt;strong>Move or Copy Sheet&lt;/strong>.&lt;/li>
&lt;li>In the To book box, click the workbook to receive the sheets.&lt;/li>
&lt;li>To move or copy the selected sheets to a new workbook, click &lt;strong>new book&lt;/strong>.&lt;/li>
&lt;li>In the &lt;strong>Before sheet&lt;/strong> box, click the sheet before which you want to insert the moved or copied sheets.&lt;/li>
&lt;li>To copy the sheets instead of moving them, select the &lt;strong>Create a copy&lt;/strong> checkbox.&lt;/li>
&lt;/ol>
&lt;h3 id="copy-worksheets-within-a-workbook">Copy Worksheets within a Workbook&lt;/h3>
&lt;p>Aspose.Cells provides an overloaded &lt;a href="https://apireference.aspose.com/cells/python/asposecells.api/worksheetcollection#addCopy(int)">WorksheetCollection.addCopy()&lt;/a> method that is used to copy an existing worksheet. One version of the method takes the index of the source worksheet as a parameter. The other version takes the name of the source worksheet.&lt;/p>
&lt;p>The following example shows how to copy an existing worksheet within a workbook.&lt;/p>
&lt;h3 id="copy-worksheets-between-workbooks">Copy Worksheets between Workbooks&lt;/h3>
&lt;p>Aspose.Cells provides the &lt;a href="https://apireference.aspose.com/cells/python/asposecells.api/worksheet#copy(com.aspose.cells.Worksheet)">Worksheet.copy()&lt;/a> method used to copy worksheets to other workbooks. The method takes the source worksheet object as a parameter.&lt;/p>
&lt;p>The following example shows how to copy a worksheet from one workbook to another workbook.&lt;/p>
&lt;h3 id="move-worksheets-within-workbook">Move Worksheets within Workbook&lt;/h3>
&lt;p>Aspose.Cells provides the &lt;a href="https://apireference.aspose.com/cells/python/asposecells.api/worksheet#moveTo(int)">Worksheet.moveTo()&lt;/a> method used to move a worksheet to another location in the same spreadsheet.&lt;/p>
&lt;p>The following example shows how to move a worksheet to another location within the workbook.&lt;/p></description></item><item><title>Pythonjava: Cut and Paste Cells</title><link>https://docs2.aspose.com/cells/pythonjava/developerguide/worksheets/cut+and+paste+cells/</link><pubDate>Mon, 01 Jan 0001 00:00:00 +0000</pubDate><guid>https://docs2.aspose.com/cells/pythonjava/developerguide/worksheets/cut+and+paste+cells/</guid><description>
&lt;p>Aspose.Cells for Python via Java : Cut and Paste Cells&lt;/p>
&lt;h1 id="asposecells-for-python-via-java--cut-and-paste-cells">Aspose.Cells for Python via Java : Cut and Paste Cells&lt;/h1>
&lt;p>
&lt;div class="card my-3 border-top-0 border-right-0 border-bottom-0 border-left border-primary rounded" style="border-width:4px !important;">
&lt;div class="wrap border border-left-0 rounded">
&lt;div class="card-header border-0 bg-white pl-3 text-primary">
&lt;h3>Contents Summary&lt;/h3>
&lt;/div>
&lt;div class="card-body pt-1">
&lt;ul>
&lt;li>1 &lt;a href="#cut-and-paste-cells">Cut and Paste Cells&lt;/a>&lt;/li>
&lt;/ul>
&lt;/div>
&lt;/div>
&lt;/div>
 &lt;/p>
&lt;p> &lt;/p>
&lt;h2 id="cut-and-paste-cells">Cut and Paste Cells&lt;/h2>
&lt;p>Aspose.Cells for Python via Java provides the ability to cut and paste cells. For this, the API provides the &lt;a href="https://docs.aspose.com/apireference.aspose.com/cells/python/asposecells.api/cells#insertCutCells(com.aspose.cells.Range,%20int,%20int,%20int)">insertCutCells&lt;/a> method of the &lt;a href="https://apireference.aspose.com/cells/python/asposecells.api/Cells">Cells&lt;/a> collection. The &lt;a href="https://docs.aspose.com/apireference.aspose.com/cells/python/asposecells.api/cells#insertCutCells(com.aspose.cells.Range,%20int,%20int,%20int)">insertCutCells&lt;/a> method accepts the following parameters.&lt;/p>
&lt;ul>
&lt;li>&lt;a href="https://docs.aspose.com/apireference.aspose.com/cells/python/asposecells.api/Range">Range&lt;/a>: The range of cells to be cut.&lt;/li>
&lt;li>Row Index: The index of the row to insert cells.&lt;/li>
&lt;li>Column Index: The index of the column to insert cells.&lt;/li>
&lt;li>&lt;a href="https://apireference.aspose.com/error/404?path=cells/python/com.aspose.cells/ShiftType">ShiftType&lt;/a>: The shift direction of the columns.&lt;/li>
&lt;/ul>
&lt;p>The following code snippet demonstrates how to cut and paste cells within a worksheet.&lt;/p></description></item><item><title>Pythonjava: Count the number of cells in the Worksheet</title><link>https://docs2.aspose.com/cells/pythonjava/developerguide/worksheets/count+the+number+of+cells+in+the+worksheet/</link><pubDate>Mon, 01 Jan 0001 00:00:00 +0000</pubDate><guid>https://docs2.aspose.com/cells/pythonjava/developerguide/worksheets/count+the+number+of+cells+in+the+worksheet/</guid><description>
&lt;p>Aspose.Cells for Python via Java : Count the number of cells in the Worksheet&lt;/p>
&lt;h1 id="asposecells-for-python-via-java--count-the-number-of-cells-in-the-worksheet">Aspose.Cells for Python via Java : Count the number of cells in the Worksheet&lt;/h1>
&lt;p>
&lt;div class="card my-3 border-top-0 border-right-0 border-bottom-0 border-left border-primary rounded" style="border-width:4px !important;">
&lt;div class="wrap border border-left-0 rounded">
&lt;div class="card-header border-0 bg-white pl-3 text-primary">
&lt;h3>Contents Summary&lt;/h3>
&lt;/div>
&lt;div class="card-body pt-1">
&lt;ul>
&lt;li>1 &lt;a href="#count-the-number-of-cells-in-the-worksheet">Count the number of cells in the Worksheet&lt;/a>&lt;/li>
&lt;/ul>
&lt;/div>
&lt;/div>
&lt;/div>
 &lt;/p>
&lt;p> &lt;/p>
&lt;h2 id="count-the-number-of-cells-in-the-worksheet">Count the number of cells in the Worksheet&lt;/h2>
&lt;p>Aspose.Cells for Python via Java provides the ability to count the number of cells in the worksheet. For this, the API provides the &lt;a href="https://apireference.aspose.com/cells/python/asposecells.api/cells#Count">Cells.getCount&lt;/a>() or &lt;a href="https://apireference.aspose.com/cells/python/asposecells.api/cells#CountLarge">Cells.getCountLarge&lt;/a>() properties.&lt;/p>
&lt;p>The following code snippet shows how to use the &lt;a href="https://apireference.aspose.com/cells/python/asposecells.api/cells#Count">Cells.getCount&lt;/a>() or &lt;a href="https://apireference.aspose.com/cells/python/asposecells.api/cells#CountLarge">Cells.getCountLarge&lt;/a>() properties to get the number of cells in a worksheet.&lt;/p></description></item><item><title>Pythonjava: Get Hyperlinks in Range</title><link>https://docs2.aspose.com/cells/pythonjava/developerguide/worksheets/get+hyperlinks+in+range/</link><pubDate>Mon, 01 Jan 0001 00:00:00 +0000</pubDate><guid>https://docs2.aspose.com/cells/pythonjava/developerguide/worksheets/get+hyperlinks+in+range/</guid><description>
&lt;p>Aspose.Cells for Python via Java : Get Hyperlinks in Range&lt;/p>
&lt;h1 id="asposecells-for-python-via-java--get-hyperlinks-in-range">Aspose.Cells for Python via Java : Get Hyperlinks in Range&lt;/h1>
&lt;p>
&lt;div class="card my-3 border-top-0 border-right-0 border-bottom-0 border-left border-primary rounded" style="border-width:4px !important;">
&lt;div class="wrap border border-left-0 rounded">
&lt;div class="card-header border-0 bg-white pl-3 text-primary">
&lt;h3>Contents Summary&lt;/h3>
&lt;/div>
&lt;div class="card-body pt-1">
&lt;ul>
&lt;li>1 &lt;a href="#get-hyperlinks-in-range">Get Hyperlinks in Range&lt;/a>&lt;/li>
&lt;/ul>
&lt;/div>
&lt;/div>
&lt;/div>
 &lt;/p>
&lt;p> &lt;/p>
&lt;h2 id="get-hyperlinks-in-range">Get Hyperlinks in Range&lt;/h2>
&lt;p>To get hyperlinks in range, use the &lt;a href="https://docs.aspose.com/apireference.aspose.com/cells/python/asposecells.api/range#Hyperlinks">getHyperlinks()&lt;/a> property of the &lt;a href="https://docs.aspose.com/apireference.aspose.com/cells/python/asposecells.api/Range">Range&lt;/a> class. The &lt;a href="https://docs.aspose.com/apireference.aspose.com/cells/python/asposecells.api/range#Hyperlinks">getHyperlinks()&lt;/a> property gets all the hyperlinks in the selected range.&lt;/p>
&lt;p>The following code snippet shows how to get all hyperlinks in the selected range.&lt;/p></description></item><item><title>Pythonjava: Get Range with External Links</title><link>https://docs2.aspose.com/cells/pythonjava/developerguide/worksheets/get+range+with+external+links/</link><pubDate>Mon, 01 Jan 0001 00:00:00 +0000</pubDate><guid>https://docs2.aspose.com/cells/pythonjava/developerguide/worksheets/get+range+with+external+links/</guid><description>
&lt;p>Aspose.Cells for Python via Java : Get Range with External Links&lt;/p>
&lt;h1 id="asposecells-for-python-via-java--get-range-with-external-links">Aspose.Cells for Python via Java : Get Range with External Links&lt;/h1>
&lt;p>
&lt;div class="card my-3 border-top-0 border-right-0 border-bottom-0 border-left border-primary rounded" style="border-width:4px !important;">
&lt;div class="wrap border border-left-0 rounded">
&lt;div class="card-header border-0 bg-white pl-3 text-primary">
&lt;h3>Contents Summary&lt;/h3>
&lt;/div>
&lt;div class="card-body pt-1">
&lt;ul>
&lt;li>1 &lt;a href="#get-range-with-external-links">Get Range with External Links&lt;/a>&lt;/li>
&lt;/ul>
&lt;/div>
&lt;/div>
&lt;/div>
 &lt;/p>
&lt;p> &lt;/p>
&lt;h2 id="get-range-with-external-links">Get Range with External Links&lt;/h2>
&lt;p>There are many instances where excel files access data from other excel files by the use of external links. Aspose.Cells for Python via Java provides the option to retrieve these external links by using the &lt;a href="https://apireference.aspose.com/cells/python/asposecells.api/name#getReferredAreas(boolean)">Name.GetReferredAreas&lt;/a> method. The &lt;a href="https://apireference.aspose.com/cells/python/asposecells.api/name#getReferredAreas(boolean)">Name.GetReferredAreas&lt;/a> method returns an array of type &lt;a href="https://apireference.aspose.com/cells/python/asposecells.api/ReferredArea">ReferredArea&lt;/a>. The &lt;a href="https://apireference.aspose.com/cells/python/asposecells.api/ReferredArea">ReferredArea&lt;/a>class provides an &lt;a href="https://apireference.aspose.com/cells/python/asposecells.api/referredarea#ExternalFileName">ExternalFileName&lt;/a> property that returns the name of the external file.&lt;/p>
&lt;p>The following code snippet shows how to get external links.&lt;/p></description></item><item><title>Pythonjava: Find if the Worksheet is Dialog Sheet</title><link>https://docs2.aspose.com/cells/pythonjava/developerguide/worksheets/find+if+the+worksheet+is+dialog+sheet/</link><pubDate>Mon, 01 Jan 0001 00:00:00 +0000</pubDate><guid>https://docs2.aspose.com/cells/pythonjava/developerguide/worksheets/find+if+the+worksheet+is+dialog+sheet/</guid><description>
&lt;p>Aspose.Cells for Python via Java : Find if the Worksheet is Dialog Sheet&lt;/p>
&lt;h1 id="asposecells-for-python-via-java--find-if-the-worksheet-is-dialog-sheet">Aspose.Cells for Python via Java : Find if the Worksheet is Dialog Sheet&lt;/h1>
&lt;p>
&lt;div class="card my-3 border-top-0 border-right-0 border-bottom-0 border-left border-primary rounded" style="border-width:4px !important;">
&lt;div class="wrap border border-left-0 rounded">
&lt;div class="card-header border-0 bg-white pl-3 text-primary">
&lt;h3>Contents Summary&lt;/h3>
&lt;/div>
&lt;div class="card-body pt-1">
&lt;ul>
&lt;li>1 &lt;a href="#possible-usage-scenarios">Possible Usage Scenarios&lt;/a>&lt;/li>
&lt;li>2 &lt;a href="#find-if-the-worksheet-is-dialog-sheet">Find if the Worksheet is Dialog Sheet&lt;/a>&lt;/li>
&lt;li>3 &lt;a href="#console-output">Console Output&lt;/a>&lt;/li>
&lt;/ul>
&lt;/div>
&lt;/div>
&lt;/div>
 &lt;/p>
&lt;p> &lt;/p>
&lt;h2 id="possible-usage-scenarios">Possible Usage Scenarios&lt;/h2>
&lt;p>Dialog Sheet is an old format of the sheet that contains a dialog box. Such a sheet could be inserted by an older version of Microsoft Excel e.g. 2003 as shown in this screenshot. It can also be inserted with VBA in newer versions e.g. Microsoft Excel 2016.&lt;/p>
&lt;p>&lt;img src="https://docs.aspose.com/download/attachments/64454897/Dialog%20Sheet.png?version=1&amp;amp;modificationDate=1522155535466&amp;amp;api=v2" alt="">&lt;/p>
&lt;h2 id="find-if-the-worksheet-is-dialog-sheet">Find if the Worksheet is Dialog Sheet&lt;/h2>
&lt;p>Aspose.Cells for Python via Java provides you with the ability to check if the worksheet is a dialog sheet. For this, it provides the &lt;a href="https://apireference.aspose.com/cells/python/asposecells.api/worksheet#Type">Worksheet.Type&lt;/a> property. If &lt;a href="https://apireference.aspose.com/cells/python/asposecells.api/worksheet#Type">Worksheet.Type&lt;/a> returns enumeration value &lt;a href="https://apireference.aspose.com/cells/python/asposecells.api/sheettype#DIALOG">SheetType.DIALOG&lt;/a>, then it means, you are dealing with a dialog sheet.&lt;/p>
&lt;p>The following code snippet shows how to check for a dialog sheet. The console output generated by the code is given below for reference.&lt;/p>
&lt;h2 id="console-output">Console Output&lt;/h2>
&lt;p>Worksheet is a Dialog Sheet.&lt;/p></description></item></channel></rss>