<rss version="2.0" xmlns:atom="http://www.w3.org/2005/Atom"><channel><title>Documentation – Release Notes - 2017</title><link>https://docs2.aspose.com/cells/reportingservices/releasenotes/2017/</link><description>Recent content in Release Notes - 2017 on Documentation</description><generator>Hugo -- gohugo.io</generator><atom:link href="https://docs2.aspose.com/cells/reportingservices/releasenotes/2017/index.xml" rel="self" type="application/rss+xml"/><item><title>Reportingservices: Aspose.Cells for Reporting Services 17.8 Release Notes</title><link>https://docs2.aspose.com/cells/reportingservices/releasenotes/2017/aspose.cells+for+reporting+services+17.8+release+notes/</link><pubDate>Mon, 01 Jan 0001 00:00:00 +0000</pubDate><guid>https://docs2.aspose.com/cells/reportingservices/releasenotes/2017/aspose.cells+for+reporting+services+17.8+release+notes/</guid><description>
&lt;p>Aspose.Cells for Reporting Services : Aspose.Cells for Reporting Services 17.8 Release Notes&lt;/p>
&lt;h1 id="asposecells-for-reporting-services--asposecells-for-reporting-services-178-release-notes">Aspose.Cells for Reporting Services : Aspose.Cells for Reporting Services 17.8 Release Notes&lt;/h1>
&lt;p>This page contains release notes for Aspose.Cells for Reporting Services 17.8.&lt;/p>
&lt;div class="table table-striped" role="alert">
&lt;table>
&lt;thead>
&lt;tr>
&lt;th align="left">Key&lt;/th>
&lt;th align="left">Summary&lt;/th>
&lt;th align="left">Category&lt;/th>
&lt;/tr>
&lt;/thead>
&lt;tbody>
&lt;tr>
&lt;td align="left">CELLSRS-503&lt;/td>
&lt;td align="left">Lost RowNumber when saving report definition file with Aspose.Cells for Reporting Services Client&lt;/td>
&lt;td align="left">Bug&lt;/td>
&lt;/tr>
&lt;tr>
&lt;td align="left">CELLSRS-504&lt;/td>
&lt;td align="left">Export Format options missing in Aspose.Cells for RS Excel add-in&lt;/td>
&lt;td align="left">Bug&lt;/td>
&lt;/tr>
&lt;tr>
&lt;td align="left">CELLSRS-505&lt;/td>
&lt;td align="left">SQL ParserForm does not parse SQL Query&lt;/td>
&lt;td align="left">Bug&lt;/td>
&lt;/tr>
&lt;tr>
&lt;td align="left">CELLSRS-512&lt;/td>
&lt;td align="left">CSVRenderer - Date style is not enforced on rendering or export&lt;/td>
&lt;td align="left">Bug&lt;/td>
&lt;/tr>
&lt;/tbody>
&lt;/table>
&lt;/div></description></item><item><title>Reportingservices: Aspose.Cells for Reporting Services 17.4.0 Release Notes</title><link>https://docs2.aspose.com/cells/reportingservices/releasenotes/2017/aspose.cells+for+reporting+services+17.4.0+release+notes/</link><pubDate>Mon, 01 Jan 0001 00:00:00 +0000</pubDate><guid>https://docs2.aspose.com/cells/reportingservices/releasenotes/2017/aspose.cells+for+reporting+services+17.4.0+release+notes/</guid><description>
&lt;p>Aspose.Cells for Reporting Services : Aspose.Cells for Reporting Services 17.4.0 Release Notes&lt;/p>
&lt;h1 id="asposecells-for-reporting-services--asposecells-for-reporting-services-1740-release-notes">Aspose.Cells for Reporting Services : Aspose.Cells for Reporting Services 17.4.0 Release Notes&lt;/h1>
&lt;p>This page contains release notes for &lt;a href="https://downloads.aspose.com/cells/reportingservices/new-releases/-aspose.cells-for-reporting-services-17.4.0/">Aspose.Cells for Reporting Services 17.4.0&lt;/a>.&lt;/p>
&lt;div class="table table-striped" role="alert">
&lt;table>
&lt;thead>
&lt;tr>
&lt;th align="left">Key&lt;/th>
&lt;th align="left">Summary&lt;/th>
&lt;th align="left">Category&lt;/th>
&lt;/tr>
&lt;/thead>
&lt;tbody>
&lt;tr>
&lt;td align="left">CELLSRS-497&lt;/td>
&lt;td align="left">Support MS Excel 2016 charts to work with Aspose.Cells for Reporting Services Report Designer&lt;/td>
&lt;td align="left">New Feature&lt;/td>
&lt;/tr>
&lt;tr>
&lt;td align="left">CELLSRS-498&lt;/td>
&lt;td align="left">Support to integrate into the reporting services of business intelligence in Visual Studio 2013&lt;/td>
&lt;td align="left">New Feature&lt;/td>
&lt;/tr>
&lt;tr>
&lt;td align="left">CELLSRS-412&lt;/td>
&lt;td align="left">An enhancement is made to import/render report define file into MS Excel&lt;/td>
&lt;td align="left">Enhancement&lt;/td>
&lt;/tr>
&lt;tr>
&lt;td align="left">CELLSRS-400&lt;/td>
&lt;td align="left">Import GaugePanel fails when importing report definition file into MS Excel&lt;/td>
&lt;td align="left">Bug&lt;/td>
&lt;/tr>
&lt;tr>
&lt;td align="left">CELLSRS-501&lt;/td>
&lt;td align="left">Lost variables when open to save&lt;/td>
&lt;td align="left">Bug&lt;/td>
&lt;/tr>
&lt;/tbody>
&lt;/table>
&lt;/div></description></item></channel></rss>