<rss version="2.0" xmlns:atom="http://www.w3.org/2005/Atom"><channel><title>Documentation – Editing Query</title><link>https://docs2.aspose.com/cells/reportingservices/userguide/datasourcesandqueries/editing+query/</link><description>Recent content in Editing Query on Documentation</description><generator>Hugo -- gohugo.io</generator><atom:link href="https://docs2.aspose.com/cells/reportingservices/userguide/datasourcesandqueries/editing+query/index.xml" rel="self" type="application/rss+xml"/></channel></rss>