<rss version="2.0" xmlns:atom="http://www.w3.org/2005/Atom"><channel><title>Documentation – Release Notes - 2018</title><link>https://docs2.aspose.com/cells/jasperreports/releasenotes/2018/</link><description>Recent content in Release Notes - 2018 on Documentation</description><generator>Hugo -- gohugo.io</generator><atom:link href="https://docs2.aspose.com/cells/jasperreports/releasenotes/2018/index.xml" rel="self" type="application/rss+xml"/><item><title>Jasperreports: Aspose.Cells for JasperReports 18.11 Release Notes</title><link>https://docs2.aspose.com/cells/jasperreports/releasenotes/2018/aspose.cells+for+jasperreports+18.11+release+notes/</link><pubDate>Mon, 01 Jan 0001 00:00:00 +0000</pubDate><guid>https://docs2.aspose.com/cells/jasperreports/releasenotes/2018/aspose.cells+for+jasperreports+18.11+release+notes/</guid><description>
&lt;p>Aspose.Cells for JasperReports : Aspose.Cells for JasperReports 18.11 Release Notes&lt;/p>
&lt;h1 id="asposecells-for-jasperreports--asposecells-for-jasperreports-1811-release-notes">Aspose.Cells for JasperReports : Aspose.Cells for JasperReports 18.11 Release Notes&lt;/h1>
&lt;p>This page contains release notes for Aspose.Cells for JasperReports 18.11.&lt;/p>
&lt;div class="table table-striped" role="alert">
&lt;table>
&lt;thead>
&lt;tr>
&lt;th align="left">Key&lt;/th>
&lt;th align="left">Summary&lt;/th>
&lt;th align="left">Category&lt;/th>
&lt;/tr>
&lt;/thead>
&lt;tbody>
&lt;tr>
&lt;td align="left">CELLSJAVA-42742&lt;/td>
&lt;td align="left">Conflict between two jars (Aspose.Cells for Java and Aspose.Cells for JasperReports)&lt;/td>
&lt;td align="left">Improvement&lt;/td>
&lt;/tr>
&lt;/tbody>
&lt;/table>
&lt;/div>
&lt;h3 id="public-api-and-backwards-incompatible-changes">Public API and Backwards Incompatible Changes&lt;/h3>
&lt;p>The following is a list of any changes made to the public API such as added, renamed, removed or deprecated members as well as any non-backward compatible change made to Aspose.Cells for JasperReports. If you have concerns about any change listed, please raise it on the Aspose.Cells support forum.&lt;/p></description></item></channel></rss>