<rss version="2.0" xmlns:atom="http://www.w3.org/2005/Atom"><channel><title>Documentation – Add Watermark to multiple documents</title><link>https://docs2.aspose.com/cells/sharepoint/usersguide/add+watermark+to+multiple+documents/</link><description>Recent content in Add Watermark to multiple documents on Documentation</description><generator>Hugo -- gohugo.io</generator><atom:link href="https://docs2.aspose.com/cells/sharepoint/usersguide/add+watermark+to+multiple+documents/index.xml" rel="self" type="application/rss+xml"/></channel></rss>