<rss version="2.0" xmlns:atom="http://www.w3.org/2005/Atom"><channel><title>Documentation – Integrate with Microsoft Report Viewer in Local Mode</title><link>https://docs2.aspose.com/cells/reportingservices/newfeatures/integrate+with+microsoft+report+viewer+in+local+mode/</link><description>Recent content in Integrate with Microsoft Report Viewer in Local Mode on Documentation</description><generator>Hugo -- gohugo.io</generator><atom:link href="https://docs2.aspose.com/cells/reportingservices/newfeatures/integrate+with+microsoft+report+viewer+in+local+mode/index.xml" rel="self" type="application/rss+xml"/></channel></rss>