<rss version="2.0" xmlns:atom="http://www.w3.org/2005/Atom"><channel><title>Documentation – Configuration Parameters</title><link>https://docs2.aspose.com/cells/jasperreports/reference/configuration+parameters/</link><description>Recent content in Configuration Parameters on Documentation</description><generator>Hugo -- gohugo.io</generator><atom:link href="https://docs2.aspose.com/cells/jasperreports/reference/configuration+parameters/index.xml" rel="self" type="application/rss+xml"/></channel></rss>