<rss version="2.0" xmlns:atom="http://www.w3.org/2005/Atom"><channel><title>Documentation – Release Notes - 2014</title><link>https://docs2.aspose.com/cells/reportingservices/releasenotes/2014/</link><description>Recent content in Release Notes - 2014 on Documentation</description><generator>Hugo -- gohugo.io</generator><atom:link href="https://docs2.aspose.com/cells/reportingservices/releasenotes/2014/index.xml" rel="self" type="application/rss+xml"/><item><title>Reportingservices: Aspose.Cells for Reporting Services V2.0.0 Release Notes</title><link>https://docs2.aspose.com/cells/reportingservices/releasenotes/2014/aspose.cells+for+reporting+services+v2.0.0+release+notes/</link><pubDate>Mon, 01 Jan 0001 00:00:00 +0000</pubDate><guid>https://docs2.aspose.com/cells/reportingservices/releasenotes/2014/aspose.cells+for+reporting+services+v2.0.0+release+notes/</guid><description>
&lt;p>Aspose.Cells for Reporting Services : Aspose.Cells for Reporting Services V2.0.0 Release Notes&lt;/p>
&lt;h1 id="asposecells-for-reporting-services--asposecells-for-reporting-services-v200-release-notes">Aspose.Cells for Reporting Services : Aspose.Cells for Reporting Services V2.0.0 Release Notes&lt;/h1>
&lt;p>This page contains release notes for &lt;a href="http://www.aspose.com/downloads/cells/reportingservices/new-releases/aspose.cells-for-reporting-services-v2.0.0/">Aspose.Cells for Reporting Services V2.0.0&lt;/a>&lt;/p>
&lt;p>Please welcome a new release of Aspose.Cells for Reporting Services V2.0.0.&lt;/p>
&lt;h2 id="major-features">Major Features&lt;/h2>
&lt;p>Aspose.Cells for Reporting Services Report Designer optimization.&lt;/p>
&lt;h2 id="other-improvements-and-changes">Other Improvements and Changes&lt;/h2>
&lt;p> New Features&lt;/p>
&lt;ul>
&lt;li> (SSRS-40147) Dynamic Formula to sum table column&lt;/li>
&lt;li> (SSRS-40144) Configuring Report Servers to store/cache the report server data&lt;/li>
&lt;li> (SSRS-40142) Support Shared DataSets&lt;/li>
&lt;li> (SSRS-40113) Negative Values in perantheses&lt;/li>
&lt;li> (SSRS-40103) Aspose.Cells for Reporting Services Report Designer import report define file for SQL Server 2008&lt;/li>
&lt;/ul>
&lt;p>Bugs&lt;/p>
&lt;ul>
&lt;li> (SSRS-40150) Document map does not export to Excel 2007 correctly &lt;/li>
&lt;li> (SSRS-40149) Report is losing the grouping rows and columns&lt;/li>
&lt;li> (SSRS-40148) Root element is missing error when the report has group rows&lt;/li>
&lt;li> (SSRS-40141) Illegal CLS character in tablix name&lt;/li>
&lt;li> (SSRS-40140) Incorrect rendering when outputting to Excel 2007&lt;/li>
&lt;li> (SSRS-40138) Error &amp;ldquo;The same worksheet name already exists&amp;rdquo; while rendering report&lt;/li>
&lt;li> (SSRS-40137) Few column of ssrs report are merging in three cells in xlsx.&lt;/li>
&lt;li> (SSRS-40134) Several formatting strings are not interpreting correctly when opened on an iPhone&lt;/li>
&lt;li> (SSRS-40133) Aspose Excel Hyperlink Issue&lt;/li>
&lt;li> (SSRS-40132) Report failing when rendering Groups into a page with or without expressions&lt;/li>
&lt;li> (SSRS-40131) Columns width is not wrapped on cases for the Aspose Data Only renderer&lt;/li>
&lt;li> (SSRS-40130) Currency Formatting Issues&lt;/li>
&lt;li> (SSRS-40129) Conditional Page Breaking not working in Aspose Renderers&lt;/li>
&lt;li> (SSRS-40128) SSRS Export to XLSX shrinking Column Headers&lt;/li>
&lt;li> (SSRS-40127) Aspose Data Only Report Output - Page2 is not controlled through the Config for Report Header&lt;/li>
&lt;li> (SSRS-40126) First Report Column Output is merged into Two Excel Columns&lt;/li>
&lt;li> (SSRS-40125) Currency Formatting Issues with Excel and Data Only Excel&lt;/li>
&lt;li> (SSRS-40124) Cells Reporting Services 2008R2 adding Group total row incorrectly&lt;/li>
&lt;li> (SSRS-40123) Extra Row Merged in report&lt;/li>
&lt;li> (SSRS-40122) Incorrect date time format when exporting to Excel 2007&lt;/li>
&lt;li> (SSRS-40120) Incorrect Time Format When Exporting to Excel 2007&lt;/li>
&lt;li> (SSRS-40119) Aspose Data Only Renderer - Page Break issue&lt;/li>
&lt;li> (SSRS-40118) Incorrectly Named Worksheets when exporting to Excel 2007&lt;/li>
&lt;li> (SSRS-40117) Report rendering incorrectly when exported to Excel&lt;/li>
&lt;li> (SSRS-40116) PutoutFooter&lt;/li>
&lt;li> (SSRS-40115) Additional Rows when exporting to Excel 2007&lt;/li>
&lt;li> (SSRS-40114) Horizontal Report Format&lt;/li>
&lt;li> (SSRS-40112) Inserting Extra Sheets on Exported Workbook&lt;/li>
&lt;li> (SSRS-40111) Error Exporting Report&lt;/li>
&lt;li> (SSRS-40109) Excel 2007 XLSX rendering issues&lt;/li>
&lt;li> (SSRS-40108) Excel Found Unreadable Content&lt;/li>
&lt;li> (SSRS-40107) Table is not generated as Tablix in the RDL&lt;/li>
&lt;li> (SSRS-40106) Error: Object reference not set to an instance of an object&lt;/li>
&lt;li> (SSRS-40105) An error occurred while exporting the report in XLSX Reporting Services&lt;/li>
&lt;li> (SSRS-40102) SSRS Grouping problem when exporting to xlsx&lt;/li>
&lt;li> (SSRS-40101) Aspose Excel 2007 Export Error with workbook&lt;/li>
&lt;li> (SSRS-40100) Runtime error&lt;/li>
&lt;li> (SSRS-40098) Conditional Formatting NOT working&lt;/li>
&lt;li> (SSRS-40097) CSVRenderer - FieldDelimiter&lt;/li>
&lt;li> (SSRS-40095) Error on Aspose.Cells SSRS&lt;/li>
&lt;li> (SSRS-40094) Dyn hide with paramters&lt;/li>
&lt;li> (SSRS-40093) Problem with trial software - Only getting back one row&lt;/li>
&lt;li> (SSRS-40092) Format issues with Aspose.Cells for Reporting Services&lt;/li>
&lt;li> (SSRS-40091) Saving Report File Failed - Excel rendering using image&lt;/li>
&lt;li> (SSRS-40089) visibility issue with tablix in SSRS&lt;/li>
&lt;li> (SSRS-40087) No Excel &amp;ldquo;Document Map&amp;rdquo; available in Aspose Cells for SSRS 2005?&lt;/li>
&lt;/ul></description></item></channel></rss>