<rss version="2.0" xmlns:atom="http://www.w3.org/2005/Atom"><channel><title>Documentation – Data Sources and Queries</title><link>https://docs2.aspose.com/cells/reportingservices/userguide/datasourcesandqueries/</link><description>Recent content in Data Sources and Queries on Documentation</description><generator>Hugo -- gohugo.io</generator><atom:link href="https://docs2.aspose.com/cells/reportingservices/userguide/datasourcesandqueries/index.xml" rel="self" type="application/rss+xml"/><item><title>Reportingservices: Using Data Sources and Queries Created in Visual Studio</title><link>https://docs2.aspose.com/cells/reportingservices/userguide/datasourcesandqueries/using+data+sources+and+queries+created+in+visual+studio/</link><pubDate>Mon, 01 Jan 0001 00:00:00 +0000</pubDate><guid>https://docs2.aspose.com/cells/reportingservices/userguide/datasourcesandqueries/using+data+sources+and+queries+created+in+visual+studio/</guid><description>
&lt;p>Aspose.Cells for Reporting Services : Using Data Sources and Queries Created in Visual Studio&lt;/p>
&lt;h1 id="asposecells-for-reporting-services--using-data-sources-and-queries-created-in-visual-studio">Aspose.Cells for Reporting Services : Using Data Sources and Queries Created in Visual Studio&lt;/h1>
&lt;p>You can create data sources and queries in Visual Studio and save them to an RDL file. When the RDL file is opened in Aspose.Cells.Report.Designer, its data sources and queries are available for use. For example, we can create a query named EmpSalesDetail in Visual Studio and save it as an RDL File.&lt;/p>
&lt;p>&lt;strong>The EmpSalesDetail RDL file&lt;/strong>&lt;br>
&lt;img src="https://docs2.aspose.com/cells/reportingservices/attachments/6094948/6193434.png" alt="">&lt;/p>
&lt;p>This article shows how to work with an RDL file in Aspose.Cells.Report.Designer.&lt;/p>
&lt;p>You can open RDL files with Aspose.Cells.Report.Designer and work with them:&lt;/p>
&lt;ol>
&lt;li>
&lt;p>Open Microsoft Excel.&lt;/p>
&lt;/li>
&lt;li>
&lt;p>From the Aspose.Cells.Report.Designer toolbar, select &lt;strong>Open Report&lt;/strong>.&lt;/p>
&lt;p>&lt;strong>The Open Report button&lt;/strong>&lt;br>
&lt;img src="https://docs2.aspose.com/cells/reportingservices/attachments/6094948/6193441.png" alt="">&lt;/p>
&lt;/li>
&lt;li>
&lt;p>Select the RDL file and open it.&lt;br>
Once the RDL file is opened in Aspose.Cells.Report.Designer, the queries appear in the &lt;strong>Dataset&lt;/strong> list.&lt;/p>
&lt;p>&lt;strong>Available data sets&lt;/strong>&lt;br>
&lt;img src="https://docs2.aspose.com/cells/reportingservices/attachments/6094948/6193440.png" alt="">&lt;/p>
&lt;/li>
&lt;/ol>
&lt;h2 id="attachments">Attachments:&lt;/h2>
&lt;p>&lt;img src="https://docs2.aspose.com/cells/reportingservices/images/icons/bullet_blue.gif" alt=""> &lt;a href="https://docs2.aspose.com/cells/reportingservices/attachments/6094948/6193434.png">Using Data Sources and Queries Created in Visual Studio-001.png&lt;/a> (image/png)&lt;br>
&lt;img src="https://docs2.aspose.com/cells/reportingservices/images/icons/bullet_blue.gif" alt=""> &lt;a href="https://docs2.aspose.com/cells/reportingservices/attachments/6094948/6193441.png">Using Data Sources and Queries Created in Visual Studio-002.png&lt;/a> (image/png)&lt;br>
&lt;img src="https://docs2.aspose.com/cells/reportingservices/images/icons/bullet_blue.gif" alt=""> &lt;a href="https://docs2.aspose.com/cells/reportingservices/attachments/6094948/6193440.png">Using Data Sources and Queries Created in Visual Studio-003.png&lt;/a> (image/png)&lt;/p></description></item><item><title>Reportingservices: Creating New Data sources and Queries</title><link>https://docs2.aspose.com/cells/reportingservices/userguide/datasourcesandqueries/creating+new+data+sources+and+queries/</link><pubDate>Mon, 01 Jan 0001 00:00:00 +0000</pubDate><guid>https://docs2.aspose.com/cells/reportingservices/userguide/datasourcesandqueries/creating+new+data+sources+and+queries/</guid><description>
&lt;p>Aspose.Cells for Reporting Services : Creating New Data sources and Queries&lt;/p>
&lt;h1 id="asposecells-for-reporting-services--creating-new-data-sources-and-queries">Aspose.Cells for Reporting Services : Creating New Data sources and Queries&lt;/h1>
&lt;p>Aspose.Cells.Report.Designer integrates with MS Query and uses MS Query as a tool for creating data sources and queries. To create a new data source and query in Aspose.Cells.Report.Designer, follow the steps below:.&lt;/p>
&lt;p>To create a new data source and query in Aspose.Cells.Report.Designer:&lt;/p>
&lt;ol>
&lt;li>
&lt;p>Open Microsoft Excel.&lt;/p>
&lt;/li>
&lt;li>
&lt;p>Click &lt;strong>Build DataSet&lt;/strong> in the Aspose.Cells.Report.Designer toolbar: &lt;img src="https://docs2.aspose.com/cells/reportingservices/attachments/6094945/6193495.png" alt="">&lt;br>
All the data sources and queries are listed in the dialog box.&lt;/p>
&lt;ul>
&lt;li>A data source node: &lt;img src="https://docs2.aspose.com/cells/reportingservices/attachments/6094945/6193496.png" alt="">&lt;/li>
&lt;li>A data set node: &lt;img src="https://docs2.aspose.com/cells/reportingservices/attachments/6094945/6193497.png" alt="">&lt;/li>
&lt;/ul>
&lt;/li>
&lt;li>
&lt;p>Select the tree&amp;rsquo;s root node.&lt;/p>
&lt;/li>
&lt;li>
&lt;p>Click &lt;strong>Add&lt;/strong>.&lt;/p>
&lt;p>&lt;strong>Adding data sources and data sets&lt;/strong>&lt;br>
&lt;img src="https://docs2.aspose.com/cells/reportingservices/attachments/6094945/6193490.png" alt="">&lt;/p>
&lt;/li>
&lt;li>
&lt;p>In the dialog box, call the data source &lt;strong>SqlServer&lt;/strong> and the data set &lt;strong>EmpsSalesDetail&lt;/strong>.&lt;/p>
&lt;/li>
&lt;li>
&lt;p>Click &lt;strong>Next&lt;/strong>.&lt;/p>
&lt;p>&lt;strong>Adding data sets and data sources&lt;/strong>&lt;br>
&lt;img src="https://docs2.aspose.com/cells/reportingservices/attachments/6094945/6193491.png" alt="">&lt;/p>
&lt;p>Aspose.Cells.Report.Designer starts Microsoft Query.&lt;/p>
&lt;/li>
&lt;li>
&lt;p>In the Choose Data Source dialog, select &lt;strong>New Data Source&lt;/strong>.&lt;/p>
&lt;/li>
&lt;li>
&lt;p>Click &lt;strong>OK&lt;/strong>.&lt;br>
You may also select a existing data source.&lt;/p>
&lt;p>&lt;strong>Choosing a data source&lt;/strong>&lt;br>
&lt;img src="https://docs2.aspose.com/cells/reportingservices/attachments/6094945/6193492.png" alt="">&lt;/p>
&lt;/li>
&lt;li>
&lt;p>Input a data source name and select SQL Server from the drop-down list of database drivers.&lt;/p>
&lt;/li>
&lt;li>
&lt;p>Click &lt;strong>Connect&lt;/strong>.&lt;/p>
&lt;/li>
&lt;/ol>
&lt;pre>&lt;code>**Creating a new data source**
![](https://docs2.aspose.com/cells/reportingservices/attachments/6094945/6193493.png)
&lt;/code>&lt;/pre>
&lt;ol start="11">
&lt;li>In the SQL Server Login dialog, select the appropriate value for each item.&lt;br>
For example, set server to local, select the AdventureWorks database and select &lt;strong>Use Trusted Connection&lt;/strong>.&lt;/li>
&lt;li>Click &lt;strong>OK&lt;/strong>.&lt;/li>
&lt;/ol>
&lt;pre>&lt;code>**Logging in to the SQL server**
![](https://docs2.aspose.com/cells/reportingservices/attachments/6094945/6193486.png)
&lt;/code>&lt;/pre>
&lt;ol start="13">
&lt;li>Click &lt;strong>OK&lt;/strong>.&lt;/li>
&lt;/ol>
&lt;pre>&lt;code>**Note that we are now logged in to the SQL server**
![](https://docs2.aspose.com/cells/reportingservices/attachments/6094945/6193487.png)
The new data source appears in the **Choose Data Source** dialog.
&lt;/code>&lt;/pre>
&lt;ol start="14">
&lt;li>Select the new data source.&lt;/li>
&lt;/ol>
&lt;pre>&lt;code>**The new data source**
![](https://docs2.aspose.com/cells/reportingservices/attachments/6094945/6193488.png)
&lt;/code>&lt;/pre>
&lt;ol start="15">
&lt;li>Click &lt;strong>OK&lt;/strong> to open Microsoft Query.&lt;/li>
&lt;li>To create a query in Microsoft Query, refer to the Microsoft Query Helper. In the following sample, we create a query with parameters.&lt;/li>
&lt;/ol>
&lt;pre>&lt;code>**Building a query**
![](https://docs2.aspose.com/cells/reportingservices/attachments/6094945/6193489.png)
The SQL is as follows:
**SQL**
SELECT C.FirstName + ' ' + C.LastName AS Employee,DATEPART(Month, SOH.OrderDate) AS OrderMonthNum,PS.Name AS SubCat,SUM(SOD.LineTotal) AS Sales,SOH.SalesOrderNumber,P.Name AS Product,SUM(SOD.OrderQty) AS OrderQty,SOD.UnitPrice,PC.Name AS ProdCatFROM Sales.SalesOrderHeader SOH ,Sales.SalesOrderDetail SOD ,Sales.SalesPerson SP,HumanResources.Employee E,Person.Contact C,Production.Product P,Production.ProductSubcategory PS ,Production.ProductCategory PCwhere SOH.SalesOrderID = SOD.SalesOrderIDand SOH.SalesPersonID = SP.SalesPersonIDand SP.SalesPersonID = E.EmployeeIDand E.ContactID = C.ContactIDand SOD.ProductID = P.ProductIDand P.ProductSubcategoryID = PS.ProductSubcategoryIDand PS.ProductCategoryID = PC.ProductCategoryIDand (DATEPART(Year, SOH.OrderDate) = ?)AND (DATEPART(Month, SOH.OrderDate) = ?)AND (SOH.SalesPersonID =?)GROUP BY C.FirstName + ' ' + C.LastName,DATEPART(Month, SOH.OrderDate), SOH.SalesOrderNumber,P.Name, PS.Name, SOD.UnitPrice, PC.Name
The query has three parameters: `ReportYear`, `ReportMonth` and `EmpID`.
&lt;/code>&lt;/pre>
&lt;ol start="17">
&lt;li>From Microsoft Query&amp;rsquo;s &lt;strong>File&lt;/strong> menu, select &lt;strong>Return To Aspose.Cells.Report.Designer&lt;/strong>.&lt;/li>
&lt;/ol>
&lt;pre>&lt;code>**Returning to the report designer**
![](https://docs2.aspose.com/cells/reportingservices/attachments/6094945/6193482.png)
The data source and query created above are listed in the dialog box.
&lt;/code>&lt;/pre>
&lt;ol start="18">
&lt;li>Click the data source &lt;strong>SqlServer&lt;/strong> to view its detailed information.&lt;/li>
&lt;/ol>
&lt;pre>&lt;code>**The new data source**
![](https://docs2.aspose.com/cells/reportingservices/attachments/6094945/6193483.png)
&lt;/code>&lt;/pre>
&lt;ol start="19">
&lt;li>Click the query EmpSalesDetails to view its detailed information.&lt;/li>
&lt;/ol>
&lt;pre>&lt;code>**Click SQL Tab to view the sql for the query**
![](https://docs2.aspose.com/cells/reportingservices/attachments/6094945/6193484.png)
**Click Columns Tab to view the columns of the query**
![](https://docs2.aspose.com/cells/reportingservices/attachments/6094945/6193485.png)
**Click Parameters Tab to view the parameters of the query**
![](https://docs2.aspose.com/cells/reportingservices/attachments/6094945/6193479.png)
&lt;/code>&lt;/pre>
&lt;h2 id="attachments">Attachments:&lt;/h2>
&lt;p>&lt;img src="https://docs2.aspose.com/cells/reportingservices/images/icons/bullet_blue.gif" alt=""> &lt;a href="https://docs2.aspose.com/cells/reportingservices/attachments/6094945/6193495.png">Creating New Data sources and Queries-001.png&lt;/a> (image/png)&lt;br>
&lt;img src="https://docs2.aspose.com/cells/reportingservices/images/icons/bullet_blue.gif" alt=""> &lt;a href="https://docs2.aspose.com/cells/reportingservices/attachments/6094945/6193496.png">Creating New Data sources and Queries-002.png&lt;/a> (image/png)&lt;br>
&lt;img src="https://docs2.aspose.com/cells/reportingservices/images/icons/bullet_blue.gif" alt=""> &lt;a href="https://docs2.aspose.com/cells/reportingservices/attachments/6094945/6193497.png">Creating New Data sources and Queries-003.png&lt;/a> (image/png)&lt;br>
&lt;img src="https://docs2.aspose.com/cells/reportingservices/images/icons/bullet_blue.gif" alt=""> &lt;a href="https://docs2.aspose.com/cells/reportingservices/attachments/6094945/6193490.png">Creating New Data sources and Queries-004.png&lt;/a> (image/png)&lt;br>
&lt;img src="https://docs2.aspose.com/cells/reportingservices/images/icons/bullet_blue.gif" alt=""> &lt;a href="https://docs2.aspose.com/cells/reportingservices/attachments/6094945/6193491.png">Creating New Data sources and Queries-005.png&lt;/a> (image/png)&lt;br>
&lt;img src="https://docs2.aspose.com/cells/reportingservices/images/icons/bullet_blue.gif" alt=""> &lt;a href="https://docs2.aspose.com/cells/reportingservices/attachments/6094945/6193492.png">Creating New Data sources and Queries-006.png&lt;/a> (image/png)&lt;br>
&lt;img src="https://docs2.aspose.com/cells/reportingservices/images/icons/bullet_blue.gif" alt=""> &lt;a href="https://docs2.aspose.com/cells/reportingservices/attachments/6094945/6193493.png">Creating New Data sources and Queries-007.png&lt;/a> (image/png)&lt;br>
&lt;img src="https://docs2.aspose.com/cells/reportingservices/images/icons/bullet_blue.gif" alt=""> &lt;a href="https://docs2.aspose.com/cells/reportingservices/attachments/6094945/6193486.png">Creating New Data sources and Queries-008.png&lt;/a> (image/png)&lt;br>
&lt;img src="https://docs2.aspose.com/cells/reportingservices/images/icons/bullet_blue.gif" alt=""> &lt;a href="https://docs2.aspose.com/cells/reportingservices/attachments/6094945/6193487.png">Creating New Data sources and Queries-009.png&lt;/a> (image/png)&lt;br>
&lt;img src="https://docs2.aspose.com/cells/reportingservices/images/icons/bullet_blue.gif" alt=""> &lt;a href="https://docs2.aspose.com/cells/reportingservices/attachments/6094945/6193488.png">Creating New Data sources and Queries-010.png&lt;/a> (image/png)&lt;br>
&lt;img src="https://docs2.aspose.com/cells/reportingservices/images/icons/bullet_blue.gif" alt=""> &lt;a href="https://docs2.aspose.com/cells/reportingservices/attachments/6094945/6193489.png">Creating New Data sources and Queries-011.png&lt;/a> (image/png)&lt;br>
&lt;img src="https://docs2.aspose.com/cells/reportingservices/images/icons/bullet_blue.gif" alt=""> &lt;a href="https://docs2.aspose.com/cells/reportingservices/attachments/6094945/6193482.png">Creating New Data sources and Queries-012.png&lt;/a> (image/png)&lt;br>
&lt;img src="https://docs2.aspose.com/cells/reportingservices/images/icons/bullet_blue.gif" alt=""> &lt;a href="https://docs2.aspose.com/cells/reportingservices/attachments/6094945/6193483.png">Creating New Data sources and Queries-013.png&lt;/a> (image/png)&lt;br>
&lt;img src="https://docs2.aspose.com/cells/reportingservices/images/icons/bullet_blue.gif" alt=""> &lt;a href="https://docs2.aspose.com/cells/reportingservices/attachments/6094945/6193484.png">Creating New Data sources and Queries-014.png&lt;/a> (image/png)&lt;br>
&lt;img src="https://docs2.aspose.com/cells/reportingservices/images/icons/bullet_blue.gif" alt=""> &lt;a href="https://docs2.aspose.com/cells/reportingservices/attachments/6094945/6193485.png">Creating New Data sources and Queries-015.png&lt;/a> (image/png)&lt;br>
&lt;img src="https://docs2.aspose.com/cells/reportingservices/images/icons/bullet_blue.gif" alt=""> &lt;a href="https://docs2.aspose.com/cells/reportingservices/attachments/6094945/6193479.png">Creating New Data sources and Queries-016.png&lt;/a> (image/png)&lt;/p></description></item><item><title>Reportingservices: Creating New Query Using Existing Data Source</title><link>https://docs2.aspose.com/cells/reportingservices/userguide/datasourcesandqueries/creating+new+query+using+existing+data+source/</link><pubDate>Mon, 01 Jan 0001 00:00:00 +0000</pubDate><guid>https://docs2.aspose.com/cells/reportingservices/userguide/datasourcesandqueries/creating+new+query+using+existing+data+source/</guid><description>
&lt;p>Aspose.Cells for Reporting Services : Creating New Query Using Existing Data Source&lt;/p>
&lt;h1 id="asposecells-for-reporting-services--creating-new-query-using-existing-data-source">Aspose.Cells for Reporting Services : Creating New Query Using Existing Data Source&lt;/h1>
&lt;p>To create a new query using an existing data source:&lt;/p>
&lt;ol>
&lt;li>
&lt;p>Open Microsoft Excel.&lt;/p>
&lt;/li>
&lt;li>
&lt;p>Click &lt;strong>Build DataSet&lt;/strong> in the Aspose.Cells.Report.Designer (&lt;img src="https://docs2.aspose.com/cells/reportingservices/attachments/6094946/6193529.png" alt="">).&lt;/p>
&lt;/li>
&lt;li>
&lt;p>In the dialog box, select one of the data sources listed in the left panel. For example, &lt;strong>SqlServer&lt;/strong>.&lt;/p>
&lt;/li>
&lt;li>
&lt;p>Click &lt;strong>Add&lt;/strong>.&lt;/p>
&lt;p>&lt;strong>Selecting a data source&lt;/strong>&lt;br>
&lt;img src="https://docs2.aspose.com/cells/reportingservices/attachments/6094946/6193526.png" alt="">&lt;/p>
&lt;/li>
&lt;li>
&lt;p>In the dialog box, type a new data set name, for example SalesEmps.&lt;/p>
&lt;/li>
&lt;li>
&lt;p>Click &lt;strong>Next&lt;/strong>.&lt;/p>
&lt;p>&lt;strong>Naming a new data set&lt;/strong>&lt;br>
&lt;img src="https://docs2.aspose.com/cells/reportingservices/attachments/6094946/6193527.png" alt="">&lt;/p>
&lt;p>Aspose.Cells.Report.Designer starts Microsoft Query and connects to the selected data source. A new query can now be created with Microsoft Query.&lt;/p>
&lt;p>&lt;strong>Building a new query&lt;/strong>&lt;br>
&lt;img src="https://docs2.aspose.com/cells/reportingservices/attachments/6094946/6193524.png" alt="">&lt;/p>
&lt;/li>
&lt;li>
&lt;p>From Microsoft Query&amp;rsquo;s &lt;strong>File&lt;/strong> menu, select &lt;strong>Return To Aspose.Cells.Report.Designer&lt;/strong>.&lt;/p>
&lt;p>&lt;strong>Return to the Report Designer&lt;/strong>&lt;br>
&lt;img src="https://docs2.aspose.com/cells/reportingservices/attachments/6094946/6193525.png" alt="">&lt;/p>
&lt;p>The data source SqlServer contains two datasets, one of which is the new dataset SalesEmps.&lt;/p>
&lt;p>&lt;strong>The new data set&lt;/strong>&lt;br>
&lt;img src="https://docs2.aspose.com/cells/reportingservices/attachments/6094946/6193522.png" alt="">&lt;/p>
&lt;/li>
&lt;/ol>
&lt;h2 id="attachments">Attachments:&lt;/h2>
&lt;p>&lt;img src="https://docs2.aspose.com/cells/reportingservices/images/icons/bullet_blue.gif" alt=""> &lt;a href="https://docs2.aspose.com/cells/reportingservices/attachments/6094946/6193529.png">Creating New Query Using Existing Data Source-001.png&lt;/a> (image/png)&lt;br>
&lt;img src="https://docs2.aspose.com/cells/reportingservices/images/icons/bullet_blue.gif" alt=""> &lt;a href="https://docs2.aspose.com/cells/reportingservices/attachments/6094946/6193526.png">Creating New Query Using Existing Data Source-002.png&lt;/a> (image/png)&lt;br>
&lt;img src="https://docs2.aspose.com/cells/reportingservices/images/icons/bullet_blue.gif" alt=""> &lt;a href="https://docs2.aspose.com/cells/reportingservices/attachments/6094946/6193527.png">Creating New Query Using Existing Data Source-003.png&lt;/a> (image/png)&lt;br>
&lt;img src="https://docs2.aspose.com/cells/reportingservices/images/icons/bullet_blue.gif" alt=""> &lt;a href="https://docs2.aspose.com/cells/reportingservices/attachments/6094946/6193524.png">Creating New Query Using Existing Data Source-004.png&lt;/a> (image/png)&lt;br>
&lt;img src="https://docs2.aspose.com/cells/reportingservices/images/icons/bullet_blue.gif" alt=""> &lt;a href="https://docs2.aspose.com/cells/reportingservices/attachments/6094946/6193525.png">Creating New Query Using Existing Data Source-005.png&lt;/a> (image/png)&lt;br>
&lt;img src="https://docs2.aspose.com/cells/reportingservices/images/icons/bullet_blue.gif" alt=""> &lt;a href="https://docs2.aspose.com/cells/reportingservices/attachments/6094946/6193522.png">Creating New Query Using Existing Data Source-006.png&lt;/a> (image/png)&lt;/p></description></item><item><title>Reportingservices: Editing Query</title><link>https://docs2.aspose.com/cells/reportingservices/userguide/datasourcesandqueries/editing+query/</link><pubDate>Mon, 01 Jan 0001 00:00:00 +0000</pubDate><guid>https://docs2.aspose.com/cells/reportingservices/userguide/datasourcesandqueries/editing+query/</guid><description>
&lt;p>Aspose.Cells for Reporting Services : Editing Query&lt;/p>
&lt;h1 id="asposecells-for-reporting-services--editing-query">Aspose.Cells for Reporting Services : Editing Query&lt;/h1>
&lt;p>To edit a query in Aspose.Cells.Report.Designer:&lt;/p>
&lt;ol>
&lt;li>
&lt;p>Open Microsoft Excel.&lt;/p>
&lt;/li>
&lt;li>
&lt;p>Click &lt;strong>Build DataSet&lt;/strong> on the Aspose.Cells.Report.Designer toolbar (&lt;img src="https://docs2.aspose.com/cells/reportingservices/attachments/6094943/6193517.png" alt="">).&lt;/p>
&lt;/li>
&lt;li>
&lt;p>In the dialog box, select a data set, for example, &lt;strong>EmpSalesDetail&lt;/strong>.&lt;/p>
&lt;/li>
&lt;li>
&lt;p>Click &lt;strong>Edit&lt;/strong>.&lt;/p>
&lt;p>&lt;strong>Selecting a data set&lt;/strong>&lt;br>
&lt;img src="https://docs2.aspose.com/cells/reportingservices/attachments/6094943/6193514.png" alt="">&lt;/p>
&lt;/li>
&lt;li>
&lt;p>Aspose.Cell.Report.Designer starts Microsoft Query and opens the query for editing.&lt;/p>
&lt;p>&lt;strong>Editing a query in Microsoft Query&lt;/strong>&lt;br>
&lt;img src="https://docs2.aspose.com/cells/reportingservices/attachments/6094943/6193515.png" alt="">&lt;/p>
&lt;/li>
&lt;li>
&lt;p>From Microsoft Query&amp;rsquo;s &lt;strong>File&lt;/strong> menu, select &lt;strong>Return To Aspose.Cells.Report.Designer&lt;/strong>&lt;/p>
&lt;p>&lt;strong>Return to the Report Designer&lt;/strong>&lt;br>
&lt;img src="https://docs2.aspose.com/cells/reportingservices/attachments/6094943/6193513.png" alt="">&lt;/p>
&lt;/li>
&lt;/ol>
&lt;h2 id="attachments">Attachments:&lt;/h2>
&lt;p>&lt;img src="https://docs2.aspose.com/cells/reportingservices/images/icons/bullet_blue.gif" alt=""> &lt;a href="https://docs2.aspose.com/cells/reportingservices/attachments/6094943/6193517.png">Editing Query-001.png&lt;/a> (image/png)&lt;br>
&lt;img src="https://docs2.aspose.com/cells/reportingservices/images/icons/bullet_blue.gif" alt=""> &lt;a href="https://docs2.aspose.com/cells/reportingservices/attachments/6094943/6193514.png">Editing Query-002.png&lt;/a> (image/png)&lt;br>
&lt;img src="https://docs2.aspose.com/cells/reportingservices/images/icons/bullet_blue.gif" alt=""> &lt;a href="https://docs2.aspose.com/cells/reportingservices/attachments/6094943/6193515.png">Editing Query-003.png&lt;/a> (image/png)&lt;br>
&lt;img src="https://docs2.aspose.com/cells/reportingservices/images/icons/bullet_blue.gif" alt=""> &lt;a href="https://docs2.aspose.com/cells/reportingservices/attachments/6094943/6193513.png">Editing Query-004.png&lt;/a> (image/png)&lt;/p></description></item></channel></rss>