<rss version="2.0" xmlns:atom="http://www.w3.org/2005/Atom"><channel><title>Documentation – Convert Excel to ODS</title><link>https://docs2.aspose.com/cells/pythonjava/developerguide/convertingfiles/convert+excel+to+ods/</link><description>Recent content in Convert Excel to ODS on Documentation</description><generator>Hugo -- gohugo.io</generator><atom:link href="https://docs2.aspose.com/cells/pythonjava/developerguide/convertingfiles/convert+excel+to+ods/index.xml" rel="self" type="application/rss+xml"/></channel></rss>