<rss version="2.0" xmlns:atom="http://www.w3.org/2005/Atom"><channel><title>Documentation – Getting Started</title><link>https://docs2.aspose.com/cells/jasperreports/gettingstarted/</link><description>Recent content in Getting Started on Documentation</description><generator>Hugo -- gohugo.io</generator><atom:link href="https://docs2.aspose.com/cells/jasperreports/gettingstarted/index.xml" rel="self" type="application/rss+xml"/><item><title>Jasperreports: Product Overview</title><link>https://docs2.aspose.com/cells/jasperreports/gettingstarted/product+overview/</link><pubDate>Mon, 01 Jan 0001 00:00:00 +0000</pubDate><guid>https://docs2.aspose.com/cells/jasperreports/gettingstarted/product+overview/</guid><description>
&lt;p>Aspose.Cells for JasperReports : Product Overview&lt;/p>
&lt;h1 id="asposecells-for-jasperreports--product-overview">Aspose.Cells for JasperReports : Product Overview&lt;/h1>
&lt;p>&lt;img src="https://docs2.aspose.com/cells/jasperreports/attachments/6619141/6848524.png" alt="">&lt;/p>
&lt;h3 id="welcome-to-the-asposecells-for-jasperreports-documentation">Welcome to the Aspose.Cells for JasperReports Documentation!&lt;/h3>
&lt;p>Aspose.Cells for JasperReports is a library which works as a replacement for &lt;a href="http://jasperforge.org/sf/projects/jasperreports">JasperReports&lt;/a>&amp;rsquo;s original Microsoft Excel exporter, bundled with some great enhancements. It eliminates the dependency on the POI library, and uses Aspose.Cells for Java on the back-end to export reports in Microsoft Excel formats (XLS, XLSX).&lt;/p>
&lt;h3 id="product-description">Product Description&lt;/h3>
&lt;p>Aspose.Cells for JasperReports is a flexible solution that makes it easy to export reports from JasperReports and JasperServer to Microsoft Excel file formats. All the report features are converted to Microsoft Excel spreadsheets with the highest degree of precision.&lt;/p>
&lt;p>Besides the functionality provided by the original POI-based Micrsofot Excel exporter, this component provides some valuable features. The major innovations related to exporting to XLS include:&lt;/p>
&lt;ul>
&lt;li>Provide editable charts in Microsoft Excel format rather than static pictures.&lt;/li>
&lt;/ul>
&lt;p>&lt;strong>A sample report is generated using Aspose.Cells for JasperReports&lt;/strong>&lt;br>
&lt;img src="https://docs2.aspose.com/cells/jasperreports/attachments/6619141/6848515.png" alt="">&lt;/p>
&lt;h2 id="attachments">Attachments:&lt;/h2>
&lt;p>&lt;img src="https://docs2.aspose.com/cells/jasperreports/images/icons/bullet_blue.gif" alt=""> &lt;a href="https://docs2.aspose.com/cells/jasperreports/attachments/6619141/6848513.png">Product Overview-001.png&lt;/a> (image/png)&lt;br>
&lt;img src="https://docs2.aspose.com/cells/jasperreports/images/icons/bullet_blue.gif" alt=""> &lt;a href="https://docs2.aspose.com/cells/jasperreports/attachments/6619141/6848515.png">Product Overview-002.png&lt;/a> (image/png)&lt;br>
&lt;img src="https://docs2.aspose.com/cells/jasperreports/images/icons/bullet_blue.gif" alt=""> &lt;a href="https://docs2.aspose.com/cells/jasperreports/attachments/6619141/6848514.png">aspose.Cells-JR_logo.png&lt;/a> (image/png)&lt;br>
&lt;img src="https://docs2.aspose.com/cells/jasperreports/images/icons/bullet_blue.gif" alt=""> &lt;a href="https://docs2.aspose.com/cells/jasperreports/attachments/6619141/6848524.png">aspose-Cells-for-JasperReports.png&lt;/a> (image/png)&lt;/p></description></item><item><title>Jasperreports: Feature Tour</title><link>https://docs2.aspose.com/cells/jasperreports/gettingstarted/featuretour/</link><pubDate>Mon, 01 Jan 0001 00:00:00 +0000</pubDate><guid>https://docs2.aspose.com/cells/jasperreports/gettingstarted/featuretour/</guid><description>
&lt;p>Aspose.Cells for JasperReports : Feature Tour&lt;/p>
&lt;h1 id="asposecells-for-jasperreports--feature-tour">Aspose.Cells for JasperReports : Feature Tour&lt;/h1>
&lt;h6 id="this-section-includes-the-following-topics">This section includes the following topics:&lt;/h6>
&lt;ul>
&lt;li>&lt;a href="https://docs2.aspose.com/cells/jasperreports/gettingstarted/featuretour/feature+overview">Feature Overview&lt;/a>&lt;/li>
&lt;li>&lt;a href="https://docs2.aspose.com/cells/jasperreports/gettingstarted/featuretour/xls+or+xlsx+export">XLS or XLSX Export&lt;/a>&lt;/li>
&lt;li>&lt;a href="https://docs2.aspose.com/cells/jasperreports/gettingstarted/featuretour/high+fidelity+to+the+report+design">High Fidelity to the Report Design&lt;/a>&lt;/li>
&lt;li>&lt;a href="https://docs2.aspose.com/cells/jasperreports/gettingstarted/featuretour/easy+and+lightweight+deployment">Easy and Lightweight Deployment&lt;/a>&lt;/li>
&lt;li>&lt;a href="https://docs2.aspose.com/cells/jasperreports/gettingstarted/featuretour/simple+and+affordable+licensing">Simple and Affordable Licensing&lt;/a>&lt;/li>
&lt;li>&lt;a href="https://docs2.aspose.com/cells/jasperreports/gettingstarted/featuretour/world+class+free+technical+support">World Class Free Technical Support&lt;/a>&lt;/li>
&lt;li>&lt;a href="https://docs2.aspose.com/cells/jasperreports/gettingstarted/featuretour/miscellaneous">Miscellaneous&lt;/a>&lt;/li>
&lt;/ul>
&lt;h2 id="attachments">Attachments:&lt;/h2>
&lt;p>&lt;img src="https://docs2.aspose.com/cells/jasperreports/images/icons/bullet_blue.gif" alt=""> &lt;a href="https://docs2.aspose.com/cells/jasperreports/attachments/6619142/6848530.png">XLS or XLSX Export-001.png&lt;/a> (image/png)&lt;br>
&lt;img src="https://docs2.aspose.com/cells/jasperreports/images/icons/bullet_blue.gif" alt=""> &lt;a href="https://docs2.aspose.com/cells/jasperreports/attachments/6619142/6848517.png">High Fidelity to the Report Design-001.png&lt;/a> (image/png)&lt;br>
&lt;img src="https://docs2.aspose.com/cells/jasperreports/images/icons/bullet_blue.gif" alt=""> &lt;a href="https://docs2.aspose.com/cells/jasperreports/attachments/6619142/6848518.png">High Fidelity to the Report Design-002.png&lt;/a> (image/png)&lt;br>
&lt;img src="https://docs2.aspose.com/cells/jasperreports/images/icons/bullet_blue.gif" alt=""> &lt;a href="https://docs2.aspose.com/cells/jasperreports/attachments/6619142/6848520.png">World Class free Technical Support-001.png&lt;/a> (image/png)&lt;/p></description></item><item><title>Jasperreports: Edition Types</title><link>https://docs2.aspose.com/cells/jasperreports/gettingstarted/edition+types/</link><pubDate>Mon, 01 Jan 0001 00:00:00 +0000</pubDate><guid>https://docs2.aspose.com/cells/jasperreports/gettingstarted/edition+types/</guid><description>
&lt;p>Aspose.Cells for JasperReports : Edition Types&lt;/p>
&lt;h1 id="asposecells-for-jasperreports--edition-types">Aspose.Cells for JasperReports : Edition Types&lt;/h1>
&lt;p>Aspose.Cells for JasperReports offers only one edition type: Enterprise edition.&lt;/p></description></item><item><title>Jasperreports: Licensing</title><link>https://docs2.aspose.com/cells/jasperreports/gettingstarted/licensing/</link><pubDate>Mon, 01 Jan 0001 00:00:00 +0000</pubDate><guid>https://docs2.aspose.com/cells/jasperreports/gettingstarted/licensing/</guid><description>
&lt;p>Aspose.Cells for JasperReports : Licensing&lt;/p>
&lt;h1 id="asposecells-for-jasperreports--licensing">Aspose.Cells for JasperReports : Licensing&lt;/h1>
&lt;p>Aspose.Cells for JasperReports is available as a free, time unlimited evaluation from the &lt;a href="http://www.aspose.com/community/files/67/jasperreports-exporters/aspose.cells-for-jasperreports/default.aspx">download page&lt;/a>. The evaluation and licensed versions of the product is the same download.&lt;/p>
&lt;p>When you are happy with the evaluation version, you can &lt;a href="http://www.aspose.com/purchase/default.aspx">purchase a license&lt;/a>. Make sure you understand and agree to the license terms.&lt;/p>
&lt;p>The license is available for download from the order page when the order has been paid. The license is a clear text, digitally signed XML file. The license contains information such as the client name, purchased product and license type. Do not modify the content of the license file: doing so invalidates the license.&lt;/p>
&lt;p>There are two ways to apply a license:&lt;/p>
&lt;ul>
&lt;li>&lt;a href="https://docs2.aspose.com/cells/jasperreports/gettingstarted/licensing">Call &lt;code>setLicense&lt;/code>&lt;/a>&lt;/li>
&lt;li>&lt;a href="https://docs2.aspose.com/cells/jasperreports/gettingstarted/licensing">Set an exporter parameter in applicationContext.xml&lt;/a>&lt;/li>
&lt;/ul>
&lt;p>After installing the license,&lt;/p>
&lt;ul>
&lt;li>&lt;a href="https://docs2.aspose.com/cells/jasperreports/gettingstarted/licensing">Verify that it works&lt;/a>.&lt;/li>
&lt;/ul>
&lt;h3 id="call-setlicense">Call setLicense&lt;/h3>
&lt;p>This method is applicable for use with JasperReports.&lt;/p>
&lt;p>Download the license to your computer and copy it to the appropriate folder (for example your application&amp;rsquo;s folder or &lt;strong>JasperReports\lib&lt;/strong>).&lt;br>
Add the following code to your project:&lt;/p>
&lt;p>&lt;strong>Java&lt;/strong>&lt;/p>
&lt;div class="position-relative">
&lt;div class="position-absolute" style="right:0;">
&lt;button class="btn btn-light" data-clipboard-target="#clipboard_9b48c63ab0">
Copy
&lt;/button>
&lt;/div>
&lt;div id="clipboard_9b48c63ab0">
&lt;div class="highlight">&lt;pre style="background-color:#f8f8f8;-moz-tab-size:4;-o-tab-size:4;tab-size:4">&lt;code class="language-java" data-lang="java">
&lt;span style="color:#204a87;font-weight:bold">import&lt;/span> &lt;span style="color:#000">com.aspose.cells.jasperreports.*&lt;/span>&lt;span style="color:#ce5c00;font-weight:bold">;&lt;/span>
&lt;span style="color:#8f5902;font-style:italic">// Create a stream object containing the license file
&lt;/span>&lt;span style="color:#8f5902;font-style:italic">&lt;/span>&lt;span style="color:#000">FileInputStream&lt;/span> &lt;span style="color:#000">fstream&lt;/span> &lt;span style="color:#ce5c00;font-weight:bold">=&lt;/span> &lt;span style="color:#204a87;font-weight:bold">new&lt;/span> &lt;span style="color:#000">FileInputStream&lt;/span>&lt;span style="color:#ce5c00;font-weight:bold">(&lt;/span>&lt;span style="color:#4e9a06">&amp;#34;C:\\Aspose.Cells.JasperReports.lic&amp;#34;&lt;/span>&lt;span style="color:#ce5c00;font-weight:bold">);&lt;/span>
&lt;span style="color:#8f5902;font-style:italic">// Set the license through the stream object
&lt;/span>&lt;span style="color:#8f5902;font-style:italic">&lt;/span>&lt;span style="color:#000">License&lt;/span> &lt;span style="color:#000">license&lt;/span> &lt;span style="color:#ce5c00;font-weight:bold">=&lt;/span> &lt;span style="color:#204a87;font-weight:bold">new&lt;/span> &lt;span style="color:#000">License&lt;/span>&lt;span style="color:#ce5c00;font-weight:bold">();&lt;/span>
&lt;span style="color:#000">license&lt;/span>&lt;span style="color:#ce5c00;font-weight:bold">.&lt;/span>&lt;span style="color:#c4a000">setLicense&lt;/span>&lt;span style="color:#ce5c00;font-weight:bold">(&lt;/span>&lt;span style="color:#000">fstream&lt;/span>&lt;span style="color:#ce5c00;font-weight:bold">);&lt;/span>
&lt;/code>&lt;/pre>&lt;/div>
&lt;/div>
&lt;/div>
&lt;h3 id="set-the-licensefile-exporter-parameter-in-applicationcontextxml">Set the licenseFile Exporter Parameter in applicationContext.xml&lt;/h3>
&lt;p>This method is applicable for use with JasperServer.&lt;/p>
&lt;ol>
&lt;li>
&lt;p>Download the license to your computer and copy it to the &lt;strong>&lt;InstallDir>\apache-tomcat\webapps\jasperserver\WEB-INF&lt;/strong> folder, where &lt;strong>&lt;InstallDir>&lt;/strong> stands for the JasperServer installation directory.&lt;/p>
&lt;/li>
&lt;li>
&lt;p>Locate the &lt;strong>&lt;InstallDir>\apache-tomcat\webapps\jasperserver\WEB-INF\applicationContext.xml&lt;/strong> file and add the following lines:&lt;/p>
&lt;p>&lt;strong>XML&lt;/strong>&lt;/p>
&lt;/li>
&lt;/ol>
&lt;div class="position-relative">
&lt;div class="position-absolute" style="right:0;">
&lt;button class="btn btn-light" data-clipboard-target="#clipboard_a7ce97a78f">
Copy
&lt;/button>
&lt;/div>
&lt;div id="clipboard_a7ce97a78f">
&lt;div class="highlight">&lt;pre style="background-color:#f8f8f8;-moz-tab-size:4;-o-tab-size:4;tab-size:4">&lt;code class="language-xml" data-lang="xml">
&lt;span style="color:#204a87;font-weight:bold">&amp;lt;bean&lt;/span> &lt;span style="color:#c4a000">id=&lt;/span>&lt;span style="color:#4e9a06">&amp;#34;excelACExportParameters&amp;#34;&lt;/span> &lt;span style="color:#c4a000">class=&lt;/span>&lt;span style="color:#4e9a06">&amp;#34;com.aspose.cells.jasperreports.ACXlsExportParametersBean&amp;#34;&lt;/span>&lt;span style="color:#204a87;font-weight:bold">&amp;gt;&lt;/span>
&lt;span style="color:#204a87;font-weight:bold">&amp;lt;property&lt;/span> &lt;span style="color:#c4a000">name=&lt;/span>&lt;span style="color:#4e9a06">&amp;#34;licenseFile&amp;#34;&lt;/span> &lt;span style="color:#c4a000">value=&lt;/span>&lt;span style="color:#4e9a06">&amp;#34;C:/jasperserver-3.0/apache-tomcat/webapps/jasperserver/WEB-INF/Aspose.Cells.JasperReports.lic&amp;#34;&lt;/span>&lt;span style="color:#204a87;font-weight:bold">/&amp;gt;&lt;/span>
&lt;span style="color:#204a87;font-weight:bold">&amp;lt;/bean&amp;gt;&lt;/span>
&lt;/code>&lt;/pre>&lt;/div>
&lt;/div>
&lt;/div>
&lt;h3 id="verify-the-license-works">Verify the License Works&lt;/h3>
&lt;p>Export any report to XLS format and check if the report contains an evaluation message. If there is no evaluation message, then the license is working properly.&lt;/p>
&lt;p>&lt;strong>Aspose.Cells for JasperReports injects an evaluation worksheet in evaluation mode&lt;/strong>&lt;br>
&lt;img src="https://docs2.aspose.com/cells/jasperreports/attachments/6619153/6848521.png" alt="">&lt;/p>
&lt;p>&lt;strong>When a valid license there is no evaluation worksheet&lt;/strong>&lt;br>
&lt;img src="https://docs2.aspose.com/cells/jasperreports/attachments/6619153/6848522.png" alt="">&lt;/p>
&lt;h2 id="attachments">Attachments:&lt;/h2>
&lt;p>&lt;img src="https://docs2.aspose.com/cells/jasperreports/images/icons/bullet_blue.gif" alt=""> &lt;a href="https://docs2.aspose.com/cells/jasperreports/attachments/6619153/6848521.png">Licensing-001.png&lt;/a> (image/png)&lt;br>
&lt;img src="https://docs2.aspose.com/cells/jasperreports/images/icons/bullet_blue.gif" alt=""> &lt;a href="https://docs2.aspose.com/cells/jasperreports/attachments/6619153/6848522.png">Licensing-002.png&lt;/a> (image/png)&lt;/p></description></item><item><title>Jasperreports: Evaluate Aspose.Cells</title><link>https://docs2.aspose.com/cells/jasperreports/gettingstarted/evaluate+aspose.cells/</link><pubDate>Mon, 01 Jan 0001 00:00:00 +0000</pubDate><guid>https://docs2.aspose.com/cells/jasperreports/gettingstarted/evaluate+aspose.cells/</guid><description>
&lt;p>Aspose.Cells for JasperReports : Evaluate Aspose.Cells&lt;/p>
&lt;h1 id="asposecells-for-jasperreports--evaluate-asposecells">Aspose.Cells for JasperReports : Evaluate Aspose.Cells&lt;/h1>
&lt;p>You can easily download Aspose.Cells for JasperReports for evaluation from the &lt;a href="http://www.aspose.com/community/files/67/jasperreports-exporters/aspose.cells-for-jasperreports/default.aspx">download page&lt;/a>. The evaluation download is same as the purchased download. The evaluation version simply becomes licensed after &lt;a href="https://docs2.aspose.com/cells/jasperreports/gettingstarted/licensing">applying a license&lt;/a>.&lt;/p>
&lt;p>Evaluation version of Aspose.Cells for JasperReports (without a license specified) provides product functionality to some extent not complete though. One limitation is that it always injects an extra worksheet with evaluation watermark on open / save any spreadsheet document.&lt;/p>
&lt;p>&lt;img src="https://docs2.aspose.com/cells/jasperreports/attachments/6619152/6848534.png" alt="">&lt;/p>
&lt;p>&lt;strong>Figure:&lt;/strong> Demo Spreadsheet created by Aspose.Cells component&lt;/p>
&lt;p>It will inject an extra evaluation watermark worksheet to the workbook.&lt;/p>
&lt;p>&lt;img src="https://docs2.aspose.com/cells/jasperreports/attachments/6619152/6848533.png" alt="">&lt;/p>
&lt;p>&lt;strong>Figure:&lt;/strong> Evaluation Warning – An Extra Worksheet&lt;/p>
&lt;p>If you want to test Aspose.Cells for JasperReports without evaluation version limitations, you may &lt;a href="http://www.aspose.com/corporate/purchase/faqs/temporary-license.aspx">request a 30-day temporary license&lt;/a> .&lt;/p>
&lt;h2 id="attachments">Attachments:&lt;/h2>
&lt;p>&lt;img src="https://docs2.aspose.com/cells/jasperreports/images/icons/bullet_blue.gif" alt=""> &lt;a href="https://docs2.aspose.com/cells/jasperreports/attachments/6619152/6848534.png">Evaluate Aspose.Cells-001.png&lt;/a> (image/png)&lt;br>
&lt;img src="https://docs2.aspose.com/cells/jasperreports/images/icons/bullet_blue.gif" alt=""> &lt;a href="https://docs2.aspose.com/cells/jasperreports/attachments/6619152/6848533.png">Evaluate Aspose.Cells-002.png&lt;/a> (image/png)&lt;/p></description></item><item><title>Jasperreports: Supported File Formats</title><link>https://docs2.aspose.com/cells/jasperreports/gettingstarted/supported+file+formats/</link><pubDate>Mon, 01 Jan 0001 00:00:00 +0000</pubDate><guid>https://docs2.aspose.com/cells/jasperreports/gettingstarted/supported+file+formats/</guid><description>
&lt;p>Aspose.Cells for JasperReports : Supported File Formats&lt;/p>
&lt;h1 id="asposecells-for-jasperreports--supported-file-formats">Aspose.Cells for JasperReports : Supported File Formats&lt;/h1>
&lt;p>
&lt;div class="card my-3 border-top-0 border-right-0 border-bottom-0 border-left border-primary rounded" style="border-width:4px !important;">
&lt;div class="wrap border border-left-0 rounded">
&lt;div class="card-header border-0 bg-white pl-3 text-primary">
&lt;h3>Contents Summary&lt;/h3>
&lt;/div>
&lt;div class="card-body pt-1">
&lt;ul>
&lt;li>1 &lt;a href="#supported-file-formats">Supported File Formats&lt;/a>&lt;/li>
&lt;/ul>
&lt;/div>
&lt;/div>
&lt;/div>
 &lt;/p>
&lt;p> &lt;/p>
&lt;h2 id="supported-file-formats">Supported File Formats&lt;/h2>
&lt;div class="table table-striped" role="alert">
&lt;table>
&lt;thead>
&lt;tr>
&lt;th align="left">Format&lt;/th>
&lt;th align="left">Description&lt;/th>
&lt;th align="left">Load&lt;/th>
&lt;th align="left">Save&lt;/th>
&lt;/tr>
&lt;/thead>
&lt;tbody>
&lt;tr>
&lt;td align="left">&lt;a href="https://wiki.fileformat.com/spreadsheet/xls/">XLS&lt;/a>&lt;/td>
&lt;td align="left">Saves the document in the Microsoft Excel 97-2003 Workbook.&lt;/td>
&lt;td align="left"> &lt;/td>
&lt;td align="left">&lt;img src="s/en_GB-1988229788/4108/b47156ace146e4f759b49ef98258cb637bdd5af8.5/_/images/icons/emoticons/check.png" alt="(tick)">&lt;/td>
&lt;/tr>
&lt;tr>
&lt;td align="left">&lt;a href="https://wiki.fileformat.com/spreadsheet/xlsx/">XLSX&lt;/a>&lt;/td>
&lt;td align="left">Saves the document in Office Open XML SpreadsheetML Workbook or template file, with or without macros.&lt;/td>
&lt;td align="left"> &lt;/td>
&lt;td align="left">&lt;img src="s/en_GB-1988229788/4108/b47156ace146e4f759b49ef98258cb637bdd5af8.5/_/images/icons/emoticons/check.png" alt="(tick)">&lt;/td>
&lt;/tr>
&lt;tr>
&lt;td align="left">&lt;a href="https://wiki.fileformat.com/spreadsheet/ods/">ODS&lt;/a>&lt;/td>
&lt;td align="left">Saves the document in ODS (OpenDocument Spreadsheet).&lt;/td>
&lt;td align="left"> &lt;/td>
&lt;td align="left">&lt;img src="s/en_GB-1988229788/4108/b47156ace146e4f759b49ef98258cb637bdd5af8.5/_/images/icons/emoticons/check.png" alt="(tick)">&lt;/td>
&lt;/tr>
&lt;tr>
&lt;td align="left">&lt;a href="https://wiki.fileformat.com/web/xml/">XML&lt;/a>&lt;/td>
&lt;td align="left">Extensible Markup Language&lt;/td>
&lt;td align="left"> &lt;/td>
&lt;td align="left">&lt;img src="s/en_GB-1988229788/4108/b47156ace146e4f759b49ef98258cb637bdd5af8.5/_/images/icons/emoticons/check.png" alt="(tick)">&lt;/td>
&lt;/tr>
&lt;tr>
&lt;td align="left">&lt;a href="https://wiki.fileformat.com/view/pdf/">PDF&lt;/a>&lt;/td>
&lt;td align="left">Adobe Portable Document Format.&lt;/td>
&lt;td align="left"> &lt;/td>
&lt;td align="left">&lt;img src="s/en_GB-1988229788/4108/b47156ace146e4f759b49ef98258cb637bdd5af8.5/_/images/icons/emoticons/check.png" alt="(tick)">&lt;/td>
&lt;/tr>
&lt;tr>
&lt;td align="left">&lt;a href="https://wiki.fileformat.com/spreadsheet/csv/">CSV&lt;/a>&lt;/td>
&lt;td align="left">Saves the document in CSV (Comma Separated Value) file.&lt;/td>
&lt;td align="left"> &lt;/td>
&lt;td align="left">&lt;img src="s/en_GB-1988229788/4108/b47156ace146e4f759b49ef98258cb637bdd5af8.5/_/images/icons/emoticons/check.png" alt="(tick)">&lt;/td>
&lt;/tr>
&lt;tr>
&lt;td align="left">&lt;a href="https://wiki.fileformat.com/spreadsheet/tsv/">TSV&lt;/a>&lt;/td>
&lt;td align="left">Saves the document in TSV (Tab-separated values) file.&lt;/td>
&lt;td align="left"> &lt;/td>
&lt;td align="left">&lt;img src="s/en_GB-1988229788/4108/b47156ace146e4f759b49ef98258cb637bdd5af8.5/_/images/icons/emoticons/check.png" alt="(tick)">&lt;/td>
&lt;/tr>
&lt;tr>
&lt;td align="left">TabDelimited&lt;/td>
&lt;td align="left">Saves the document in Tab-delimited text file, same with TSV file.&lt;/td>
&lt;td align="left"> &lt;/td>
&lt;td align="left">&lt;img src="s/en_GB-1988229788/4108/b47156ace146e4f759b49ef98258cb637bdd5af8.5/_/images/icons/emoticons/check.png" alt="(tick)">&lt;/td>
&lt;/tr>
&lt;/tbody>
&lt;/table>
&lt;/div></description></item></channel></rss>