<rss version="2.0" xmlns:atom="http://www.w3.org/2005/Atom"><channel><title>Documentation – Simple and Affordable Licensing</title><link>https://docs2.aspose.com/cells/jasperreports/gettingstarted/featuretour/simple+and+affordable+licensing/</link><description>Recent content in Simple and Affordable Licensing on Documentation</description><generator>Hugo -- gohugo.io</generator><atom:link href="https://docs2.aspose.com/cells/jasperreports/gettingstarted/featuretour/simple+and+affordable+licensing/index.xml" rel="self" type="application/rss+xml"/></channel></rss>