<rss version="2.0" xmlns:atom="http://www.w3.org/2005/Atom"><channel><title>Documentation – Developer Guide</title><link>https://docs2.aspose.com/cells/pythonjava/developerguide/</link><description>Recent content in Developer Guide on Documentation</description><generator>Hugo -- gohugo.io</generator><atom:link href="https://docs2.aspose.com/cells/pythonjava/developerguide/index.xml" rel="self" type="application/rss+xml"/><item><title>Pythonjava: Opening Files</title><link>https://docs2.aspose.com/cells/pythonjava/developerguide/openingfiles/</link><pubDate>Mon, 01 Jan 0001 00:00:00 +0000</pubDate><guid>https://docs2.aspose.com/cells/pythonjava/developerguide/openingfiles/</guid><description>
&lt;p>Aspose.Cells for Python via Java : Opening Files&lt;/p>
&lt;h1 id="asposecells-for-python-via-java--opening-files">Aspose.Cells for Python via Java : Opening Files&lt;/h1></description></item><item><title>Pythonjava: Converting Files</title><link>https://docs2.aspose.com/cells/pythonjava/developerguide/convertingfiles/</link><pubDate>Mon, 01 Jan 0001 00:00:00 +0000</pubDate><guid>https://docs2.aspose.com/cells/pythonjava/developerguide/convertingfiles/</guid><description>
&lt;p>Aspose.Cells for Python via Java : Converting Files&lt;/p>
&lt;h1 id="asposecells-for-python-via-java--converting-files">Aspose.Cells for Python via Java : Converting Files&lt;/h1></description></item><item><title>Pythonjava: Worksheets</title><link>https://docs2.aspose.com/cells/pythonjava/developerguide/worksheets/</link><pubDate>Mon, 01 Jan 0001 00:00:00 +0000</pubDate><guid>https://docs2.aspose.com/cells/pythonjava/developerguide/worksheets/</guid><description>
&lt;p>Aspose.Cells for Python via Java : Worksheets&lt;/p>
&lt;h1 id="asposecells-for-python-via-java--worksheets">Aspose.Cells for Python via Java : Worksheets&lt;/h1></description></item><item><title>Pythonjava: Slicers</title><link>https://docs2.aspose.com/cells/pythonjava/developerguide/slicers/</link><pubDate>Mon, 01 Jan 0001 00:00:00 +0000</pubDate><guid>https://docs2.aspose.com/cells/pythonjava/developerguide/slicers/</guid><description>
&lt;p>Aspose.Cells for Python via Java : Slicers&lt;/p>
&lt;h1 id="asposecells-for-python-via-java--slicers">Aspose.Cells for Python via Java : Slicers&lt;/h1></description></item><item><title>Pythonjava: HTML</title><link>https://docs2.aspose.com/cells/pythonjava/developerguide/html/</link><pubDate>Mon, 01 Jan 0001 00:00:00 +0000</pubDate><guid>https://docs2.aspose.com/cells/pythonjava/developerguide/html/</guid><description>
&lt;p>Aspose.Cells for Python via Java : HTML&lt;/p>
&lt;h1 id="asposecells-for-python-via-java--html">Aspose.Cells for Python via Java : HTML&lt;/h1></description></item><item><title>Pythonjava: Tables</title><link>https://docs2.aspose.com/cells/pythonjava/developerguide/tables/</link><pubDate>Mon, 01 Jan 0001 00:00:00 +0000</pubDate><guid>https://docs2.aspose.com/cells/pythonjava/developerguide/tables/</guid><description>
&lt;p>Aspose.Cells for Python via Java : Tables&lt;/p>
&lt;h1 id="asposecells-for-python-via-java--tables">Aspose.Cells for Python via Java : Tables&lt;/h1></description></item></channel></rss>