<rss version="2.0" xmlns:atom="http://www.w3.org/2005/Atom"><channel><title>Documentation – Performance Configuration</title><link>https://docs2.aspose.com/cells/reportingservices/faqs/performance+configuration/</link><description>Recent content in Performance Configuration on Documentation</description><generator>Hugo -- gohugo.io</generator><atom:link href="https://docs2.aspose.com/cells/reportingservices/faqs/performance+configuration/index.xml" rel="self" type="application/rss+xml"/></channel></rss>