<rss version="2.0" xmlns:atom="http://www.w3.org/2005/Atom"><channel><title>Documentation – Office 2000 XP Installation Question</title><link>https://docs2.aspose.com/cells/reportingservices/faqs/clientissues/office+2000+xp+installation+question/</link><description>Recent content in Office 2000 XP Installation Question on Documentation</description><generator>Hugo -- gohugo.io</generator><atom:link href="https://docs2.aspose.com/cells/reportingservices/faqs/clientissues/office+2000+xp+installation+question/index.xml" rel="self" type="application/rss+xml"/></channel></rss>