<rss version="2.0" xmlns:atom="http://www.w3.org/2005/Atom"><channel><title>Documentation – Copy Theme from one Workbook to Another</title><link>https://docs2.aspose.com/cells/cpp/developerguide/technicalarticles/copy+theme+from+one+workbook+to+another/</link><description>Recent content in Copy Theme from one Workbook to Another on Documentation</description><generator>Hugo -- gohugo.io</generator><atom:link href="https://docs2.aspose.com/cells/cpp/developerguide/technicalarticles/copy+theme+from+one+workbook+to+another/index.xml" rel="self" type="application/rss+xml"/></channel></rss>