<rss version="2.0" xmlns:atom="http://www.w3.org/2005/Atom"><channel><title>Documentation – Getting Started</title><link>https://docs2.aspose.com/cells/reportingservices/gettingstarted/</link><description>Recent content in Getting Started on Documentation</description><generator>Hugo -- gohugo.io</generator><atom:link href="https://docs2.aspose.com/cells/reportingservices/gettingstarted/index.xml" rel="self" type="application/rss+xml"/><item><title>Reportingservices: Product Overview</title><link>https://docs2.aspose.com/cells/reportingservices/gettingstarted/product+overview/</link><pubDate>Mon, 01 Jan 0001 00:00:00 +0000</pubDate><guid>https://docs2.aspose.com/cells/reportingservices/gettingstarted/product+overview/</guid><description>
&lt;p>Aspose.Cells for Reporting Services : Product Overview&lt;/p>
&lt;h1 id="asposecells-for-reporting-services--product-overview">Aspose.Cells for Reporting Services : Product Overview&lt;/h1>
&lt;p>&lt;img src="https://docs2.aspose.com/cells/reportingservices/attachments/6094894/6193531.png" alt="">&lt;/p>
&lt;h3 id="welcome-to-the-asposecells-for-reporting-services-documentation">Welcome to the Aspose.Cells for Reporting Services Documentation!&lt;/h3>
&lt;p>Aspose.Cells is an award-winning spreadsheet component that allows developers to embed the ability to read, write and manipulate Excel spreadsheets into their own applications without relying on Microsoft Excel.&lt;/p>
&lt;h3 id="product-overview">Product Overview&lt;/h3>
&lt;p>Aspose.Cells for Reporting Services is a solution for developers who need to deliver Microsoft Excel reports in Reporting Services. It adds flexible and user friendly features the Reporting Sesrvices through the Aspose.Cells.Report.Designer tool. All tasks related to developing reports in Reporting Services - as setting up data sources, creating queries, designing reports and publishing reports to Report Server - can be performed. Since Aspose.Cells.Report.Designer uses Microsoft Excel as a report template, users can take advantage of the powerful features available in Microsoft Excel.&lt;/p>
&lt;p>There are two ways to design reports using Aspose.Cells for Reporting Services component. Get started with an empty Microsoft Excel template and then complete tasks, from setting up data sources to publishing reports to Report Server. Or start with an existing RDL Report in which database queries are available for use. Taking this route, users have to focus on report design only. This way is useful to those users who want to separate report design from query creation. The latter is relatively complex and has to be done by the users with database and SQL skills.&lt;/p>
&lt;p>&lt;strong>A sample report rendered using Aspose.Cells for Reporting Services&lt;/strong>&lt;br>
&lt;img src="https://docs2.aspose.com/cells/reportingservices/attachments/6094894/6193535.png" alt="">&lt;/p>
&lt;p>Aspose.Cells for Reporting Services is comprised of two parts.&lt;/p>
&lt;h4 id="asposecellsreportdesigner">Aspose.Cells.Report.Designer&lt;/h4>
&lt;p>This is a report designer tool that is integrated with Microsoft Excel in Add-Ins form. With Aspose.Cells.Report.Designer users can design a report template in Microsoft Excel instead of Visual Studio. The report template is then embedded into a Reporting Services RDL file and can be published to Report Server. Users can also preview and export the report in Aspose.Cells.Report.Designer.&lt;/p>
&lt;h4 id="asposecellsrenderer-for-reporting-services">Aspose.Cells.Renderer for Reporting Services&lt;/h4>
&lt;p>Aspose.Cells.Renderer for Reporting Services is an implementation of Microsoft&amp;rsquo;s Reporting Services Rendering Extension. It can render RDL reports designed by both Visual Studio and Aspose.Cells.Report.Designer.&lt;/p>
&lt;h2 id="attachments">Attachments:&lt;/h2>
&lt;p>&lt;img src="https://docs2.aspose.com/cells/reportingservices/images/icons/bullet_blue.gif" alt=""> &lt;a href="https://docs2.aspose.com/cells/reportingservices/attachments/6094894/6193534.png">Product Overview-001.png&lt;/a> (image/png)&lt;br>
&lt;img src="https://docs2.aspose.com/cells/reportingservices/images/icons/bullet_blue.gif" alt=""> &lt;a href="https://docs2.aspose.com/cells/reportingservices/attachments/6094894/6193535.png">Product Overview-002.png&lt;/a> (image/png)&lt;br>
&lt;img src="https://docs2.aspose.com/cells/reportingservices/images/icons/bullet_blue.gif" alt=""> &lt;a href="https://docs2.aspose.com/cells/reportingservices/attachments/6094894/6193530.png">aspose.Cells-SSRS_logo.png&lt;/a> (image/png)&lt;br>
&lt;img src="https://docs2.aspose.com/cells/reportingservices/images/icons/bullet_blue.gif" alt=""> &lt;a href="https://docs2.aspose.com/cells/reportingservices/attachments/6094894/6193531.png">aspose-Cells-for-SSRS.png&lt;/a> (image/png)&lt;/p></description></item><item><title>Reportingservices: Supported File Formats</title><link>https://docs2.aspose.com/cells/reportingservices/gettingstarted/supported+file+formats/</link><pubDate>Mon, 01 Jan 0001 00:00:00 +0000</pubDate><guid>https://docs2.aspose.com/cells/reportingservices/gettingstarted/supported+file+formats/</guid><description>
&lt;p>Aspose.Cells for Reporting Services : Supported File Formats&lt;/p>
&lt;h1 id="asposecells-for-reporting-services--supported-file-formats">Aspose.Cells for Reporting Services : Supported File Formats&lt;/h1>
&lt;p>
&lt;div class="card my-3 border-top-0 border-right-0 border-bottom-0 border-left border-primary rounded" style="border-width:4px !important;">
&lt;div class="wrap border border-left-0 rounded">
&lt;div class="card-header border-0 bg-white pl-3 text-primary">
&lt;h3>Contents Summary&lt;/h3>
&lt;/div>
&lt;div class="card-body pt-1">
&lt;ul>
&lt;li>1 &lt;a href="#supported-file-formats">Supported File Formats&lt;/a>&lt;/li>
&lt;/ul>
&lt;/div>
&lt;/div>
&lt;/div>
 &lt;/p>
&lt;p> &lt;/p>
&lt;h2 id="supported-file-formats">Supported File Formats&lt;/h2>
&lt;div class="table table-striped" role="alert">
&lt;table>
&lt;thead>
&lt;tr>
&lt;th align="left">Format&lt;/th>
&lt;th align="left">Description&lt;/th>
&lt;th align="left">Load&lt;/th>
&lt;th align="left">Save&lt;/th>
&lt;/tr>
&lt;/thead>
&lt;tbody>
&lt;tr>
&lt;td align="left">RDL&lt;/td>
&lt;td align="left">Report Definition Language&lt;/td>
&lt;td align="left">&lt;img src="s/en_GB-1988229788/4108/b47156ace146e4f759b49ef98258cb637bdd5af8.5/_/images/icons/emoticons/check.png" alt="(tick)">&lt;/td>
&lt;td align="left"> &lt;/td>
&lt;/tr>
&lt;tr>
&lt;td align="left">RDLC&lt;/td>
&lt;td align="left">Report Definition Language Client&lt;/td>
&lt;td align="left">&lt;img src="s/en_GB-1988229788/4108/b47156ace146e4f759b49ef98258cb637bdd5af8.5/_/images/icons/emoticons/check.png" alt="(tick)">&lt;/td>
&lt;td align="left"> &lt;/td>
&lt;/tr>
&lt;tr>
&lt;td align="left">&lt;a href="https://wiki.fileformat.com/spreadsheet/xls/">XLS&lt;/a>&lt;/td>
&lt;td align="left">Saves the document in the Microsoft Excel 97-2003 Workbook.&lt;/td>
&lt;td align="left"> &lt;/td>
&lt;td align="left">&lt;img src="s/en_GB-1988229788/4108/b47156ace146e4f759b49ef98258cb637bdd5af8.5/_/images/icons/emoticons/check.png" alt="(tick)">&lt;/td>
&lt;/tr>
&lt;tr>
&lt;td align="left">&lt;a href="https://wiki.fileformat.com/spreadsheet/xlsx/">XLSX&lt;/a>&lt;/td>
&lt;td align="left">Saves the document in Office Open XML SpreadsheetML Workbook or template file, with or without macros.&lt;/td>
&lt;td align="left"> &lt;/td>
&lt;td align="left">&lt;img src="s/en_GB-1988229788/4108/b47156ace146e4f759b49ef98258cb637bdd5af8.5/_/images/icons/emoticons/check.png" alt="(tick)">&lt;/td>
&lt;/tr>
&lt;tr>
&lt;td align="left">&lt;a href="https://wiki.fileformat.com/spreadsheet/xlsm/">XLSM&lt;/a>&lt;/td>
&lt;td align="left">Saves the document in Excel Macro-Enabled Workbook.&lt;/td>
&lt;td align="left"> &lt;/td>
&lt;td align="left">&lt;img src="s/en_GB-1988229788/4108/b47156ace146e4f759b49ef98258cb637bdd5af8.5/_/images/icons/emoticons/check.png" alt="(tick)">&lt;/td>
&lt;/tr>
&lt;tr>
&lt;td align="left">&lt;a href="https://wiki.fileformat.com/spreadsheet/xlsb/">XLSB&lt;/a>&lt;/td>
&lt;td align="left">Saves the document in Excel Binary Workbook.&lt;/td>
&lt;td align="left"> &lt;/td>
&lt;td align="left">&lt;img src="s/en_GB-1988229788/4108/b47156ace146e4f759b49ef98258cb637bdd5af8.5/_/images/icons/emoticons/check.png" alt="(tick)">&lt;/td>
&lt;/tr>
&lt;tr>
&lt;td align="left">&lt;a href="https://wiki.fileformat.com/spreadsheet/csv/">CSV&lt;/a>&lt;/td>
&lt;td align="left">Saves the document in CSV (Comma Separated Value) file.&lt;/td>
&lt;td align="left"> &lt;/td>
&lt;td align="left">&lt;img src="s/en_GB-1988229788/4108/b47156ace146e4f759b49ef98258cb637bdd5af8.5/_/images/icons/emoticons/check.png" alt="(tick)">&lt;/td>
&lt;/tr>
&lt;tr>
&lt;td align="left">&lt;a href="https://wiki.fileformat.com/spreadsheet/tsv/">TSV&lt;/a>&lt;/td>
&lt;td align="left">Saves the document in TSV (Tab-separated values) file.&lt;/td>
&lt;td align="left"> &lt;/td>
&lt;td align="left">&lt;img src="s/en_GB-1988229788/4108/b47156ace146e4f759b49ef98258cb637bdd5af8.5/_/images/icons/emoticons/check.png" alt="(tick)">&lt;/td>
&lt;/tr>
&lt;tr>
&lt;td align="left">TabDelimited&lt;/td>
&lt;td align="left">Saves the document in Tab-delimited text file, same with the TSV file.&lt;/td>
&lt;td align="left"> &lt;/td>
&lt;td align="left">&lt;img src="s/en_GB-1988229788/4108/b47156ace146e4f759b49ef98258cb637bdd5af8.5/_/images/icons/emoticons/check.png" alt="(tick)">&lt;/td>
&lt;/tr>
&lt;tr>
&lt;td align="left">&lt;a href="https://wiki.fileformat.com/web/html/">HTML&lt;/a>&lt;/td>
&lt;td align="left">Saves the document in the HTML format.&lt;/td>
&lt;td align="left"> &lt;/td>
&lt;td align="left">&lt;img src="s/en_GB-1988229788/4108/b47156ace146e4f759b49ef98258cb637bdd5af8.5/_/images/icons/emoticons/check.png" alt="(tick)">&lt;/td>
&lt;/tr>
&lt;tr>
&lt;td align="left">&lt;a href="https://wiki.fileformat.com/spreadsheet/ods/">ODS&lt;/a>&lt;/td>
&lt;td align="left">Saves the document in ODS (OpenDocument Spreadsheet).&lt;/td>
&lt;td align="left"> &lt;/td>
&lt;td align="left">&lt;img src="s/en_GB-1988229788/4108/b47156ace146e4f759b49ef98258cb637bdd5af8.5/_/images/icons/emoticons/check.png" alt="(tick)">&lt;/td>
&lt;/tr>
&lt;tr>
&lt;td align="left">SpreadsheetML&lt;/td>
&lt;td align="left">Saves the document in Excel 2003 XML file.&lt;/td>
&lt;td align="left"> &lt;/td>
&lt;td align="left">&lt;img src="s/en_GB-1988229788/4108/b47156ace146e4f759b49ef98258cb637bdd5af8.5/_/images/icons/emoticons/check.png" alt="(tick)">&lt;/td>
&lt;/tr>
&lt;tr>
&lt;td align="left">&lt;a href="https://wiki.fileformat.com/page-description-language/xps/">XPS&lt;/a>&lt;/td>
&lt;td align="left">Saves the document in XPS file&lt;/td>
&lt;td align="left"> &lt;/td>
&lt;td align="left">&lt;img src="s/en_GB-1988229788/4108/b47156ace146e4f759b49ef98258cb637bdd5af8.5/_/images/icons/emoticons/check.png" alt="(tick)">&lt;/td>
&lt;/tr>
&lt;tr>
&lt;td align="left">&lt;a href="https://wiki.fileformat.com/word-processing/md/">MARKDOWN&lt;/a>&lt;/td>
&lt;td align="left">Represents a markdown document.&lt;/td>
&lt;td align="left"> &lt;/td>
&lt;td align="left">&lt;img src="s/en_GB-1988229788/4108/b47156ace146e4f759b49ef98258cb637bdd5af8.5/_/images/icons/emoticons/check.png" alt="(tick)">&lt;/td>
&lt;/tr>
&lt;/tbody>
&lt;/table>
&lt;/div></description></item><item><title>Reportingservices: Features</title><link>https://docs2.aspose.com/cells/reportingservices/gettingstarted/features/</link><pubDate>Mon, 01 Jan 0001 00:00:00 +0000</pubDate><guid>https://docs2.aspose.com/cells/reportingservices/gettingstarted/features/</guid><description>
&lt;p>Aspose.Cells for Reporting Services : Features&lt;/p>
&lt;h1 id="asposecells-for-reporting-services--features">Aspose.Cells for Reporting Services : Features&lt;/h1>
&lt;h6 id="this-section-includes-the-following-topics">This section includes the following topics:&lt;/h6>
&lt;ul>
&lt;li>&lt;a href="https://docs2.aspose.com/cells/reportingservices/gettingstarted/features/more+excel+file+formats+export">More Excel File Formats Export&lt;/a>&lt;/li>
&lt;li>&lt;a href="https://docs2.aspose.com/cells/reportingservices/gettingstarted/features/comprehensive+rdl+support">Comprehensive RDL Support&lt;/a>&lt;/li>
&lt;li>&lt;a href="https://docs2.aspose.com/cells/reportingservices/gettingstarted/features/make+use+of+report+designer+client+tool">Make Use of Report Designer Client Tool&lt;/a>&lt;/li>
&lt;li>&lt;a href="https://docs2.aspose.com/cells/reportingservices/gettingstarted/features/advanced+formula+calculation">Advanced Formula Calculation&lt;/a>&lt;/li>
&lt;li>&lt;a href="https://docs2.aspose.com/cells/reportingservices/gettingstarted/features/miscellaneous">Miscellaneous&lt;/a>&lt;/li>
&lt;li>&lt;a href="https://docs2.aspose.com/cells/reportingservices/gettingstarted/features/world+class+free+technical+support">World Class Free Technical Support&lt;/a>&lt;/li>
&lt;/ul>
&lt;h2 id="attachments">Attachments:&lt;/h2>
&lt;p>&lt;img src="https://docs2.aspose.com/cells/reportingservices/images/icons/bullet_blue.gif" alt=""> &lt;a href="https://docs2.aspose.com/cells/reportingservices/attachments/6094898/6193555.png">More Excel File Formats Export-001.png&lt;/a> (image/png)&lt;br>
&lt;img src="https://docs2.aspose.com/cells/reportingservices/images/icons/bullet_blue.gif" alt=""> &lt;a href="https://docs2.aspose.com/cells/reportingservices/attachments/6094898/6193554.png">More Excel File Formats Export-002.png&lt;/a> (image/png)&lt;br>
&lt;img src="https://docs2.aspose.com/cells/reportingservices/images/icons/bullet_blue.gif" alt=""> &lt;a href="https://docs2.aspose.com/cells/reportingservices/attachments/6094898/6193552.png">Make Use of Report Designer Client Tool-001.png&lt;/a> (image/png)&lt;br>
&lt;img src="https://docs2.aspose.com/cells/reportingservices/images/icons/bullet_blue.gif" alt=""> &lt;a href="https://docs2.aspose.com/cells/reportingservices/attachments/6094898/6193566.png">Advanced Formula Calculation-001.png&lt;/a> (image/png)&lt;br>
&lt;img src="https://docs2.aspose.com/cells/reportingservices/images/icons/bullet_blue.gif" alt=""> &lt;a href="https://docs2.aspose.com/cells/reportingservices/attachments/6094898/6193564.png">World Class Free Technical Support-001.png&lt;/a> (image/png)&lt;/p></description></item><item><title>Reportingservices: Edition Types</title><link>https://docs2.aspose.com/cells/reportingservices/gettingstarted/edition+types/</link><pubDate>Mon, 01 Jan 0001 00:00:00 +0000</pubDate><guid>https://docs2.aspose.com/cells/reportingservices/gettingstarted/edition+types/</guid><description>
&lt;p>Aspose.Cells for Reporting Services : Edition Types&lt;/p>
&lt;h1 id="asposecells-for-reporting-services--edition-types">Aspose.Cells for Reporting Services : Edition Types&lt;/h1>
&lt;p>Aspose.Cells for Reporting Services offers only one edition type. The features are summarized below.&lt;/p>
&lt;div class="table table-striped" role="alert">
&lt;table>
&lt;thead>
&lt;tr>
&lt;th align="left">Features&lt;/th>
&lt;th align="left">Aspose.Cells for Reporting Services&lt;/th>
&lt;/tr>
&lt;/thead>
&lt;tbody>
&lt;tr>
&lt;td align="left">Aspose.Cells.Report.Designer&lt;/td>
&lt;td align="left">Yes&lt;/td>
&lt;/tr>
&lt;tr>
&lt;td align="left">Aspose.Cells.Renderer for Reporting Services.&lt;/td>
&lt;td align="left">Yes&lt;/td>
&lt;/tr>
&lt;tr>
&lt;td align="left">Creation of data sources and queries.&lt;/td>
&lt;td align="left">Yes&lt;/td>
&lt;/tr>
&lt;tr>
&lt;td align="left">Reporting Services parameters as report data source.&lt;/td>
&lt;td align="left">Yes&lt;/td>
&lt;/tr>
&lt;tr>
&lt;td align="left">Reporting Services global variables as report data source.&lt;/td>
&lt;td align="left">Yes&lt;/td>
&lt;/tr>
&lt;tr>
&lt;td align="left">Reporting Services formulas as report data source.&lt;/td>
&lt;td align="left">Yes&lt;/td>
&lt;/tr>
&lt;tr>
&lt;td align="left">Microsoft Excel dynamic formula.&lt;/td>
&lt;td align="left">Yes&lt;/td>
&lt;/tr>
&lt;tr>
&lt;td align="left">Specifying shared data source as report data source at publish time.&lt;/td>
&lt;td align="left">Yes&lt;/td>
&lt;/tr>
&lt;tr>
&lt;td align="left">Microsoft Excel Pivot Tables.&lt;/td>
&lt;td align="left">Yes&lt;/td>
&lt;/tr>
&lt;tr>
&lt;td align="left">Interactive charts.&lt;/td>
&lt;td align="left">Yes&lt;/td>
&lt;/tr>
&lt;tr>
&lt;td align="left">VBA and macros.&lt;/td>
&lt;td align="left">Yes&lt;/td>
&lt;/tr>
&lt;tr>
&lt;td align="left">Report publishing and preview.&lt;/td>
&lt;td align="left">Yes&lt;/td>
&lt;/tr>
&lt;/tbody>
&lt;/table>
&lt;/div></description></item><item><title>Reportingservices: Comparisons</title><link>https://docs2.aspose.com/cells/reportingservices/gettingstarted/comparisons/</link><pubDate>Mon, 01 Jan 0001 00:00:00 +0000</pubDate><guid>https://docs2.aspose.com/cells/reportingservices/gettingstarted/comparisons/</guid><description>
&lt;p>Aspose.Cells for Reporting Services : Comparisons&lt;/p>
&lt;h1 id="asposecells-for-reporting-services--comparisons">Aspose.Cells for Reporting Services : Comparisons&lt;/h1>
&lt;p>The difference between Aspose.Cells for Reporting Services and other similar products is summarized below.&lt;/p>
&lt;h3 id="feature-comparison">Feature Comparison&lt;/h3>
&lt;div class="table table-striped" role="alert">
&lt;table>
&lt;thead>
&lt;tr>
&lt;th align="left">Features&lt;/th>
&lt;th align="left">Aspose.Cells for Reporting Services&lt;/th>
&lt;th align="left">SA OfficeWriter&lt;/th>
&lt;th align="left">Visual Studio + the Standard Renderer for Microsoft Excel&lt;/th>
&lt;/tr>
&lt;/thead>
&lt;tbody>
&lt;tr>
&lt;td align="left">Exporting the Standard RDL reports to Microsoft Excel.&lt;/td>
&lt;td align="left">Yes&lt;/td>
&lt;td align="left">No&lt;/td>
&lt;td align="left">Partially(1)&lt;/td>
&lt;/tr>
&lt;tr>
&lt;td align="left">Designing and delivering Reports in Microsoft Excel.&lt;/td>
&lt;td align="left">Yes&lt;/td>
&lt;td align="left">Yes&lt;/td>
&lt;td align="left">No&lt;/td>
&lt;/tr>
&lt;tr>
&lt;td align="left">Generating an RDL file at design time.&lt;/td>
&lt;td align="left">Yes&lt;/td>
&lt;td align="left">Yes&lt;/td>
&lt;td align="left">Yes&lt;/td>
&lt;/tr>
&lt;tr>
&lt;td align="left">Publishing and previewing reports.&lt;/td>
&lt;td align="left">Yes&lt;/td>
&lt;td align="left">Yes&lt;/td>
&lt;td align="left">Yes&lt;/td>
&lt;/tr>
&lt;tr>
&lt;td align="left">Creating data sources and queries.&lt;/td>
&lt;td align="left">Yes&lt;/td>
&lt;td align="left">Yes&lt;/td>
&lt;td align="left">Yes&lt;/td>
&lt;/tr>
&lt;tr>
&lt;td align="left">Specifying the shared data source as report data source at publish time.&lt;/td>
&lt;td align="left">Yes&lt;/td>
&lt;td align="left">No&lt;/td>
&lt;td align="left">Yes&lt;/td>
&lt;/tr>
&lt;tr>
&lt;td align="left">Pivot Tables, interactive charts, VBA and macros.&lt;/td>
&lt;td align="left">Yes&lt;/td>
&lt;td align="left">Yes&lt;/td>
&lt;td align="left">No&lt;/td>
&lt;/tr>
&lt;tr>
&lt;td align="left">Reporting Services parameters as report data source.&lt;/td>
&lt;td align="left">Yes&lt;/td>
&lt;td align="left">Yes&lt;/td>
&lt;td align="left">Yes&lt;/td>
&lt;/tr>
&lt;tr>
&lt;td align="left">Reporting Services global variables as report data source.&lt;/td>
&lt;td align="left">Yes&lt;/td>
&lt;td align="left">Yes&lt;/td>
&lt;td align="left">Yes&lt;/td>
&lt;/tr>
&lt;tr>
&lt;td align="left">Reporting Services formulas as report data source.&lt;/td>
&lt;td align="left">Yes&lt;/td>
&lt;td align="left">Yes&lt;/td>
&lt;td align="left">Yes&lt;/td>
&lt;/tr>
&lt;tr>
&lt;td align="left">Specifying the row groups and footers of the table at design time.&lt;/td>
&lt;td align="left">Yes&lt;/td>
&lt;td align="left">No&lt;/td>
&lt;td align="left">Yes&lt;/td>
&lt;/tr>
&lt;tr>
&lt;td align="left">Dynamic formulas&lt;/td>
&lt;td align="left">Yes (implemented by special Smart Markers).&lt;/td>
&lt;td align="left">No&lt;/td>
&lt;td align="left">No&lt;/td>
&lt;/tr>
&lt;tr>
&lt;td align="left">Report parameters configuration.&lt;/td>
&lt;td align="left">Yes&lt;/td>
&lt;td align="left">No&lt;/td>
&lt;td align="left">Yes&lt;/td>
&lt;/tr>
&lt;tr>
&lt;td align="left">Exporting various report items to the designated sheets in an Excel workbook.&lt;/td>
&lt;td align="left">Yes (specified at design time)&lt;/td>
&lt;td align="left">Yes (specified at design time)&lt;/td>
&lt;td align="left">No&lt;/td>
&lt;/tr>
&lt;/tbody>
&lt;/table>
&lt;/div>
&lt;h4 id="unsupported-features">Unsupported Features&lt;/h4>
&lt;p>The following features are not supported:&lt;/p>
&lt;ul>
&lt;li>Sub-Reports in tables.&lt;/li>
&lt;li>Tables within tables.&lt;/li>
&lt;/ul></description></item><item><title>Reportingservices: Licensing</title><link>https://docs2.aspose.com/cells/reportingservices/gettingstarted/licensing/</link><pubDate>Mon, 01 Jan 0001 00:00:00 +0000</pubDate><guid>https://docs2.aspose.com/cells/reportingservices/gettingstarted/licensing/</guid><description>
&lt;p>Aspose.Cells for Reporting Services : Licensing&lt;/p>
&lt;h1 id="asposecells-for-reporting-services--licensing">Aspose.Cells for Reporting Services : Licensing&lt;/h1>
&lt;p>Aspose.Cells for Reporting Services is available as a free, time unlimited evaluation from the &lt;a href="https://downloads.aspose.com/cells/reportingservices">Download Page&lt;/a>. The evaluation and licensed versions of the product are the same.&lt;/p>
&lt;p>When you are happy with the evaluation version, buy a license. Make sure you understand and agree to the subscription terms and conditions.&lt;/p>
&lt;h3 id="getting-and-using-the-license">Getting and Using the License&lt;/h3>
&lt;p>The license will be available for download from the order page when the order is paid.&lt;/p>
&lt;p>The license file is a clear text, digitally signed XML file. The license file contains information such as the client name, the purchased product and the license type. Do not modify the content of the license file as doing so invalidates it.&lt;/p>
&lt;p>Download the license to your computer and copy it to the folder which must be one of the following folders.&lt;/p>
&lt;ul>
&lt;li>$[Installation Folder]\License\&lt;/li>
&lt;li>$[MSSQL Server Reporting Services]\ReportServer\Bin\&lt;/li>
&lt;li>$[MSSQL Server Reporting Services]\ReportServer\&lt;/li>
&lt;/ul>
&lt;p>The name of the license file can be one of the following based on your subscription type:&lt;/p>
&lt;ul>
&lt;li>Aspose.Cells.Reporting.Services.lic&lt;/li>
&lt;li>Aspose.Total.ReportingServices.lic&lt;/li>
&lt;li>Aspose.Custom.lic&amp;rdquo;, &amp;ldquo;Aspose.Total.lic&lt;/li>
&lt;li>Aspose.Cells.Reporting.Services - Developer Site Subscription.lic&lt;/li>
&lt;li>Aspose.Cells.Reporting.Services - Developer Subscription.lic&lt;/li>
&lt;li>Aspose.Cells.Reporting.Services - Multiple Deployment Subscription.lic&lt;/li>
&lt;li>Aspose.Cells.Reporting.Services - Single Server Deployment Subscription.lic&lt;/li>
&lt;/ul>
&lt;p>To test the license file was installed correctly, export any report as a Microsoft Excel workbook. If the workbook contains no watermark worksheet at the end, the license file was activated successfully.&lt;/p>
&lt;p>Aspose.Cells for Reporting Services injects an evaluation watermark worksheet when working in the evaluation mode. When a valid license file, for example when &lt;strong>Aspose.Cells.ReportingServices.lic&lt;/strong> is in the $[Installation Folder]\License\ folder, there is no evaluation watermark worksheet.&lt;/p>
&lt;p>&lt;strong>A file created in evaluation mode. Note the second worksheet.&lt;/strong>&lt;br>
&lt;img src="https://docs2.aspose.com/cells/reportingservices/attachments/6094906/6193562.png" alt="">&lt;/p>
&lt;p>&lt;strong>A file created with a full license&lt;/strong>&lt;br>
&lt;img src="https://docs2.aspose.com/cells/reportingservices/attachments/6094906/6193563.png" alt="">&lt;/p>
&lt;p>If there is any problem with the license file, the error message will be produced into the generated report.&lt;/p>
&lt;p>&lt;strong>Error message indicating licensing issue&lt;/strong>&lt;br>
&lt;img src="https://docs2.aspose.com/cells/reportingservices/attachments/6094906/6193561.png" alt="">&lt;/p>
&lt;h2 id="attachments">Attachments:&lt;/h2>
&lt;p>&lt;img src="https://docs2.aspose.com/cells/reportingservices/images/icons/bullet_blue.gif" alt=""> &lt;a href="https://docs2.aspose.com/cells/reportingservices/attachments/6094906/6193563.png">Licensing-001.png&lt;/a> (image/png)&lt;br>
&lt;img src="https://docs2.aspose.com/cells/reportingservices/images/icons/bullet_blue.gif" alt=""> &lt;a href="https://docs2.aspose.com/cells/reportingservices/attachments/6094906/6193562.png">Licensing-002.png&lt;/a> (image/png)&lt;br>
&lt;img src="https://docs2.aspose.com/cells/reportingservices/images/icons/bullet_blue.gif" alt=""> &lt;a href="https://docs2.aspose.com/cells/reportingservices/attachments/6094906/6193561.png">Licensing-003.png&lt;/a> (image/png)&lt;/p></description></item><item><title>Reportingservices: Evaluate Aspose.Cells</title><link>https://docs2.aspose.com/cells/reportingservices/gettingstarted/evaluate+aspose.cells/</link><pubDate>Mon, 01 Jan 0001 00:00:00 +0000</pubDate><guid>https://docs2.aspose.com/cells/reportingservices/gettingstarted/evaluate+aspose.cells/</guid><description>
&lt;p>Aspose.Cells for Reporting Services : Evaluate Aspose.Cells&lt;/p>
&lt;h1 id="asposecells-for-reporting-services--evaluate-asposecells">Aspose.Cells for Reporting Services : Evaluate Aspose.Cells&lt;/h1>
&lt;p>You can easily download Aspose.Cells for Reporting Services for evaluation from the &lt;a href="http://www.aspose.com/community/files/52/ssrs-rendering-extensions/aspose.cells-for-reporting-services/default.aspx">download page&lt;/a>. The evaluation download is same as the purchased download. The evaluation version simply becomes licensed after &lt;a href="https://docs2.aspose.com/cells/reportingservices/gettingstarted/licensing">applying a license&lt;/a>.&lt;/p>
&lt;p>Evaluation version of Aspose.Cells for Reporting Services (without a license specified) provides product functionality to some extent not complete though. One limitation is that it always injects an extra worksheet with evaluation watermark on open / save any spreadsheet document.&lt;/p>
&lt;p>&lt;img src="https://docs2.aspose.com/cells/reportingservices/attachments/6094907/6193540.png" alt="">&lt;/p>
&lt;p>&lt;strong>Figure:&lt;/strong> Demo Spreadsheet created by Aspose.Cells component&lt;/p>
&lt;p>It will inject an extra evaluation watermark worksheet to the workbook.&lt;/p>
&lt;p>&lt;img src="https://docs2.aspose.com/cells/reportingservices/attachments/6094907/6193541.png" alt="">&lt;/p>
&lt;p>&lt;strong>Figure:&lt;/strong> Evaluation Warning – An Extra Worksheet&lt;/p>
&lt;p>If you want to test Aspose.Cells for Reporting Services without evaluation version limitations, you may &lt;a href="http://www.aspose.com/corporate/purchase/faqs/temporary-license.aspx">request a 30-day temporary license&lt;/a> .&lt;/p>
&lt;h2 id="attachments">Attachments:&lt;/h2>
&lt;p>&lt;img src="https://docs2.aspose.com/cells/reportingservices/images/icons/bullet_blue.gif" alt=""> &lt;a href="https://docs2.aspose.com/cells/reportingservices/attachments/6094907/6193540.png">Evaluate Aspose.Cells-001.png&lt;/a> (image/png)&lt;br>
&lt;img src="https://docs2.aspose.com/cells/reportingservices/images/icons/bullet_blue.gif" alt=""> &lt;a href="https://docs2.aspose.com/cells/reportingservices/attachments/6094907/6193541.png">Evaluate Aspose.Cells-002.png&lt;/a> (image/png)&lt;/p></description></item></channel></rss>