<rss version="2.0" xmlns:atom="http://www.w3.org/2005/Atom"><channel><title>Documentation – Release Notes - 2019</title><link>https://docs2.aspose.com/cells/cpp/releasenotes/2019/</link><description>Recent content in Release Notes - 2019 on Documentation</description><generator>Hugo -- gohugo.io</generator><atom:link href="https://docs2.aspose.com/cells/cpp/releasenotes/2019/index.xml" rel="self" type="application/rss+xml"/><item><title>Cpp: Aspose.Cells for CPP 19.11 Release Notes</title><link>https://docs2.aspose.com/cells/cpp/releasenotes/2019/aspose.cells+for+cpp+19.11+release+notes/</link><pubDate>Mon, 01 Jan 0001 00:00:00 +0000</pubDate><guid>https://docs2.aspose.com/cells/cpp/releasenotes/2019/aspose.cells+for+cpp+19.11+release+notes/</guid><description>
&lt;p>Aspose.Cells for C++ : Aspose.Cells for CPP 19.11 Release Notes&lt;/p>
&lt;h1 id="asposecells-for-c--asposecells-for-cpp-1911-release-notes">Aspose.Cells for C++ : Aspose.Cells for CPP 19.11 Release Notes&lt;/h1>
&lt;p>This page contains release notes for Aspose.Cells for C++ 19.11.&lt;/p>
&lt;div class="table table-striped" role="alert">
&lt;table>
&lt;thead>
&lt;tr>
&lt;th align="left">Key&lt;/th>
&lt;th align="left">Summary&lt;/th>
&lt;th align="left">Category&lt;/th>
&lt;/tr>
&lt;/thead>
&lt;tbody>
&lt;tr>
&lt;td align="left">CELLSCPP-218&lt;/td>
&lt;td align="left">Support for adding some sort of Callback event/mechanism that notifies the progress of conversion (e.g Excel to PDF)&lt;/td>
&lt;td align="left">New Feature&lt;/td>
&lt;/tr>
&lt;tr>
&lt;td align="left">CELLSCPP-220&lt;/td>
&lt;td align="left">Fix x64 debug mode crush while integrating other C++ products&lt;/td>
&lt;td align="left">New Feature&lt;/td>
&lt;/tr>
&lt;/tbody>
&lt;/table>
&lt;/div>
&lt;h3 id="public-api-and-backwards-incompatible-changes">Public API and Backwards Incompatible Changes&lt;/h3>
&lt;p>The following is a list of any changes made to the public API such as added, renamed, removed or deprecated members as well as any non-backward compatible change made to Aspose.Cells for C++. If you have concerns about any change listed, please raise it on the Aspose.Cells support forum.&lt;/p>
&lt;p>Add IPdfSaveOptions::SetIPageSavingCallback&lt;br>
Add IPdfSaveOptions::GetIPageSavingCallback&lt;br>
Add PageSavingArgs::GetPageIndex&lt;br>
Add PageSavingArgs::GetPageCount&lt;br>
Add PageStartSavingArgs::SetToOutput&lt;br>
Add PageStartSavingArgs::IsToOutput&lt;br>
Add PageEndSavingArgs::HasMorePages&lt;br>
Add PageEndSavingArgs::SetHasMorePages&lt;/p></description></item><item><title>Cpp: Aspose.Cells for CPP 19.10 Release Notes</title><link>https://docs2.aspose.com/cells/cpp/releasenotes/2019/aspose.cells+for+cpp+19.10+release+notes/</link><pubDate>Mon, 01 Jan 0001 00:00:00 +0000</pubDate><guid>https://docs2.aspose.com/cells/cpp/releasenotes/2019/aspose.cells+for+cpp+19.10+release+notes/</guid><description>
&lt;p>Aspose.Cells for C++ : Aspose.Cells for CPP 19.10 Release Notes&lt;/p>
&lt;h1 id="asposecells-for-c--asposecells-for-cpp-1910-release-notes">Aspose.Cells for C++ : Aspose.Cells for CPP 19.10 Release Notes&lt;/h1>
&lt;p>This page contains release notes for Aspose.Cells for CPP 19.10.&lt;/p>
&lt;div class="table table-striped" role="alert">
&lt;table>
&lt;thead>
&lt;tr>
&lt;th align="left">Key&lt;/th>
&lt;th align="left">Summary&lt;/th>
&lt;th align="left">Category&lt;/th>
&lt;/tr>
&lt;/thead>
&lt;tbody>
&lt;tr>
&lt;td align="left">CELLSCPP-215&lt;/td>
&lt;td align="left">Fix clashes issue&lt;/td>
&lt;td align="left">New Feature&lt;/td>
&lt;/tr>
&lt;tr>
&lt;td align="left">CELLSCPP-216&lt;/td>
&lt;td align="left">Support independent package release&lt;/td>
&lt;td align="left">New Feature&lt;/td>
&lt;/tr>
&lt;/tbody>
&lt;/table>
&lt;/div>
&lt;h3 id="public-api-and-backwards-incompatible-changes">Public API and Backwards Incompatible Changes&lt;/h3>
&lt;p>The following is a list of any changes made to the public API such as added, renamed, removed or deprecated members as well as any non-backward compatible change made to Aspose.Cells for C++. If you have concerns about any change listed, please raise it on the Aspose.Cells support forum.&lt;/p>
&lt;p>Renamed namespace &amp;lsquo;System&amp;rsquo; to &amp;lsquo;Systems&amp;rsquo; to avoid collisions with other C++ production in a single project&lt;/p></description></item><item><title>Cpp: Aspose.Cells for CPP 19.8 Release Notes</title><link>https://docs2.aspose.com/cells/cpp/releasenotes/2019/aspose.cells+for+cpp+19.8+release+notes/</link><pubDate>Mon, 01 Jan 0001 00:00:00 +0000</pubDate><guid>https://docs2.aspose.com/cells/cpp/releasenotes/2019/aspose.cells+for+cpp+19.8+release+notes/</guid><description>
&lt;p>Aspose.Cells for C++ : Aspose.Cells for CPP 19.8 Release Notes&lt;/p>
&lt;h1 id="asposecells-for-c--asposecells-for-cpp-198-release-notes">Aspose.Cells for C++ : Aspose.Cells for CPP 19.8 Release Notes&lt;/h1>
&lt;p>This page contains release notes for Aspose.Cells for CPP 19.8.&lt;/p>
&lt;div class="table table-striped" role="alert">
&lt;table>
&lt;thead>
&lt;tr>
&lt;th align="left">Key&lt;/th>
&lt;th align="left">Summary&lt;/th>
&lt;th align="left">Category&lt;/th>
&lt;/tr>
&lt;/thead>
&lt;tbody>
&lt;tr>
&lt;td align="left">CELLSCPP-213&lt;/td>
&lt;td align="left">Fix out-of-bounds read issue&lt;/td>
&lt;td align="left">Bug&lt;/td>
&lt;/tr>
&lt;/tbody>
&lt;/table>
&lt;/div>
&lt;h3 id="public-api-and-backwards-incompatible-changes">Public API and Backwards Incompatible Changes&lt;/h3>
&lt;p>The following is a list of any changes made to the public API such as added, renamed, removed or deprecated members as well as any non-backward compatible change made to Aspose.Cells for C++. If you have concerns about any change listed, please raise it on the Aspose.Cells support forum.&lt;/p>
&lt;p>No API changes in this version&lt;/p></description></item><item><title>Cpp: Aspose.Cells for CPP 19.4 Release Notes</title><link>https://docs2.aspose.com/cells/cpp/releasenotes/2019/aspose.cells+for+cpp+19.4+release+notes/</link><pubDate>Mon, 01 Jan 0001 00:00:00 +0000</pubDate><guid>https://docs2.aspose.com/cells/cpp/releasenotes/2019/aspose.cells+for+cpp+19.4+release+notes/</guid><description>
&lt;p>Aspose.Cells for C++ : Aspose.Cells for CPP 19.4 Release Notes&lt;/p>
&lt;h1 id="asposecells-for-c--asposecells-for-cpp-194-release-notes">Aspose.Cells for C++ : Aspose.Cells for CPP 19.4 Release Notes&lt;/h1>
&lt;p>This page contains release notes for Aspose.Cells for CPP 19.4.&lt;/p>
&lt;div class="table table-striped" role="alert">
&lt;table>
&lt;thead>
&lt;tr>
&lt;th align="left">Key&lt;/th>
&lt;th align="left">Summary&lt;/th>
&lt;th align="left">Category&lt;/th>
&lt;/tr>
&lt;/thead>
&lt;tbody>
&lt;tr>
&lt;td align="left">CELLSCPP-209&lt;/td>
&lt;td align="left">Support 64bits(x64) lib in nuget in debug mode&lt;/td>
&lt;td align="left">New Feature&lt;/td>
&lt;/tr>
&lt;tr>
&lt;td align="left">CELLSCPP-210&lt;/td>
&lt;td align="left">Exception while calling CalculateFormula()&lt;/td>
&lt;td align="left">Bug&lt;/td>
&lt;/tr>
&lt;/tbody>
&lt;/table>
&lt;/div>
&lt;h3 id="public-api-and-backwards-incompatible-changes">Public API and Backwards Incompatible Changes&lt;/h3>
&lt;p>The following is a list of any changes made to the public API such as added, renamed, removed or deprecated members as well as any non-backward compatible change made to Aspose.Cells for C++. If you have concerns about any change listed, please raise it on the Aspose.Cells support forum.&lt;/p>
&lt;p>No API changes in this version&lt;/p></description></item><item><title>Cpp: Aspose.Cells for CPP 19.3 Release Notes</title><link>https://docs2.aspose.com/cells/cpp/releasenotes/2019/aspose.cells+for+cpp+19.3+release+notes/</link><pubDate>Mon, 01 Jan 0001 00:00:00 +0000</pubDate><guid>https://docs2.aspose.com/cells/cpp/releasenotes/2019/aspose.cells+for+cpp+19.3+release+notes/</guid><description>
&lt;p>Aspose.Cells for C++ : Aspose.Cells for CPP 19.3 Release Notes&lt;/p>
&lt;h1 id="asposecells-for-c--asposecells-for-cpp-193-release-notes">Aspose.Cells for C++ : Aspose.Cells for CPP 19.3 Release Notes&lt;/h1>
&lt;p>This page contains release notes for Aspose.Cells for CPP 19.3.&lt;/p>
&lt;div class="table table-striped" role="alert">
&lt;table>
&lt;thead>
&lt;tr>
&lt;th align="left">Key&lt;/th>
&lt;th align="left">Summary&lt;/th>
&lt;th align="left">Category&lt;/th>
&lt;/tr>
&lt;/thead>
&lt;tbody>
&lt;tr>
&lt;td align="left">CELLSCPP-208&lt;/td>
&lt;td align="left">Add 64-bit (x64) library to NuGet package&lt;/td>
&lt;td align="left">New Feature&lt;/td>
&lt;/tr>
&lt;/tbody>
&lt;/table>
&lt;/div>
&lt;h3 id="public-api-and-backwards-incompatible-changes">Public API and Backwards Incompatible Changes&lt;/h3>
&lt;p>The following is a list of any changes made to the public API such as added, renamed, removed or deprecated members as well as any non-backward compatible change made to Aspose.Cells for C++. If you have concerns about any change listed, please raise it on the Aspose.Cells support forum.&lt;/p>
&lt;p>No API changes in this version&lt;/p></description></item><item><title>Cpp: Aspose.Cells for CPP 19.1 Release Notes</title><link>https://docs2.aspose.com/cells/cpp/releasenotes/2019/aspose.cells+for+cpp+19.1+release+notes/</link><pubDate>Mon, 01 Jan 0001 00:00:00 +0000</pubDate><guid>https://docs2.aspose.com/cells/cpp/releasenotes/2019/aspose.cells+for+cpp+19.1+release+notes/</guid><description>
&lt;p>Aspose.Cells for C++ : Aspose.Cells for CPP 19.1 Release Notes&lt;/p>
&lt;h1 id="asposecells-for-c--asposecells-for-cpp-191-release-notes">Aspose.Cells for C++ : Aspose.Cells for CPP 19.1 Release Notes&lt;/h1>
&lt;p>This page contains release notes for Aspose.Cells for CPP 19.1.&lt;/p>
&lt;div class="table table-striped" role="alert">
&lt;table>
&lt;thead>
&lt;tr>
&lt;th align="left">Key&lt;/th>
&lt;th align="left">Summary&lt;/th>
&lt;th align="left">Category&lt;/th>
&lt;/tr>
&lt;/thead>
&lt;tbody>
&lt;tr>
&lt;td align="left">CELLSCPP-187&lt;/td>
&lt;td align="left">Save shape to image format&lt;/td>
&lt;td align="left">New Feature&lt;/td>
&lt;/tr>
&lt;tr>
&lt;td align="left">CELLSCPP-178&lt;/td>
&lt;td align="left">Support TSV format which is also known as TabDelimited format&lt;/td>
&lt;td align="left">Improvement&lt;/td>
&lt;/tr>
&lt;tr>
&lt;td align="left">CELLSCPP-123&lt;/td>
&lt;td align="left">Issue with strong &amp;amp; weak reference in Shape type&lt;/td>
&lt;td align="left">Bug&lt;/td>
&lt;/tr>
&lt;tr>
&lt;td align="left">CELLSCPP-124&lt;/td>
&lt;td align="left">Remove cycle reference for Shape 2007&lt;/td>
&lt;td align="left">Bug&lt;/td>
&lt;/tr>
&lt;tr>
&lt;td align="left">CELLSCPP-184&lt;/td>
&lt;td align="left">Issue with static member variable translation&lt;/td>
&lt;td align="left">Bug&lt;/td>
&lt;/tr>
&lt;/tbody>
&lt;/table>
&lt;/div>
&lt;h3 id="public-api-and-backwards-incompatible-changes">Public API and Backwards Incompatible Changes&lt;/h3>
&lt;p>The following is a list of any changes made to the public API such as added, renamed, removed or deprecated members as well as any non-backward compatible change made to Aspose.Cells for C++. If you have concerns about any change listed, please raise it on the Aspose.Cells support forum.&lt;/p>
&lt;p>No API changes in this version&lt;/p></description></item></channel></rss>