<rss version="2.0" xmlns:atom="http://www.w3.org/2005/Atom"><channel><title>Documentation – Filling a .jasper File with Editable Chart Support</title><link>https://docs2.aspose.com/cells/jasperreports/userguide/filling+a+.jasper+file+with+editable+chart+support/</link><description>Recent content in Filling a .jasper File with Editable Chart Support on Documentation</description><generator>Hugo -- gohugo.io</generator><atom:link href="https://docs2.aspose.com/cells/jasperreports/userguide/filling+a+.jasper+file+with+editable+chart+support/index.xml" rel="self" type="application/rss+xml"/></channel></rss>