<rss version="2.0" xmlns:atom="http://www.w3.org/2005/Atom"><channel><title>Documentation – Developer Guide</title><link>https://docs2.aspose.com/cells/cpp/developerguide/</link><description>Recent content in Developer Guide on Documentation</description><generator>Hugo -- gohugo.io</generator><atom:link href="https://docs2.aspose.com/cells/cpp/developerguide/index.xml" rel="self" type="application/rss+xml"/><item><title>Cpp: Loading Saving and Converting</title><link>https://docs2.aspose.com/cells/cpp/developerguide/ld-sv-cvt/</link><pubDate>Mon, 01 Jan 0001 00:00:00 +0000</pubDate><guid>https://docs2.aspose.com/cells/cpp/developerguide/ld-sv-cvt/</guid><description>
&lt;p>Aspose.Cells for C++ : Loading, Saving and Converting&lt;/p>
&lt;h1 id="asposecells-for-c--loading-saving-and-converting">Aspose.Cells for C++ : Loading, Saving and Converting&lt;/h1>
&lt;h3 id="articles-in-this-section">Articles in this section&lt;/h3></description></item><item><title>Cpp: Rows and Columns</title><link>https://docs2.aspose.com/cells/cpp/developerguide/rowsandcolumns/</link><pubDate>Mon, 01 Jan 0001 00:00:00 +0000</pubDate><guid>https://docs2.aspose.com/cells/cpp/developerguide/rowsandcolumns/</guid><description>
&lt;p>Aspose.Cells for C++ : Rows and Columns&lt;/p>
&lt;h1 id="asposecells-for-c--rows-and-columns">Aspose.Cells for C++ : Rows and Columns&lt;/h1>
&lt;h3 id="articles-in-this-section">Articles in this section&lt;/h3></description></item><item><title>Cpp: Data</title><link>https://docs2.aspose.com/cells/cpp/developerguide/data/</link><pubDate>Mon, 01 Jan 0001 00:00:00 +0000</pubDate><guid>https://docs2.aspose.com/cells/cpp/developerguide/data/</guid><description>
&lt;p>Aspose.Cells for C++ : Data&lt;/p>
&lt;h1 id="asposecells-for-c--data">Aspose.Cells for C++ : Data&lt;/h1>
&lt;h3 id="articles-in-this-section">Articles in this section&lt;/h3></description></item><item><title>Cpp: Formulas</title><link>https://docs2.aspose.com/cells/cpp/developerguide/formulas/</link><pubDate>Mon, 01 Jan 0001 00:00:00 +0000</pubDate><guid>https://docs2.aspose.com/cells/cpp/developerguide/formulas/</guid><description>
&lt;p>Aspose.Cells for C++ : Formulas&lt;/p>
&lt;h1 id="asposecells-for-c--formulas">Aspose.Cells for C++ : Formulas&lt;/h1>
&lt;h3 id="articles-in-this-section">Articles in this section&lt;/h3></description></item><item><title>Cpp: Pivot Tables</title><link>https://docs2.aspose.com/cells/cpp/developerguide/pivottables/</link><pubDate>Mon, 01 Jan 0001 00:00:00 +0000</pubDate><guid>https://docs2.aspose.com/cells/cpp/developerguide/pivottables/</guid><description>
&lt;p>Aspose.Cells for C++ : Pivot Tables&lt;/p>
&lt;h1 id="asposecells-for-c--pivot-tables">Aspose.Cells for C++ : Pivot Tables&lt;/h1>
&lt;h3 id="pivot-tables">Pivot Tables&lt;/h3>
&lt;p>        &lt;a href="https://docs2.aspose.com/cells/cpp/developerguide/pivottables/create+pivot+table">&lt;strong>Create Pivot Table&lt;/strong>&lt;/a> &lt;br>
        &lt;a href="https://docs2.aspose.com/cells/cpp/developerguide/pivottables/manipulate+pivot+table">&lt;strong>Manipulate Pivot Table&lt;/strong>&lt;/a>&lt;/p>
&lt;p>&lt;a href="#">Expand all&lt;/a>   &lt;a href="#">Collapse all&lt;/a>&lt;/p></description></item><item><title>Cpp: Worksheets</title><link>https://docs2.aspose.com/cells/cpp/developerguide/worksheets/</link><pubDate>Mon, 01 Jan 0001 00:00:00 +0000</pubDate><guid>https://docs2.aspose.com/cells/cpp/developerguide/worksheets/</guid><description>
&lt;p>Aspose.Cells for C++ : Worksheets&lt;/p>
&lt;h1 id="asposecells-for-c--worksheets">Aspose.Cells for C++ : Worksheets&lt;/h1>
&lt;h3 id="articles-in-this-section">Articles in this section&lt;/h3></description></item><item><title>Cpp: Tables</title><link>https://docs2.aspose.com/cells/cpp/developerguide/tables/</link><pubDate>Mon, 01 Jan 0001 00:00:00 +0000</pubDate><guid>https://docs2.aspose.com/cells/cpp/developerguide/tables/</guid><description>
&lt;p>Aspose.Cells for C++ : Tables&lt;/p>
&lt;h1 id="asposecells-for-c--tables">Aspose.Cells for C++ : Tables&lt;/h1>
&lt;h3 id="articles-in-this-section">Articles in this section&lt;/h3></description></item><item><title>Cpp: Cells Helper</title><link>https://docs2.aspose.com/cells/cpp/developerguide/helper/</link><pubDate>Mon, 01 Jan 0001 00:00:00 +0000</pubDate><guid>https://docs2.aspose.com/cells/cpp/developerguide/helper/</guid><description>
&lt;p>Aspose.Cells for C++ : Cells Helper&lt;/p>
&lt;h1 id="asposecells-for-c--cells-helper">Aspose.Cells for C++ : Cells Helper&lt;/h1>
&lt;h3 id="articles-in-this-section">Articles in this section&lt;/h3></description></item><item><title>Cpp: Technical Articles</title><link>https://docs2.aspose.com/cells/cpp/developerguide/technicalarticles/</link><pubDate>Mon, 01 Jan 0001 00:00:00 +0000</pubDate><guid>https://docs2.aspose.com/cells/cpp/developerguide/technicalarticles/</guid><description>
&lt;p>Aspose.Cells for C++ : Technical Articles&lt;/p>
&lt;h1 id="asposecells-for-c--technical-articles">Aspose.Cells for C++ : Technical Articles&lt;/h1>
&lt;h3 id="technical-articles">Technical Articles&lt;/h3>
&lt;p>        &lt;a href="https://docs2.aspose.com/cells/cpp/developerguide/technicalarticles/apply+custom+theme+colors+of+the+workbook+using+array+of+colors">&lt;strong>Apply Custom Theme Colors of the Workbook using Array of Colors&lt;/strong>&lt;/a> &lt;br>
        &lt;a href="https://docs2.aspose.com/cells/cpp/developerguide/technicalarticles/copy+theme+from+one+workbook+to+another">&lt;strong>Copy Theme from one Workbook to Another&lt;/strong>&lt;/a> &lt;br>
        &lt;a href="https://docs2.aspose.com/cells/cpp/developerguide/technicalarticles/create+and+manipulate+excel+table">&lt;strong>Create and Manipulate Excel Table&lt;/strong>&lt;/a> &lt;br>
        &lt;a href="https://docs2.aspose.com/cells/cpp/developerguide/technicalarticles/group+rows+and+columns+of+worksheet">&lt;strong>Group Rows and Columns of Worksheet&lt;/strong>&lt;/a>&lt;/p>
&lt;p>&lt;a href="#">Expand all&lt;/a>   &lt;a href="#">Collapse all&lt;/a>&lt;/p></description></item><item><title>Cpp: Migrating from Earlier Versions of Aspose.Cells</title><link>https://docs2.aspose.com/cells/cpp/developerguide/migratingfromearliervs/</link><pubDate>Mon, 01 Jan 0001 00:00:00 +0000</pubDate><guid>https://docs2.aspose.com/cells/cpp/developerguide/migratingfromearliervs/</guid><description>
&lt;p>Aspose.Cells for C++ : Migrating from Earlier Versions of Aspose.Cells&lt;/p>
&lt;h1 id="asposecells-for-c--migrating-from-earlier-versions-of-asposecells">Aspose.Cells for C++ : Migrating from Earlier Versions of Aspose.Cells&lt;/h1>
&lt;h3 id="migrating-from-earlier-versions-of-asposecells">Migrating from Earlier Versions of Aspose.Cells&lt;/h3>
&lt;p>        &lt;a href="https://docs2.aspose.com/cells/cpp/developerguide/migratingfromearliervs/public+api+changes+in+aspose.cells+16.12.0">&lt;strong>Public API Changes in Aspose.Cells 16.12.0&lt;/strong>&lt;/a> &lt;br>
        &lt;a href="https://docs2.aspose.com/cells/cpp/developerguide/migratingfromearliervs/public+api+changes+in+aspose.cells+17.1.0">&lt;strong>Public API Changes in Aspose.Cells 17.1.0&lt;/strong>&lt;/a>&lt;/p>
&lt;p>&lt;a href="#">Expand all&lt;/a>   &lt;a href="#">Collapse all&lt;/a>&lt;/p></description></item><item><title>Cpp: Charts</title><link>https://docs2.aspose.com/cells/cpp/developerguide/charts/</link><pubDate>Mon, 01 Jan 0001 00:00:00 +0000</pubDate><guid>https://docs2.aspose.com/cells/cpp/developerguide/charts/</guid><description>
&lt;p>Aspose.Cells for C++ : Charts&lt;/p>
&lt;h1 id="asposecells-for-c--charts">Aspose.Cells for C++ : Charts&lt;/h1>
&lt;h3 id="articles-in-this-section">Articles in this section&lt;/h3>
&lt;p> &lt;/p></description></item><item><title>Cpp: Drawing Objects</title><link>https://docs2.aspose.com/cells/cpp/developerguide/drawingobjects/</link><pubDate>Mon, 01 Jan 0001 00:00:00 +0000</pubDate><guid>https://docs2.aspose.com/cells/cpp/developerguide/drawingobjects/</guid><description>
&lt;p>Aspose.Cells for C++ : Drawing Objects&lt;/p>
&lt;h1 id="asposecells-for-c--drawing-objects">Aspose.Cells for C++ : Drawing Objects&lt;/h1>
&lt;h3 id="articles-in-this-section">Articles in this section&lt;/h3>
&lt;p> &lt;/p></description></item></channel></rss>