<rss version="2.0" xmlns:atom="http://www.w3.org/2005/Atom"><channel><title>Documentation – Ways to Calculate Formulas</title><link>https://docs2.aspose.com/cells/cpp/developerguide/formulas/ways+to+calculate+formulas/</link><description>Recent content in Ways to Calculate Formulas on Documentation</description><generator>Hugo -- gohugo.io</generator><atom:link href="https://docs2.aspose.com/cells/cpp/developerguide/formulas/ways+to+calculate+formulas/index.xml" rel="self" type="application/rss+xml"/></channel></rss>