<rss version="2.0" xmlns:atom="http://www.w3.org/2005/Atom"><channel><title>Documentation – Formulas</title><link>https://docs2.aspose.com/cells/cpp/developerguide/formulas/</link><description>Recent content in Formulas on Documentation</description><generator>Hugo -- gohugo.io</generator><atom:link href="https://docs2.aspose.com/cells/cpp/developerguide/formulas/index.xml" rel="self" type="application/rss+xml"/><item><title>Cpp: Calculate Workbook Formulas</title><link>https://docs2.aspose.com/cells/cpp/developerguide/formulas/calculate+workbook+formulas/</link><pubDate>Mon, 01 Jan 0001 00:00:00 +0000</pubDate><guid>https://docs2.aspose.com/cells/cpp/developerguide/formulas/calculate+workbook+formulas/</guid><description>
&lt;p>Aspose.Cells for C++ : Calculate Workbook Formulas&lt;/p>
&lt;h1 id="asposecells-for-c--calculate-workbook-formulas">Aspose.Cells for C++ : Calculate Workbook Formulas&lt;/h1>
&lt;p>
&lt;div class="card my-3 border-top-0 border-right-0 border-bottom-0 border-left border-primary rounded" style="border-width:4px !important;">
&lt;div class="wrap border border-left-0 rounded">
&lt;div class="card-header border-0 bg-white pl-3 text-primary">
&lt;h3>Contents Summary&lt;/h3>
&lt;/div>
&lt;div class="card-body pt-1">
&lt;ul>
&lt;li>1 &lt;a href="#calculate-workbook-formulas">Calculate Workbook Formulas&lt;/a>&lt;/li>
&lt;li>2 &lt;a href="#sample-code">Sample Code&lt;/a>&lt;/li>
&lt;li>3 &lt;a href="#console-output">Console Output&lt;/a>&lt;/li>
&lt;/ul>
&lt;/div>
&lt;/div>
&lt;/div>
 &lt;/p>
&lt;p> &lt;/p>
&lt;h2 id="calculate-workbook-formulas">Calculate Workbook Formulas&lt;/h2>
&lt;p>Please use &lt;a href="https://apireference.aspose.com/cpp/cells/class/aspose.cells.i_workbook/#a990a5da177b7c3f1ed7b7c3592e6e038">IWorkbook-&amp;gt;CalculateFormula()&lt;/a> method to calculate the formulas of your workbook. The following sample code explains the usage of this method.&lt;/p>
&lt;h2 id="sample-code">Sample Code&lt;/h2>
&lt;h2 id="console-output">Console Output&lt;/h2>
&lt;p>This is the console output of the above sample code.&lt;/p>
&lt;div class="position-relative">
&lt;div class="position-absolute" style="right:0;">
&lt;button class="btn btn-light" data-clipboard-target="#clipboard_2be8104dce">
Copy
&lt;/button>
&lt;/div>
&lt;div id="clipboard_2be8104dce">
&lt;div class="highlight">&lt;pre style="background-color:#f8f8f8;-moz-tab-size:4;-o-tab-size:4;tab-size:4">&lt;code class="language-cs" data-lang="cs">
&lt;span style="color:#000">Calculated&lt;/span> &lt;span style="color:#000">Value&lt;/span> &lt;span style="color:#000">of&lt;/span> &lt;span style="color:#000">Cell&lt;/span> &lt;span style="color:#000">A4&lt;/span>&lt;span style="color:#000;font-weight:bold">:&lt;/span> &lt;span style="color:#0000cf;font-weight:bold">45&lt;/span>
&lt;/code>&lt;/pre>&lt;/div>
&lt;/div>
&lt;/div></description></item><item><title>Cpp: Using ICustomFunction Feature</title><link>https://docs2.aspose.com/cells/cpp/developerguide/formulas/using+icustomfunction+feature/</link><pubDate>Mon, 01 Jan 0001 00:00:00 +0000</pubDate><guid>https://docs2.aspose.com/cells/cpp/developerguide/formulas/using+icustomfunction+feature/</guid><description>
&lt;p>Aspose.Cells for C++ : Using ICustomFunction Feature&lt;/p>
&lt;h1 id="asposecells-for-c--using-icustomfunction-feature">Aspose.Cells for C++ : Using ICustomFunction Feature&lt;/h1>
&lt;p>
&lt;div class="card my-3 border-top-0 border-right-0 border-bottom-0 border-left border-primary rounded" style="border-width:4px !important;">
&lt;div class="wrap border border-left-0 rounded">
&lt;div class="card-header border-0 bg-white pl-3 text-primary">
&lt;h3>Contents Summary&lt;/h3>
&lt;/div>
&lt;div class="card-body pt-1">
&lt;ul>
&lt;li>1 &lt;a href="#introduction">Introduction&lt;/a>&lt;/li>
&lt;li>2 &lt;a href="#using-icustomfunction-feature">Using ICustomFunction Feature&lt;/a>&lt;/li>
&lt;li>3 &lt;a href="#sample-code">Sample Code&lt;/a>&lt;/li>
&lt;li>4 &lt;a href="#console-output">Console Output&lt;/a>&lt;/li>
&lt;/ul>
&lt;/div>
&lt;/div>
&lt;/div>
 &lt;/p>
&lt;h2 id="introduction">Introduction&lt;/h2>
&lt;p>This article provides an understanding of how to use the &lt;code>ICustomFunction&lt;/code> feature to implement custom functions with Aspose.Cells APIs.&lt;/p>
&lt;p>The &lt;code>ICustomFunction&lt;/code> interface allows you to add custom formula calculation functions to extend the Aspose.Cells core calculation engine in order to meet certain requirements. This feature is useful to define custom (user defined) functions in a template file or in a code where the custom function can be implemented and evaluated using Aspose.Cells APIs like any other default Microsoft Excel function.&lt;/p>
&lt;h2 id="using-icustomfunction-feature">Using ICustomFunction Feature&lt;/h2>
&lt;p>The following sample code implements the &lt;code>ICustomFunction&lt;/code> interface which evaluates and returns the values of the two custom functions i.e. &lt;code>MySampleFunc()&lt;/code> and &lt;code>YourSampleFunc()&lt;/code>. These custom functions are inside the cells A1 and A2 respectively. Then it calls the &lt;code>IWorkbook.CalculateFormula(false, ICustomFunction)&lt;/code> method to invoke the implementation of &lt;code>ICustomFunction.CalculateCustomFunction()&lt;/code> method. Then, &lt;code>it prints the values of A1 and A2&lt;/code> on console which are actually the values returned by &lt;code>ICustomFunction.CalculateCustomFunction()&lt;/code>. Please see the &lt;code>Console Output&lt;/code> of the sample code below for more help.&lt;/p>
&lt;h2 id="sample-code">Sample Code&lt;/h2>
&lt;h2 id="console-output">Console Output&lt;/h2>
&lt;div class="position-relative">
&lt;div class="position-absolute" style="right:0;">
&lt;button class="btn btn-light" data-clipboard-target="#clipboard_48f7ffd2d3">
Copy
&lt;/button>
&lt;/div>
&lt;div id="clipboard_48f7ffd2d3">
&lt;div class="highlight">&lt;pre style="background-color:#f8f8f8;-moz-tab-size:4;-o-tab-size:4;tab-size:4">&lt;code class="language-cs" data-lang="cs">
&lt;span style="color:#000">Value&lt;/span> &lt;span style="color:#000">of&lt;/span> &lt;span style="color:#000">A1&lt;/span>&lt;span style="color:#000;font-weight:bold">:&lt;/span> &lt;span style="color:#000">MY&lt;/span> &lt;span style="color:#000">sample&lt;/span> &lt;span style="color:#000">function&lt;/span> &lt;span style="color:#000">was&lt;/span> &lt;span style="color:#000">called&lt;/span> &lt;span style="color:#000">successfully&lt;/span>&lt;span style="color:#000;font-weight:bold">.&lt;/span>
&lt;span style="color:#000">Value&lt;/span> &lt;span style="color:#000">of&lt;/span> &lt;span style="color:#000">A2&lt;/span>&lt;span style="color:#000;font-weight:bold">:&lt;/span> &lt;span style="color:#000">YOUR&lt;/span> &lt;span style="color:#000">sample&lt;/span> &lt;span style="color:#000">function&lt;/span> &lt;span style="color:#000">was&lt;/span> &lt;span style="color:#000">called&lt;/span> &lt;span style="color:#000">successfully&lt;/span>&lt;span style="color:#000;font-weight:bold">.&lt;/span>
&lt;/code>&lt;/pre>&lt;/div>
&lt;/div>
&lt;/div></description></item><item><title>Cpp: Ways to Calculate Formulas</title><link>https://docs2.aspose.com/cells/cpp/developerguide/formulas/ways+to+calculate+formulas/</link><pubDate>Mon, 01 Jan 0001 00:00:00 +0000</pubDate><guid>https://docs2.aspose.com/cells/cpp/developerguide/formulas/ways+to+calculate+formulas/</guid><description>
&lt;p>Aspose.Cells for C++ : Ways to Calculate Formulas&lt;/p>
&lt;h1 id="asposecells-for-c--ways-to-calculate-formulas">Aspose.Cells for C++ : Ways to Calculate Formulas&lt;/h1>
&lt;p>
&lt;div class="card my-3 border-top-0 border-right-0 border-bottom-0 border-left border-primary rounded" style="border-width:4px !important;">
&lt;div class="wrap border border-left-0 rounded">
&lt;div class="card-header border-0 bg-white pl-3 text-primary">
&lt;h3>Contents Summary&lt;/h3>
&lt;/div>
&lt;div class="card-body pt-1">
&lt;ul>
&lt;li>1 &lt;a href="#introduction">Introduction&lt;/a>&lt;/li>
&lt;li>2 &lt;a href="#adding-formulas-&amp;amp;-calculating-results">Adding Formulas &amp;amp; Calculating Results&lt;/a>&lt;/li>
&lt;li>3 &lt;a href="#direct-calculation-of-formula">Direct Calculation of Formula&lt;/a>&lt;/li>
&lt;li>4 &lt;a href="#calculating-formulas-once-only">Calculating Formulas Once Only&lt;/a>&lt;/li>
&lt;/ul>
&lt;/div>
&lt;/div>
&lt;/div>
 &lt;/p>
&lt;h2 id="introduction">Introduction&lt;/h2>
&lt;p>Aspose.Cells has an embedded formula calculation engine. It can not only re-calculate formulas imported from designer templates but also supports calculating the results of formulas added at runtime.&lt;/p>
&lt;h2 id="adding-formulas--calculating-results">Adding Formulas &amp;amp; Calculating Results&lt;/h2>
&lt;p>Aspose.Cells supports most of the formulas or functions that are the part of Microsoft Excel. they can be used through the API or using designer spreadsheets. Aspose.Cells supports a huge set of mathematical, string, boolean, date/time, statistical, lookup and reference formulas.&lt;/p>
&lt;p>Use the &lt;code>Cell.Formula&lt;/code> method to add a formula to a cell. When applying a formula to a cell, always begin the string with an equal sign &lt;code>(=)&lt;/code> as you do when creating a formula in Microsoft Excel. Use a comma &lt;code>(,)&lt;/code> to delimit function parameters.&lt;/p>
&lt;p>To calculate the results of formulas, call the &lt;code>Workbook.CalculateFormula()&lt;/code> method which processes all the formulas embedded in an Excel file. Please see the following sample code that adds the formula and calculates its results. Please check the &lt;a href="https://docs2.aspose.com/cells/cpp/attachments/37978115/38109185.xlsx">output excel file&lt;/a> generated with this code.&lt;/p>
&lt;p>&lt;strong>Sample Code&lt;/strong>&lt;/p>
&lt;h2 id="direct-calculation-of-formula">Direct Calculation of Formula&lt;/h2>
&lt;p>Sometimes, you need to calculate formula results directly without adding them into a worksheet. The values of the cells used in the formula already exist in a worksheet and all you need is to find the result of those values based on some Microsoft Excel formula without adding the formula in a worksheet.&lt;/p>
&lt;p>You can use &lt;code>Worksheet.CalculateFormula(String formula)&lt;/code> method to calculate the results of such formulas without adding them to worksheet.&lt;/p>
&lt;p>The code below produces the following output.&lt;/p>
&lt;div class="position-relative">
&lt;div class="position-absolute" style="right:0;">
&lt;button class="btn btn-light" data-clipboard-target="#clipboard_9f56210a97">
Copy
&lt;/button>
&lt;/div>
&lt;div id="clipboard_9f56210a97">
&lt;div class="highlight">&lt;pre style="background-color:#f8f8f8;-moz-tab-size:4;-o-tab-size:4;tab-size:4">&lt;code class="language-cs" data-lang="cs">
&lt;span style="color:#000">Value&lt;/span> &lt;span style="color:#000">of&lt;/span> &lt;span style="color:#000">A1&lt;/span>&lt;span style="color:#000;font-weight:bold">:&lt;/span> &lt;span style="color:#0000cf;font-weight:bold">20&lt;/span>
&lt;span style="color:#000">Value&lt;/span> &lt;span style="color:#000">of&lt;/span> &lt;span style="color:#000">A2&lt;/span>&lt;span style="color:#000;font-weight:bold">:&lt;/span> &lt;span style="color:#0000cf;font-weight:bold">30&lt;/span>
&lt;span style="color:#000">Result&lt;/span> &lt;span style="color:#000">of&lt;/span> &lt;span style="color:#000">Sum&lt;/span>&lt;span style="color:#000;font-weight:bold">(&lt;/span>&lt;span style="color:#000">A1&lt;/span>&lt;span style="color:#000;font-weight:bold">:&lt;/span>&lt;span style="color:#000">A2&lt;/span>&lt;span style="color:#000;font-weight:bold">):&lt;/span> &lt;span style="color:#0000cf;font-weight:bold">50&lt;/span>
&lt;/code>&lt;/pre>&lt;/div>
&lt;/div>
&lt;/div>
&lt;p>&lt;strong>Sample Code&lt;/strong>&lt;/p>
&lt;h2 id="calculating-formulas-once-only">Calculating Formulas Once Only&lt;/h2>
&lt;p>When &lt;code>Workbook.CalculateFormula()&lt;/code> is called to calculate the values of formulas in a workbook template, Aspose.Cells creates a calculating chain. It increases performance when formulas are calculated for the second or third time.&lt;/p>
&lt;p>However, if the template contains lots of formulas, the first time the formula is calculated can consume a lot of CPU processing time and memory.&lt;/p>
&lt;p>Aspose.Cells allows you to turn off creating a calculating chain which is useful when you want to calculate formulas only once.&lt;/p>
&lt;p>Please call &lt;code>Workbook.GetISettings().SetCreateCalcChain()&lt;/code> with false parameter. You can use the &lt;a href="https://docs2.aspose.com/cells/cpp/attachments/37978115/38109186.xlsx">provided excel file&lt;/a> to test this code.&lt;/p>
&lt;p>&lt;strong>Sample Code&lt;/strong>&lt;/p>
&lt;h2 id="attachments">Attachments:&lt;/h2>
&lt;p>&lt;img src="https://docs2.aspose.com/cells/cpp/images/icons/bullet_blue.gif" alt=""> &lt;a href="https://docs2.aspose.com/cells/cpp/attachments/37978115/38109185.xlsx">outputAddingFormulasCalculatingResults.xlsx&lt;/a> (application/xlsx)&lt;br>
&lt;img src="https://docs2.aspose.com/cells/cpp/images/icons/bullet_blue.gif" alt=""> &lt;a href="https://docs2.aspose.com/cells/cpp/attachments/37978115/38109186.xlsx">sampleCalculatingFormulasOnceOnly.xlsx&lt;/a> (application/xlsx)&lt;/p></description></item></channel></rss>