<rss version="2.0" xmlns:atom="http://www.w3.org/2005/Atom"><channel><title>Documentation – Disable Downlevel Revealed Comments while saving to HTML</title><link>https://docs2.aspose.com/cells/pythonjava/developerguide/html/disable+downlevel+revealed+comments+while+saving+to+html/</link><description>Recent content in Disable Downlevel Revealed Comments while saving to HTML on Documentation</description><generator>Hugo -- gohugo.io</generator><atom:link href="https://docs2.aspose.com/cells/pythonjava/developerguide/html/disable+downlevel+revealed+comments+while+saving+to+html/index.xml" rel="self" type="application/rss+xml"/></channel></rss>