<rss version="2.0" xmlns:atom="http://www.w3.org/2005/Atom"><channel><title>Documentation – Get Range with External Links</title><link>https://docs2.aspose.com/cells/pythonjava/developerguide/worksheets/get+range+with+external+links/</link><description>Recent content in Get Range with External Links on Documentation</description><generator>Hugo -- gohugo.io</generator><atom:link href="https://docs2.aspose.com/cells/pythonjava/developerguide/worksheets/get+range+with+external+links/index.xml" rel="self" type="application/rss+xml"/></channel></rss>