<rss version="2.0" xmlns:atom="http://www.w3.org/2005/Atom"><channel><title>Documentation – Aspose.Cells Template and RDL Files</title><link>https://docs2.aspose.com/cells/reportingservices/userguide/aspose.cells+template+and+rdl+files/</link><description>Recent content in Aspose.Cells Template and RDL Files on Documentation</description><generator>Hugo -- gohugo.io</generator><atom:link href="https://docs2.aspose.com/cells/reportingservices/userguide/aspose.cells+template+and+rdl+files/index.xml" rel="self" type="application/rss+xml"/></channel></rss>