<rss version="2.0" xmlns:atom="http://www.w3.org/2005/Atom"><channel><title>Documentation – Create and Manipulate Excel Table</title><link>https://docs2.aspose.com/cells/cpp/developerguide/technicalarticles/create+and+manipulate+excel+table/</link><description>Recent content in Create and Manipulate Excel Table on Documentation</description><generator>Hugo -- gohugo.io</generator><atom:link href="https://docs2.aspose.com/cells/cpp/developerguide/technicalarticles/create+and+manipulate+excel+table/index.xml" rel="self" type="application/rss+xml"/></channel></rss>