<rss version="2.0" xmlns:atom="http://www.w3.org/2005/Atom"><channel><title>Documentation – Loading Saving and Converting</title><link>https://docs2.aspose.com/cells/cpp/developerguide/ld-sv-cvt/</link><description>Recent content in Loading Saving and Converting on Documentation</description><generator>Hugo -- gohugo.io</generator><atom:link href="https://docs2.aspose.com/cells/cpp/developerguide/ld-sv-cvt/index.xml" rel="self" type="application/rss+xml"/><item><title>Cpp: Opening Files</title><link>https://docs2.aspose.com/cells/cpp/developerguide/ld-sv-cvt/opening+files/</link><pubDate>Mon, 01 Jan 0001 00:00:00 +0000</pubDate><guid>https://docs2.aspose.com/cells/cpp/developerguide/ld-sv-cvt/opening+files/</guid><description>
&lt;p>Aspose.Cells for C++ : Opening Files&lt;/p>
&lt;h1 id="asposecells-for-c--opening-files">Aspose.Cells for C++ : Opening Files&lt;/h1>
&lt;p>With Aspose.Cells it is possible to open files, for example to retrieve data, or to use a designer template to speed up the development process. Aspose.Cells can open a range of different files, such as Microsoft Excel spreadsheets (XLS, XLSX, XLSM, XLSB), CSV or TabDelimited files.&lt;/p>
&lt;p>
&lt;div class="card my-3 border-top-0 border-right-0 border-bottom-0 border-left border-primary rounded" style="border-width:4px !important;">
&lt;div class="wrap border border-left-0 rounded">
&lt;div class="card-header border-0 bg-white pl-3 text-primary">
&lt;h3>Contents Summary&lt;/h3>
&lt;/div>
&lt;div class="card-body pt-1">
&lt;ul>
&lt;li>1 &lt;a href="#opening-a-file-via-a-path">Opening a File via a Path&lt;/a>&lt;/li>
&lt;li>2 &lt;a href="#opening-a-file-using-a-stream">Opening a File using a Stream&lt;/a>&lt;/li>
&lt;/ul>
&lt;/div>
&lt;/div>
&lt;/div>
 &lt;/p>
&lt;h2 id="opening-a-file-via-a-path">Opening a File via a Path&lt;/h2>
&lt;p>Developers can open a Microsoft Excel file using its file path on the local computer by specifying it in the &lt;a href="https://apireference.aspose.com/cpp/cells/class/aspose.cells.i_workbook/">IWorkbook&lt;/a> class constructor. Simply pass the path in the constructor as String. Aspose.Cells will automatically detect the file format type.&lt;/p>
&lt;h2 id="opening-a-file-using-a-stream">Opening a File using a Stream&lt;/h2>
&lt;p>It is also possible to open an Excel file as a stream. To do so, use an overloaded version of the constructor that takes the *Stream *object that contains the file.&lt;/p></description></item><item><title>Cpp: Saving Files</title><link>https://docs2.aspose.com/cells/cpp/developerguide/ld-sv-cvt/saving+files/</link><pubDate>Mon, 01 Jan 0001 00:00:00 +0000</pubDate><guid>https://docs2.aspose.com/cells/cpp/developerguide/ld-sv-cvt/saving+files/</guid><description>
&lt;p>Aspose.Cells for C++ : Saving Files&lt;/p>
&lt;h1 id="asposecells-for-c--saving-files">Aspose.Cells for C++ : Saving Files&lt;/h1>
&lt;p>Aspose.Cells makes it possible to create and save files, and to manipulate existing files. This article explains the various ways in which files can be saved.&lt;/p>
&lt;p>
&lt;div class="card my-3 border-top-0 border-right-0 border-bottom-0 border-left border-primary rounded" style="border-width:4px !important;">
&lt;div class="wrap border border-left-0 rounded">
&lt;div class="card-header border-0 bg-white pl-3 text-primary">
&lt;h3>Contents Summary&lt;/h3>
&lt;/div>
&lt;div class="card-body pt-1">
&lt;ul>
&lt;li>1 &lt;a href="#different-ways-to-save-files">Different Ways to Save Files&lt;/a>&lt;/li>
&lt;li>2 &lt;a href="#saving-file-to-some-location">Saving File to Some Location&lt;/a>&lt;/li>
&lt;li>3 &lt;a href="#saving-file-to-stream">Saving File to Stream&lt;/a>&lt;/li>
&lt;/ul>
&lt;/div>
&lt;/div>
&lt;/div>
 &lt;/p>
&lt;h2 id="different-ways-to-save-files">Different Ways to Save Files&lt;/h2>
&lt;p>Aspose.Cells provides the &lt;a href="https://apireference.aspose.com/cpp/cells/class/aspose.cells.i_workbook/">IWorkbook&lt;/a> which represents a Microsoft Excel file and provides methods necessary to work with Excel files. The &lt;a href="https://apireference.aspose.com/cpp/cells/class/aspose.cells.i_workbook/">IWorkbook&lt;/a> class provides the &lt;a href="https://apireference.aspose.com/cpp/cells/class/aspose.cells.i_workbook/#a77072cfb929787df9ad1f38b02f58349">Save&lt;/a> method used to save Excel files. The &lt;a href="https://apireference.aspose.com/cpp/cells/class/aspose.cells.i_workbook/#a77072cfb929787df9ad1f38b02f58349">Save&lt;/a> method has many overloads that are used to save files in different ways. The file format that the file is saved to is decided by the &lt;a href="https://apireference.aspose.com/cpp/cells/namespace/aspose.cells/#a11cae527e4e68f1adcac8f47ea64481a">SaveFormat&lt;/a> enumeration.&lt;/p>
&lt;h2 id="saving-file-to-some-location">Saving File to Some Location&lt;/h2>
&lt;p>To save files to a storage location, specify the file name (complete with storage path) and the desired file format (from the &lt;a href="https://apireference.aspose.com/cpp/cells/namespace/aspose.cells/#a11cae527e4e68f1adcac8f47ea64481a">SaveFormat&lt;/a> enumeration) when calling the &lt;a href="https://apireference.aspose.com/cpp/cells/class/aspose.cells.i_workbook/">IWorkbook&lt;/a> object&amp;rsquo;s &lt;a href="https://apireference.aspose.com/cpp/cells/class/aspose.cells.i_workbook/#a77072cfb929787df9ad1f38b02f58349">Save&lt;/a> method.&lt;/p>
&lt;h2 id="saving-file-to-stream">Saving File to Stream&lt;/h2>
&lt;p>To save files to a stream, create a MemoryStream or FileStream object and save the file to that stream object by calling the &lt;a href="https://apireference.aspose.com/cpp/cells/class/aspose.cells.i_workbook/">IWorkbook&lt;/a> object&amp;rsquo;s &lt;a href="https://apireference.aspose.com/cpp/cells/class/aspose.cells.i_workbook/#a77072cfb929787df9ad1f38b02f58349">Save&lt;/a> method. Specify the desired file format using the &lt;a href="https://apireference.aspose.com/cpp/cells/namespace/aspose.cells/#a11cae527e4e68f1adcac8f47ea64481a">SaveFormat&lt;/a> enumeration when calling the &lt;a href="https://apireference.aspose.com/cpp/cells/class/aspose.cells.i_workbook/#a77072cfb929787df9ad1f38b02f58349">Save&lt;/a> method.&lt;/p></description></item><item><title>Cpp: Managing Document Properties</title><link>https://docs2.aspose.com/cells/cpp/developerguide/ld-sv-cvt/managing+document+properties/</link><pubDate>Mon, 01 Jan 0001 00:00:00 +0000</pubDate><guid>https://docs2.aspose.com/cells/cpp/developerguide/ld-sv-cvt/managing+document+properties/</guid><description>
&lt;p>Aspose.Cells for C++ : Managing Document Properties&lt;/p>
&lt;h1 id="asposecells-for-c--managing-document-properties">Aspose.Cells for C++ : Managing Document Properties&lt;/h1>
&lt;p>
&lt;div class="card my-3 border-top-0 border-right-0 border-bottom-0 border-left border-primary rounded" style="border-width:4px !important;">
&lt;div class="wrap border border-left-0 rounded">
&lt;div class="card-header border-0 bg-white pl-3 text-primary">
&lt;h3>Contents Summary&lt;/h3>
&lt;/div>
&lt;div class="card-body pt-1">
&lt;ul>
&lt;li>1 &lt;a href="#possible-usage-scenario">Possible Usage Scenario&lt;/a>&lt;/li>
&lt;li>2 &lt;a href="#managing-document-properties">Managing Document Properties&lt;/a>&lt;/li>
&lt;li>3 &lt;a href="#sample-code">Sample Code&lt;/a>&lt;/li>
&lt;li>4 &lt;a href="#console-output">Console Output&lt;/a>&lt;/li>
&lt;/ul>
&lt;/div>
&lt;/div>
&lt;/div>
 &lt;/p>
&lt;p> &lt;/p>
&lt;h2 id="possible-usage-scenario">Possible Usage Scenario&lt;/h2>
&lt;p>Aspose.Cells allows you to work with Built-In and Custom document properties. Here is the Microsoft Excel interface to open these &lt;em>Document Properties&lt;/em>. Just click on the &lt;em>Advanced Properties&lt;/em> as shown in this screenshot and view them.&lt;/p>
&lt;p>&lt;img src="https://docs2.aspose.com/cells/cpp/attachments/22970896/23166988.png" alt="">&lt;/p>
&lt;h2 id="managing-document-properties">Managing Document Properties&lt;/h2>
&lt;p>The following sample code loads &lt;a href="https://docs2.aspose.com/cells/cpp/attachments/22970896/23166989.xlsx">sample excel file&lt;/a> and reads the built-in document properties e.g. &lt;em>Title, Subject&lt;/em> and then changes them. Then it also reads the custom document property i.e. *MyCustom1 *and then adds a new custom document property i.e. *MyCustom5 *and writes the &lt;a href="https://docs2.aspose.com/cells/cpp/attachments/22970896/23166986.xlsx">output excel file&lt;/a>. The following screenshot shows the effect of the sample code on the sample excel file.&lt;/p>
&lt;p>&lt;img src="https://docs2.aspose.com/cells/cpp/attachments/22970896/23166987.png" alt="">&lt;/p>
&lt;h2 id="sample-code">Sample Code&lt;/h2>
&lt;h2 id="console-output">Console Output&lt;/h2>
&lt;p>This is the console output of the above sample code when executed with the provided &lt;a href="https://docs2.aspose.com/cells/cpp/attachments/22970896/23166989.xlsx">sample excel file&lt;/a>.&lt;/p>
&lt;div class="position-relative">
&lt;div class="position-absolute" style="right:0;">
&lt;button class="btn btn-light" data-clipboard-target="#clipboard_bcd051ae60">
Copy
&lt;/button>
&lt;/div>
&lt;div id="clipboard_bcd051ae60">
&lt;div class="highlight">&lt;pre style="background-color:#f8f8f8;-moz-tab-size:4;-o-tab-size:4;tab-size:4">&lt;code class="language-cs" data-lang="cs">
&lt;span style="color:#000">Title&lt;/span>&lt;span style="color:#000;font-weight:bold">:&lt;/span> &lt;span style="color:#000">Aspose&lt;/span> &lt;span style="color:#000">Team&lt;/span>
&lt;span style="color:#000">Subject&lt;/span>&lt;span style="color:#000;font-weight:bold">:&lt;/span> &lt;span style="color:#000">Aspose&lt;/span>&lt;span style="color:#000;font-weight:bold">.&lt;/span>&lt;span style="color:#000">Cells&lt;/span> &lt;span style="color:#204a87;font-weight:bold">for&lt;/span> &lt;span style="color:#000">C&lt;/span>&lt;span style="color:#000;font-weight:bold">++&lt;/span>
&lt;span style="color:#000">MyCustom1&lt;/span>&lt;span style="color:#000;font-weight:bold">:&lt;/span> &lt;span style="color:#000">This&lt;/span> &lt;span style="color:#204a87;font-weight:bold">is&lt;/span> &lt;span style="color:#000">my&lt;/span> &lt;span style="color:#000">custom&lt;/span> &lt;span style="color:#000">one&lt;/span>&lt;span style="color:#000;font-weight:bold">.&lt;/span>
&lt;/code>&lt;/pre>&lt;/div>
&lt;/div>
&lt;/div>
&lt;h2 id="attachments">Attachments:&lt;/h2>
&lt;p>&lt;img src="https://docs2.aspose.com/cells/cpp/images/icons/bullet_blue.gif" alt=""> &lt;a href="https://docs2.aspose.com/cells/cpp/attachments/22970896/23166986.xlsx">outputManagingDocumentProperties.xlsx&lt;/a> (application/vnd.openxmlformats-officedocument.spreadsheetml.sheet)&lt;br>
&lt;img src="https://docs2.aspose.com/cells/cpp/images/icons/bullet_blue.gif" alt=""> &lt;a href="https://docs2.aspose.com/cells/cpp/attachments/22970896/23166987.png">BuiltIn-and-Custom-Document-Properties.png&lt;/a> (image/png)&lt;br>
&lt;img src="https://docs2.aspose.com/cells/cpp/images/icons/bullet_blue.gif" alt=""> &lt;a href="https://docs2.aspose.com/cells/cpp/attachments/22970896/23166988.png">interface-to-open-document-properties.png&lt;/a> (image/png)&lt;br>
&lt;img src="https://docs2.aspose.com/cells/cpp/images/icons/bullet_blue.gif" alt=""> &lt;a href="https://docs2.aspose.com/cells/cpp/attachments/22970896/23166989.xlsx">sampleManagingDocumentProperties.xlsx&lt;/a> (application/vnd.openxmlformats-officedocument.spreadsheetml.sheet)&lt;/p></description></item><item><title>Cpp: Read and Write CSV File Format</title><link>https://docs2.aspose.com/cells/cpp/developerguide/ld-sv-cvt/read+and+write+csv+file+format/</link><pubDate>Mon, 01 Jan 0001 00:00:00 +0000</pubDate><guid>https://docs2.aspose.com/cells/cpp/developerguide/ld-sv-cvt/read+and+write+csv+file+format/</guid><description>
&lt;p>Aspose.Cells for C++ : Read and Write CSV File Format&lt;/p>
&lt;h1 id="asposecells-for-c--read-and-write-csv-file-format">Aspose.Cells for C++ : Read and Write CSV File Format&lt;/h1>
&lt;p>
&lt;div class="card my-3 border-top-0 border-right-0 border-bottom-0 border-left border-primary rounded" style="border-width:4px !important;">
&lt;div class="wrap border border-left-0 rounded">
&lt;div class="card-header border-0 bg-white pl-3 text-primary">
&lt;h3>Contents Summary&lt;/h3>
&lt;/div>
&lt;div class="card-body pt-1">
&lt;ul>
&lt;li>1 &lt;a href="#possible-usage-scenarios">Possible Usage Scenarios&lt;/a>&lt;/li>
&lt;li>2 &lt;a href="#read-and-write-csv-file-format">Read and Write CSV File Format&lt;/a>&lt;/li>
&lt;li>3 &lt;a href="#sample-code">Sample Code&lt;/a>&lt;/li>
&lt;/ul>
&lt;/div>
&lt;/div>
&lt;/div>
 &lt;/p>
&lt;p> &lt;/p>
&lt;h2 id="possible-usage-scenarios">Possible Usage Scenarios&lt;/h2>
&lt;p>Microsoft Excel supports many formats like XLS, XLSX, XLSM, XLSB, CSV, etc. Aspose.Cells also supports many of these formats. This article explains how to read and write the excel file having CSV format using Aspose.Cells.&lt;/p>
&lt;h2 id="read-and-write-csv-file-format">Read and Write CSV File Format&lt;/h2>
&lt;p>The following sample code loads the &lt;a href="https://docs2.aspose.com/cells/cpp/attachments/22970904/23166994.csv">source CSV file&lt;/a> and reads its cell A1 and then copies its contents to cell C4 and saves it as &lt;a href="https://docs2.aspose.com/cells/cpp/attachments/22970904/23166994.csv">output CSV file&lt;/a>.&lt;/p>
&lt;h2 id="sample-code">Sample Code&lt;/h2>
&lt;h2 id="attachments">Attachments:&lt;/h2>
&lt;p>&lt;img src="https://docs2.aspose.com/cells/cpp/images/icons/bullet_blue.gif" alt=""> &lt;a href="https://docs2.aspose.com/cells/cpp/attachments/22970904/23166994.csv">srcReadWriteCSV.csv&lt;/a> (application/vnd.ms-excel)&lt;br>
&lt;img src="https://docs2.aspose.com/cells/cpp/images/icons/bullet_blue.gif" alt=""> &lt;a href="https://docs2.aspose.com/cells/cpp/attachments/22970904/23166995.csv">outReadWriteCSV.csv&lt;/a> (application/vnd.ms-excel)&lt;/p></description></item><item><title>Cpp: Read and Write Tab Delimited File Format</title><link>https://docs2.aspose.com/cells/cpp/developerguide/ld-sv-cvt/read+and+write+tab+delimited+file+format/</link><pubDate>Mon, 01 Jan 0001 00:00:00 +0000</pubDate><guid>https://docs2.aspose.com/cells/cpp/developerguide/ld-sv-cvt/read+and+write+tab+delimited+file+format/</guid><description>
&lt;p>Aspose.Cells for C++ : Read and Write Tab Delimited File Format&lt;/p>
&lt;h1 id="asposecells-for-c--read-and-write-tab-delimited-file-format">Aspose.Cells for C++ : Read and Write Tab Delimited File Format&lt;/h1>
&lt;p>
&lt;div class="card my-3 border-top-0 border-right-0 border-bottom-0 border-left border-primary rounded" style="border-width:4px !important;">
&lt;div class="wrap border border-left-0 rounded">
&lt;div class="card-header border-0 bg-white pl-3 text-primary">
&lt;h3>Contents Summary&lt;/h3>
&lt;/div>
&lt;div class="card-body pt-1">
&lt;ul>
&lt;li>1 &lt;a href="#possible-usage-scenarios">Possible Usage Scenarios&lt;/a>&lt;/li>
&lt;li>2 &lt;a href="#read-and-write-tab-delimited-file-format">Read and Write Tab Delimited File Format&lt;/a>&lt;/li>
&lt;li>3 &lt;a href="#sample-code">Sample Code&lt;/a>&lt;/li>
&lt;/ul>
&lt;/div>
&lt;/div>
&lt;/div>
 &lt;/p>
&lt;p> &lt;/p>
&lt;h2 id="possible-usage-scenarios">Possible Usage Scenarios&lt;/h2>
&lt;p>Microsoft Excel supports many formats like XLS, XLSX, XLSM, XLSB, CSV, tab-delimited, etc. Aspose.Cells also supports many of these formats. This article explains how to read and write the excel file having Tab Delimited format using Aspose.Cells.&lt;/p>
&lt;h2 id="read-and-write-tab-delimited-file-format">Read and Write Tab Delimited File Format&lt;/h2>
&lt;p>The following sample code loads the &lt;a href="https://docs2.aspose.com/cells/cpp/attachments/22970906/23166997.txt">source tab-delimited file&lt;/a> and reads its cell A1 and then copies its contents to cell C4 and saves it as &lt;a href="https://docs2.aspose.com/cells/cpp/attachments/22970906/23166996.txt">output tab-delimited file&lt;/a>.&lt;/p>
&lt;h2 id="sample-code">Sample Code&lt;/h2>
&lt;h2 id="attachments">Attachments:&lt;/h2>
&lt;p>&lt;img src="https://docs2.aspose.com/cells/cpp/images/icons/bullet_blue.gif" alt=""> &lt;a href="https://docs2.aspose.com/cells/cpp/attachments/22970906/23166996.txt">outReadWriteTabDelimited.txt&lt;/a> (text/plain)&lt;br>
&lt;img src="https://docs2.aspose.com/cells/cpp/images/icons/bullet_blue.gif" alt=""> &lt;a href="https://docs2.aspose.com/cells/cpp/attachments/22970906/23166997.txt">srcReadWriteTabDelimited.txt&lt;/a> (text/plain)&lt;/p></description></item><item><title>Cpp: Read and Write XLSB File Format</title><link>https://docs2.aspose.com/cells/cpp/developerguide/ld-sv-cvt/read+and+write+xlsb+file+format/</link><pubDate>Mon, 01 Jan 0001 00:00:00 +0000</pubDate><guid>https://docs2.aspose.com/cells/cpp/developerguide/ld-sv-cvt/read+and+write+xlsb+file+format/</guid><description>
&lt;p>Aspose.Cells for C++ : Read and Write XLSB File Format&lt;/p>
&lt;h1 id="asposecells-for-c--read-and-write-xlsb-file-format">Aspose.Cells for C++ : Read and Write XLSB File Format&lt;/h1>
&lt;p>
&lt;div class="card my-3 border-top-0 border-right-0 border-bottom-0 border-left border-primary rounded" style="border-width:4px !important;">
&lt;div class="wrap border border-left-0 rounded">
&lt;div class="card-header border-0 bg-white pl-3 text-primary">
&lt;h3>Contents Summary&lt;/h3>
&lt;/div>
&lt;div class="card-body pt-1">
&lt;ul>
&lt;li>1 &lt;a href="#possible-usage-scenarios">Possible Usage Scenarios&lt;/a>&lt;/li>
&lt;li>2 &lt;a href="#read-and-write-xlsb-file-format">Read and Write XLSB File Format&lt;/a>&lt;/li>
&lt;li>3 &lt;a href="#sample-code">Sample Code&lt;/a>&lt;/li>
&lt;/ul>
&lt;/div>
&lt;/div>
&lt;/div>
 &lt;/p>
&lt;p> &lt;/p>
&lt;h2 id="possible-usage-scenarios">Possible Usage Scenarios&lt;/h2>
&lt;p>Microsoft Excel supports many formats like XLS, XLSX, XLSM, XLSB, CSV, etc. Aspose.Cells also supports many of these formats. This article explains how to read and write the excel file having XLSB format using Aspose.Cells.&lt;/p>
&lt;h2 id="read-and-write-xlsb-file-format">Read and Write XLSB File Format&lt;/h2>
&lt;p>The following sample code loads the &lt;a href="https://docs2.aspose.com/cells/cpp/attachments/22970901/23166992.xlsb">source XLSB file&lt;/a> and reads its &lt;code>cell A1&lt;/code> and then copies its contents to &lt;code>cell C4&lt;/code> and saves it as &lt;a href="https://docs2.aspose.com/cells/cpp/attachments/22970901/23166993.xlsb">output XLSB file&lt;/a>.&lt;/p>
&lt;h2 id="sample-code">Sample Code&lt;/h2>
&lt;h2 id="attachments">Attachments:&lt;/h2>
&lt;p>&lt;img src="https://docs2.aspose.com/cells/cpp/images/icons/bullet_blue.gif" alt=""> &lt;a href="https://docs2.aspose.com/cells/cpp/attachments/22970901/23166993.xlsb">outReadWriteXLSB.xlsb&lt;/a> (application/vnd.ms-excel.sheet.binary.macroenabled.12)&lt;br>
&lt;img src="https://docs2.aspose.com/cells/cpp/images/icons/bullet_blue.gif" alt=""> &lt;a href="https://docs2.aspose.com/cells/cpp/attachments/22970901/23166992.xlsb">srcReadWriteXLSB.xlsb&lt;/a> (application/vnd.ms-excel.sheet.binary.macroenabled.12)&lt;/p></description></item><item><title>Cpp: Read and Write XLSM File Format</title><link>https://docs2.aspose.com/cells/cpp/developerguide/ld-sv-cvt/read+and+write+xlsm+file+format/</link><pubDate>Mon, 01 Jan 0001 00:00:00 +0000</pubDate><guid>https://docs2.aspose.com/cells/cpp/developerguide/ld-sv-cvt/read+and+write+xlsm+file+format/</guid><description>
&lt;p>Aspose.Cells for C++ : Read and Write XLSM File Format&lt;/p>
&lt;h1 id="asposecells-for-c--read-and-write-xlsm-file-format">Aspose.Cells for C++ : Read and Write XLSM File Format&lt;/h1>
&lt;p>
&lt;div class="card my-3 border-top-0 border-right-0 border-bottom-0 border-left border-primary rounded" style="border-width:4px !important;">
&lt;div class="wrap border border-left-0 rounded">
&lt;div class="card-header border-0 bg-white pl-3 text-primary">
&lt;h3>Contents Summary&lt;/h3>
&lt;/div>
&lt;div class="card-body pt-1">
&lt;ul>
&lt;li>1 &lt;a href="#possible-usage-scenarios">Possible Usage Scenarios&lt;/a>&lt;/li>
&lt;li>2 &lt;a href="#read-and-write-xlsm-file-format">Read and Write XLSM File Format&lt;/a>&lt;/li>
&lt;li>3 &lt;a href="#sample-code">Sample Code&lt;/a>&lt;/li>
&lt;/ul>
&lt;/div>
&lt;/div>
&lt;/div>
 &lt;/p>
&lt;p> &lt;/p>
&lt;h2 id="possible-usage-scenarios">Possible Usage Scenarios&lt;/h2>
&lt;p>Microsoft Excel supports many formats like XLS, XLSX, XLSM, XLSB, CSV, etc. Aspose.Cells also supports many of these formats. This article explains how to read and write the excel file having &lt;code>XLSM&lt;/code> format using Aspose.Cells.&lt;/p>
&lt;h2 id="read-and-write-xlsm-file-format">Read and Write XLSM File Format&lt;/h2>
&lt;p>The following sample code loads the &lt;a href="https://docs2.aspose.com/cells/cpp/attachments/22970899/23166990.xlsm">source XLSM file&lt;/a> and reads its cell A1 and then copies its contents to cell C4 and saves it as &lt;a href="https://docs2.aspose.com/cells/cpp/attachments/22970899/23166991.xlsm">output XLSM file&lt;/a>.&lt;/p>
&lt;h2 id="sample-code">Sample Code&lt;/h2>
&lt;h2 id="attachments">Attachments:&lt;/h2>
&lt;p>&lt;img src="https://docs2.aspose.com/cells/cpp/images/icons/bullet_blue.gif" alt=""> &lt;a href="https://docs2.aspose.com/cells/cpp/attachments/22970899/23166991.xlsm">outReadWriteXLSM.xlsm&lt;/a> (application/vnd.ms-excel.sheet.macroenabled.12)&lt;br>
&lt;img src="https://docs2.aspose.com/cells/cpp/images/icons/bullet_blue.gif" alt=""> &lt;a href="https://docs2.aspose.com/cells/cpp/attachments/22970899/23166990.xlsm">srcReadWriteXLSM.xlsm&lt;/a> (application/vnd.ms-excel.sheet.macroenabled.12)&lt;/p></description></item><item><title>Cpp: Convert Excel Workbook to PDF</title><link>https://docs2.aspose.com/cells/cpp/developerguide/ld-sv-cvt/convert+excel+workbook+to+pdf/</link><pubDate>Mon, 01 Jan 0001 00:00:00 +0000</pubDate><guid>https://docs2.aspose.com/cells/cpp/developerguide/ld-sv-cvt/convert+excel+workbook+to+pdf/</guid><description>
&lt;p>Aspose.Cells for C++ : Convert Excel Workbook to PDF&lt;/p>
&lt;h1 id="asposecells-for-c--convert-excel-workbook-to-pdf">Aspose.Cells for C++ : Convert Excel Workbook to PDF&lt;/h1>
&lt;p>
&lt;div class="card my-3 border-top-0 border-right-0 border-bottom-0 border-left border-primary rounded" style="border-width:4px !important;">
&lt;div class="wrap border border-left-0 rounded">
&lt;div class="card-header border-0 bg-white pl-3 text-primary">
&lt;h3>Contents Summary&lt;/h3>
&lt;/div>
&lt;div class="card-body pt-1">
&lt;ul>
&lt;li>1 &lt;a href="#converting-excel-workbook-to-pdf">Converting Excel Workbook to PDF&lt;/a>
&lt;ul>
&lt;li>1.1 &lt;a href="#direct-conversion">Direct Conversion&lt;/a>&lt;/li>
&lt;li>1.2 &lt;a href="#advanced-conversion">Advanced Conversion&lt;/a>
&lt;ul>
&lt;li>1.2.1 &lt;a href="#saving-workbook-to-pdf/a-complied-files">Saving Workbook to PDF/A Complied Files&lt;/a>&lt;/li>
&lt;li>1.2.2 &lt;a href="#set-the-pdf-creation-time">Set the PDF Creation Time&lt;/a>&lt;/li>
&lt;/ul>
&lt;/li>
&lt;/ul>
&lt;/li>
&lt;/ul>
&lt;/div>
&lt;/div>
&lt;/div>
 &lt;/p>
&lt;h2 id="converting-excel-workbook-to-pdf">Converting Excel Workbook to PDF&lt;/h2>
&lt;p>PDF files are widely used to exchange documents between organizations, government sectors, and individuals. It is a standard document format and software developers are often asked to find a way to convert Microsoft Excel files into PDF documents.&lt;/p>
&lt;p>Aspose.Cells supports converting Excel files to PDF and maintains high visual fidelity in the conversion.&lt;/p>
&lt;p>Aspose.Cells directly writes the information about API and Version Number in output documents. For example, upon rendering Document to PDF, Aspose.Cells for C++ populates the &lt;strong>Application&lt;/strong> field with value &amp;lsquo;Aspose.Cells&amp;rsquo; and &lt;strong>PDF Producer&lt;/strong> field with value, e.g &amp;lsquo;Aspose.Cells v18.5.0&amp;rsquo;.&lt;/p>
&lt;p>Please note that you cannot instruct Aspose.Cells for C++ to change or remove this information from output Documents.&lt;/p>
&lt;h3 id="direct-conversion">Direct Conversion&lt;/h3>
&lt;p>Aspose.Cells supports conversion from spreadsheets to PDF independently of other software. Simply save an Excel file to PDF using the &lt;a href="https://apireference.aspose.com/cpp/cells/class/aspose.cells.i_workbook/">IWorkbook&lt;/a> class&amp;rsquo; &lt;a href="https://apireference.aspose.com/cpp/cells/class/aspose.cells.i_workbook/#a77072cfb929787df9ad1f38b02f58349">Save&lt;/a> method. The &lt;a href="https://apireference.aspose.com/cpp/cells/class/aspose.cells.i_workbook/#a77072cfb929787df9ad1f38b02f58349">Save&lt;/a> method provides the &lt;a href="https://apireference.aspose.com/cpp/cells/namespace/aspose.cells/#a11cae527e4e68f1adcac8f47ea64481a">SaveFormat_Pdf&lt;/a> enumeration member that converts the native Excel files to PDF format.&lt;/p>
&lt;p>Follow the below steps to directly convert the Excel spreadsheets to PDF format:&lt;/p>
&lt;ol>
&lt;li>Instantiate an object of the &lt;a href="https://apireference.aspose.com/cpp/cells/class/aspose.cells.i_workbook/">IWorkbook&lt;/a> class by calling its empty constructor.&lt;/li>
&lt;li>You may open/load an existing template file or skip this step if you are creating the workbook from scratch.&lt;/li>
&lt;li>Do any work (input data, apply formatting, set formulas, insert pictures or other drawing objects, and so on) on the spreadsheet using Aspose.Cells&amp;rsquo; APIs.&lt;/li>
&lt;li>When the spreadsheet code is complete, call the &lt;a href="https://apireference.aspose.com/cpp/cells/class/aspose.cells.i_workbook/">IWorkbook&lt;/a> class&amp;rsquo; &lt;a href="https://apireference.aspose.com/cpp/cells/class/aspose.cells.i_workbook/#a77072cfb929787df9ad1f38b02f58349">Save&lt;/a> method to save the spreadsheet.&lt;/li>
&lt;/ol>
&lt;p>The file format should be PDF so select relevant PDF (a pre-defined value) from the &lt;code>SaveFormat&lt;/code> enumeration to generate the final PDF document&lt;/p>
&lt;p>Please see the following sample code, its &lt;a href="https://docs2.aspose.com/cells/cpp/attachments/66946026/67338368.xlsx">sample Excel file&lt;/a> and &lt;a href="https://docs2.aspose.com/cells/cpp/attachments/66946026/67338369.pdf">output PDF&lt;/a> for your reference.&lt;/p>
&lt;h3 id="advanced-conversion">Advanced Conversion&lt;/h3>
&lt;p>You may also opt to use the &lt;a href="https://apireference.aspose.com/cpp/cells/class/aspose.cells.i_pdf_save_options/">IPdfSaveOptions&lt;/a> class to set different attributes for the conversion. Setting different properties of the &lt;a href="https://apireference.aspose.com/cpp/cells/class/aspose.cells.i_pdf_save_options/">IPdfSaveOptions&lt;/a> class gives you control over the print, font, security and compression settings for the output PDF. The most important property is &lt;a href="https://apireference.aspose.com/cpp/cells/class/aspose.cells.i_pdf_save_options/#a2158ff23d7c071f8224b1cd063233c07">SetCompliance&lt;/a> which enables you to save the Excel files to PDF/A compliant PDF files.&lt;/p>
&lt;h4 id="saving-workbook-to-pdfa-complied-files">Saving Workbook to PDF/A Complied Files&lt;/h4>
&lt;p>The following code snippet demonstrates how to use the &lt;a href="https://apireference.aspose.com/cpp/cells/class/aspose.cells.i_pdf_save_options/">IPdfSaveOptions&lt;/a> class to save Excel files to PDF/A compliant PDF format&lt;/p>
&lt;p>Please see the following sample code and its &lt;a href="https://docs2.aspose.com/cells/cpp/attachments/66946026/67338370.pdf">output PDF&lt;/a> for your reference.&lt;/p>
&lt;h4 id="set-the-pdf-creation-time">Set the PDF Creation Time&lt;/h4>
&lt;p>With the &lt;a href="https://apireference.aspose.com/cpp/cells/class/aspose.cells.i_pdf_save_options/">IPdfSaveOptions&lt;/a> class, you can get or set the PDF creation time.&lt;/p>
&lt;p>Please see the following sample code and its &lt;a href="https://docs2.aspose.com/cells/cpp/attachments/66946026/67338371.pdf">output PDF&lt;/a> for your reference.&lt;/p>
&lt;h2 id="attachments">Attachments:&lt;/h2>
&lt;p>&lt;img src="https://docs2.aspose.com/cells/cpp/images/icons/bullet_blue.gif" alt=""> &lt;a href="https://docs2.aspose.com/cells/cpp/attachments/66946026/67338368.xlsx">sampleConvertExcelWorkbookToPDF.xlsx&lt;/a> (application/vnd.openxmlformats-officedocument.spreadsheetml.sheet)&lt;br>
&lt;img src="https://docs2.aspose.com/cells/cpp/images/icons/bullet_blue.gif" alt=""> &lt;a href="https://docs2.aspose.com/cells/cpp/attachments/66946026/67338369.pdf">outputConvertExcelWorkbookToPDF_DirectConversion.pdf&lt;/a> (application/pdf)&lt;br>
&lt;img src="https://docs2.aspose.com/cells/cpp/images/icons/bullet_blue.gif" alt=""> &lt;a href="https://docs2.aspose.com/cells/cpp/attachments/66946026/67338370.pdf">outputConvertExcelWorkbookToPDF_PdfCompliance_PdfA1b.pdf&lt;/a> (application/pdf)&lt;br>
&lt;img src="https://docs2.aspose.com/cells/cpp/images/icons/bullet_blue.gif" alt=""> &lt;a href="https://docs2.aspose.com/cells/cpp/attachments/66946026/67338371.pdf">outputConvertExcelWorkbookToPDF_PDFCreationTime.pdf&lt;/a> (application/pdf)&lt;/p></description></item><item><title>Cpp: Converting Worksheet to Different Image Formats</title><link>https://docs2.aspose.com/cells/cpp/developerguide/ld-sv-cvt/converting+worksheet+to+different+image+formats/</link><pubDate>Mon, 01 Jan 0001 00:00:00 +0000</pubDate><guid>https://docs2.aspose.com/cells/cpp/developerguide/ld-sv-cvt/converting+worksheet+to+different+image+formats/</guid><description>
&lt;p>Aspose.Cells for C++ : Converting Worksheet to Different Image Formats&lt;/p>
&lt;h1 id="asposecells-for-c--converting-worksheet-to-different-image-formats">Aspose.Cells for C++ : Converting Worksheet to Different Image Formats&lt;/h1>
&lt;p>Aspose.Cells allows you to export a worksheet from a workbook and convert it into different image formats. This article explains how to convert a worksheet to different image formats.&lt;/p>
&lt;p>
&lt;div class="card my-3 border-top-0 border-right-0 border-bottom-0 border-left border-primary rounded" style="border-width:4px !important;">
&lt;div class="wrap border border-left-0 rounded">
&lt;div class="card-header border-0 bg-white pl-3 text-primary">
&lt;h3>Contents Summary&lt;/h3>
&lt;/div>
&lt;div class="card-body pt-1">
&lt;ul>
&lt;li>1 &lt;a href="#converting-worksheet-to-image">Converting Worksheet to Image&lt;/a>
&lt;ul>
&lt;li>1.1 &lt;a href="#png-format">PNG Format&lt;/a>&lt;/li>
&lt;li>1.2 &lt;a href="#tiff-format">TIFF Format&lt;/a>&lt;/li>
&lt;/ul>
&lt;/li>
&lt;li>2 &lt;a href="#converting-worksheet-to-svg">Converting Worksheet to SVG&lt;/a>&lt;/li>
&lt;/ul>
&lt;/div>
&lt;/div>
&lt;/div>
 &lt;/p>
&lt;h2 id="converting-worksheet-to-image">Converting Worksheet to Image&lt;/h2>
&lt;p>Worksheets contain data that you want to analyze. For example, a worksheet can contain parameters, totals, percentages, exceptions, and calculations.&lt;/p>
&lt;p>As a developer, you might need to present worksheets as images. For example, you might need to use an image of a worksheet in an application or web page. You might want to insert an image into a Microsoft Word document, a PDF file, a PowerPoint presentation or some other document type. Simply put, you want a worksheet rendered as an image so that you can use it somewhere else.&lt;/p>
&lt;p>Aspose.Cells supports converting Excel worksheets to images. To use this feature, you need to import the &lt;a href="https://apireference.aspose.com/cpp/cells/namespace/aspose.cells.rendering/">Aspose.Cells.Rendering&lt;/a> namespace to your program or project. It has several valuable classes for rendering and printing, for example, &lt;a href="https://apireference.aspose.com/cpp/cells/class/aspose.cells.rendering.i_sheet_render/">ISheetRender&lt;/a>, &lt;a href="https://apireference.aspose.com/cpp/cells/class/aspose.cells.rendering.i_image_or_print_options/">IImageOrPrintOptions&lt;/a> and others.&lt;/p>
&lt;p>The &lt;a href="https://apireference.aspose.com/cpp/cells/class/aspose.cells.rendering.i_sheet_render/">Aspose.Cells.Rendering.ISheetRender&lt;/a> class represents a worksheet to render as images. It has an overloaded method, &lt;a href="https://apireference.aspose.com/cpp/cells/class/aspose.cells.rendering.i_sheet_render/#ae508827a76d0c353ab0890024ec363c5">ToImage&lt;/a>, that can convert a worksheet to image file(s) with different attributes or options. Several image formats are supported, for example, BMP, PNG, GIF, JPG, JPEG, TIFF, EMF.&lt;/p>
&lt;p>The following code snippet shows how to convert a worksheet in an Excel file to an image file.&lt;/p>
&lt;h3 id="png-format">PNG Format&lt;/h3>
&lt;p>Please see the following sample code, its &lt;a href="https://docs2.aspose.com/cells/cpp/attachments/66946350/67338402.xlsx">sample Excel file&lt;/a>, and the &lt;a href="https://docs2.aspose.com/cells/cpp/attachments/66946350/67338401.zip">output PNG Images&lt;/a>.&lt;/p>
&lt;h3 id="tiff-format">TIFF Format&lt;/h3>
&lt;p>Please see the following sample code, its &lt;a href="https://docs2.aspose.com/cells/cpp/attachments/66946350/67338402.xlsx">sample Excel file&lt;/a>, and the &lt;a href="https://docs2.aspose.com/cells/cpp/attachments/66946350/67338419.zip">output TIFF Image&lt;/a>.&lt;/p>
&lt;h2 id="converting-worksheet-to-svg">Converting Worksheet to SVG&lt;/h2>
&lt;p>SVG stands for Scalable Vector Graphics. SVG is a specification based on XML standards for two-dimensional vector graphics. It is an open standard that has been under development by the World Wide Web Consortium (W3C) since 1999.&lt;/p>
&lt;p>Aspose.Cells for C++ has been able to convert worksheets to SVG image since version 18.5.0.&lt;/p>
&lt;p>To use this feature, import the &lt;a href="https://apireference.aspose.com/cpp/cells/namespace/aspose.cells.rendering/">Aspose.Cells.Rendering&lt;/a> namespace to your program or project. It has several valuable classes for rendering and printing, for example, &lt;a href="https://apireference.aspose.com/cpp/cells/class/aspose.cells.rendering.i_sheet_render/">ISheetRender&lt;/a>, &lt;a href="https://apireference.aspose.com/cpp/cells/class/aspose.cells.rendering.i_image_or_print_options/">IImageOrPrintOptions&lt;/a>, and others.&lt;/p>
&lt;p>The &lt;a href="https://apireference.aspose.com/cpp/cells/class/aspose.cells.rendering.i_image_or_print_options/">Aspose.Cells.Rendering.IImageOrPrintOptions&lt;/a> class specifies that the worksheet will be saved in SVG format. The following code snippet shows how to convert a worksheet in an Excel file to an SVG image file&lt;/p>
&lt;p>Please see the following sample code, its &lt;a href="https://docs2.aspose.com/cells/cpp/attachments/66946350/67338402.xlsx">sample Excel file&lt;/a>, and the &lt;a href="https://docs2.aspose.com/cells/cpp/attachments/66946350/67338403.zip">output SVG Images&lt;/a>.&lt;/p>
&lt;h2 id="attachments">Attachments:&lt;/h2>
&lt;p>&lt;img src="https://docs2.aspose.com/cells/cpp/images/icons/bullet_blue.gif" alt=""> &lt;a href="https://docs2.aspose.com/cells/cpp/attachments/66946350/67338402.xlsx">sampleConvertingWorksheetToDifferentImageFormats.xlsx&lt;/a> (application/vnd.openxmlformats-officedocument.spreadsheetml.sheet)&lt;br>
&lt;img src="https://docs2.aspose.com/cells/cpp/images/icons/bullet_blue.gif" alt=""> &lt;a href="https://docs2.aspose.com/cells/cpp/attachments/66946350/67338401.zip">outputPNGImages.zip&lt;/a> (application/zip)&lt;br>
&lt;img src="https://docs2.aspose.com/cells/cpp/images/icons/bullet_blue.gif" alt=""> &lt;a href="https://docs2.aspose.com/cells/cpp/attachments/66946350/67338403.zip">outputSVGImages.zip&lt;/a> (application/zip)&lt;br>
&lt;img src="https://docs2.aspose.com/cells/cpp/images/icons/bullet_blue.gif" alt=""> &lt;a href="https://docs2.aspose.com/cells/cpp/attachments/66946350/67338419.zip">outputTIFFImage.zip&lt;/a> (application/zip)&lt;/p></description></item></channel></rss>