<rss version="2.0" xmlns:atom="http://www.w3.org/2005/Atom"><channel><title>Documentation – Creating Tabular Report</title><link>https://docs2.aspose.com/cells/reportingservices/userguide/creatingtabularreport/</link><description>Recent content in Creating Tabular Report on Documentation</description><generator>Hugo -- gohugo.io</generator><atom:link href="https://docs2.aspose.com/cells/reportingservices/userguide/creatingtabularreport/index.xml" rel="self" type="application/rss+xml"/><item><title>Reportingservices: Preparing for Creating Table Report</title><link>https://docs2.aspose.com/cells/reportingservices/userguide/creatingtabularreport/preparing+for+creating+table+report/</link><pubDate>Mon, 01 Jan 0001 00:00:00 +0000</pubDate><guid>https://docs2.aspose.com/cells/reportingservices/userguide/creatingtabularreport/preparing+for+creating+table+report/</guid><description>
&lt;p>Aspose.Cells for Reporting Services : Preparing for Creating Table Report&lt;/p>
&lt;h1 id="asposecells-for-reporting-services--preparing-for-creating-table-report">Aspose.Cells for Reporting Services : Preparing for Creating Table Report&lt;/h1>
&lt;p>Before creating a tabular report user must first create data sources, datasets and report parameters (optional) as described in &lt;a href="https://docs2.aspose.com/cells/pages/createpage.action?spaceKey=cellsreportingservices&amp;amp;title=DataSources+and+Queries&amp;amp;linkCreation=true&amp;amp;fromPageId=6094952">DataSources and Queries&lt;/a>.&lt;/p>
&lt;p>Below, we use the AdventureWorks sample database that ships with SQL Server Reporting Services 2005.&lt;/p>
&lt;ol>
&lt;li>
&lt;p>Create a dataset named EmpSalesDetail. We&amp;rsquo;ll use this as the table&amp;rsquo;s data source. The dataset has three parameters: ReportYear, ReportMonth and EmpID.&lt;br>
The SQL that defines EmpSalesDetail is as follows:&lt;/p>
&lt;p>&lt;strong>SQL&lt;/strong>&lt;/p>
&lt;p>SELECT C.FirstName+&amp;rsquo; &amp;lsquo;+C.LastName &amp;lsquo;Employee&amp;rsquo;,DATEPART(Month,SOH.OrderDate) &amp;lsquo;OrderMonthNum&amp;rsquo;,PS.Name &amp;lsquo;SubCat&amp;rsquo;,Sum(SOD.LineTotal) &amp;lsquo;Sales&amp;rsquo;,SOH.SalesOrderNumber,P.Name &amp;lsquo;Product&amp;rsquo;,Sum(SOD.OrderQty) &amp;lsquo;OrderQty&amp;rsquo;,SOD.UnitPrice,PC.Name &amp;lsquo;ProdCat&amp;rsquo;FROM AdventureWorks.Person.Contact C,AdventureWorks.HumanResources.Employee E,AdventureWorks.Production.Product P,AdventureWorks.Production.ProductCategory PC,AdventureWorks.Production.ProductSubcategory PS,AdventureWorks.Sales.SalesOrderDetail SOD,AdventureWorks.Sales.SalesOrderHeader SOH,AdventureWorks.Sales.SalesPerson SPWHERE SOH.SalesOrderID = SOD.SalesOrderIDAND SOH.SalesPersonID = SP.SalesPersonIDAND SP.SalesPersonID = E.EmployeeIDAND E.ContactID = C.ContactIDAND SOD.ProductID = P.ProductIDAND P.ProductSubcategoryID = PS.ProductSubcategoryID AND PS.ProductCategoryID = PC.ProductCategoryIDAND ((DATEPART(Year,SOH.OrderDate)=?)AND (DATEPART(Month,SOH.OrderDate)=?) AND (SOH.SalesPersonID=?))GROUP BY C.FirstName+&amp;rsquo; &amp;lsquo;+C.LastName, DATEPART(Month,SOH.OrderDate), PS.Name,SOH.SalesOrderNumber,P.Name,SOD.UnitPrice,PC.Name&lt;/p>
&lt;/li>
&lt;li>
&lt;p>Create a dataset named SalesEmps. We&amp;rsquo;ll use that as the valid values for the EmpID parameter.&lt;br>
The SQL that defines SalesEmps is:&lt;/p>
&lt;p>&lt;strong>SQL&lt;/strong>&lt;/p>
&lt;p>SELECT E.EmployeeID, C.FirstName + N&amp;rsquo; ' + C.LastName AS EmployeeFROM HumanResources.Employee E INNER JOIN Sales.SalesPerson SPON E.EmployeeID = SP.SalesPersonID INNER JOIN Person.Contact CON E.ContactID = C.ContactID ORDER BY C.LastName, C.FirstName&lt;/p>
&lt;/li>
&lt;li>
&lt;p>Create three report parameters: ReportYear, ReportMonth and EmpID.&lt;/p>
&lt;ul>
&lt;li>
&lt;p>The valid values for the parameter ReportYear are:&lt;/p>
&lt;p>&lt;img src="https://docs2.aspose.com/cells/reportingservices/attachments/6094952/6193291.png" alt="">&lt;/p>
&lt;/li>
&lt;li>
&lt;p>The valid values for the parameter ReportMonth is:&lt;/p>
&lt;p>&lt;img src="https://docs2.aspose.com/cells/reportingservices/attachments/6094952/6193296.png" alt="">&lt;/p>
&lt;/li>
&lt;li>
&lt;p>The valid value for the parameter EmpID are:&lt;/p>
&lt;p>&lt;img src="https://docs2.aspose.com/cells/reportingservices/attachments/6094952/6193297.png" alt="">&lt;/p>
&lt;/li>
&lt;/ul>
&lt;/li>
&lt;li>
&lt;p>Map the dataset parameters to report parameters, as follow:&lt;/p>
&lt;p>&lt;img src="https://docs2.aspose.com/cells/reportingservices/attachments/6094952/6193294.png" alt="">&lt;/p>
&lt;/li>
&lt;/ol>
&lt;h2 id="attachments">Attachments:&lt;/h2>
&lt;p>&lt;img src="https://docs2.aspose.com/cells/reportingservices/images/icons/bullet_blue.gif" alt=""> &lt;a href="https://docs2.aspose.com/cells/reportingservices/attachments/6094952/6193291.png">Preparing for Creating Table Report-001.png&lt;/a> (image/png)&lt;br>
&lt;img src="https://docs2.aspose.com/cells/reportingservices/images/icons/bullet_blue.gif" alt=""> &lt;a href="https://docs2.aspose.com/cells/reportingservices/attachments/6094952/6193296.png">Preparing for Creating Table Report-002.png&lt;/a> (image/png)&lt;br>
&lt;img src="https://docs2.aspose.com/cells/reportingservices/images/icons/bullet_blue.gif" alt=""> &lt;a href="https://docs2.aspose.com/cells/reportingservices/attachments/6094952/6193297.png">Preparing for Creating Table Report-003.png&lt;/a> (image/png)&lt;br>
&lt;img src="https://docs2.aspose.com/cells/reportingservices/images/icons/bullet_blue.gif" alt=""> &lt;a href="https://docs2.aspose.com/cells/reportingservices/attachments/6094952/6193294.png">Preparing for Creating Table Report-004.png&lt;/a> (image/png)&lt;/p></description></item><item><title>Reportingservices: Adding base information for Table</title><link>https://docs2.aspose.com/cells/reportingservices/userguide/creatingtabularreport/adding+base+information+for+table/</link><pubDate>Mon, 01 Jan 0001 00:00:00 +0000</pubDate><guid>https://docs2.aspose.com/cells/reportingservices/userguide/creatingtabularreport/adding+base+information+for+table/</guid><description>
&lt;p>Aspose.Cells for Reporting Services : Adding base information for Table&lt;/p>
&lt;h1 id="asposecells-for-reporting-services--adding-base-information-for-table">Aspose.Cells for Reporting Services : Adding base information for Table&lt;/h1>
&lt;p>To create a new table:&lt;/p>
&lt;ol>
&lt;li>
&lt;p>Open Microsft Excel.&lt;/p>
&lt;/li>
&lt;li>
&lt;p>Click &lt;strong>Open Report&lt;/strong> &lt;img src="https://docs2.aspose.com/cells/reportingservices/attachments/thumbnails/6094951/67338326" alt="">  on the Aspose.Cells.Report.Designer toolbar to open an RDL Report file that contains the data sources, datasets and Report Parameters created in advance. Once the file has been opened successfully all its information is available for use, for example, its datasets are listed in the relevant DataSet combo box.&lt;/p>
&lt;p>&lt;img src="https://docs2.aspose.com/cells/reportingservices/attachments/6094951/67338331.png" alt="">&lt;/p>
&lt;/li>
&lt;li>
&lt;p>Open a Microsoft Excel spreadsheet and design the table header as following:&lt;/p>
&lt;p>&lt;strong>Designing the table header&lt;/strong>&lt;br>
&lt;img src="https://docs2.aspose.com/cells/reportingservices/attachments/6094951/67338333.png" alt="">&lt;/p>
&lt;/li>
&lt;li>
&lt;p>Select a dataset ”EmpSalesDetail” from relevant dataset combo box control.&lt;/p>
&lt;p>&lt;strong>Selecting a data set&lt;/strong>&lt;br>
&lt;img src="https://docs2.aspose.com/cells/reportingservices/attachments/6094951/67338335.png" alt="">&lt;/p>
&lt;/li>
&lt;li>
&lt;p>All the fields of dataset ”EmpSalesDetail” are listed in the fields combo box. Select the cell under the OrderNumber column Cell and then select ”SalesOrderNumber” field from the fields combo box to insert a data marker into the cell.&lt;/p>
&lt;p>&lt;strong>Inserting a field&lt;/strong>&lt;br>
&lt;img src="https://docs2.aspose.com/cells/reportingservices/attachments/6094951/67338337.png" alt="">&lt;/p>
&lt;p>&lt;strong>The field code shows where a field has been inserted.&lt;/strong>&lt;br>
&lt;img src="https://docs2.aspose.com/cells/reportingservices/attachments/6094951/67338338.png" alt="">&lt;/p>
&lt;/li>
&lt;li>
&lt;p>Repeat the step 5 to insert ProdCat and SubCat fields.&lt;/p>
&lt;p>&lt;strong>All fields inserted&lt;/strong>&lt;br>
&lt;img src="https://docs2.aspose.com/cells/reportingservices/attachments/6094951/67338340.png" alt="">&lt;/p>
&lt;/li>
&lt;/ol>
&lt;h2 id="attachments">Attachments:&lt;/h2>
&lt;p>&lt;img src="https://docs2.aspose.com/cells/reportingservices/images/icons/bullet_blue.gif" alt=""> &lt;a href="https://docs2.aspose.com/cells/reportingservices/attachments/6094951/6193299.png">Creating a new Table-001.png&lt;/a> (image/png)&lt;br>
&lt;img src="https://docs2.aspose.com/cells/reportingservices/images/icons/bullet_blue.gif" alt=""> &lt;a href="https://docs2.aspose.com/cells/reportingservices/attachments/6094951/6193304.png">Creating a new Table-002.png&lt;/a> (image/png)&lt;br>
&lt;img src="https://docs2.aspose.com/cells/reportingservices/images/icons/bullet_blue.gif" alt=""> &lt;a href="https://docs2.aspose.com/cells/reportingservices/attachments/6094951/6193305.png">Creating a new Table-003.png&lt;/a> (image/png)&lt;br>
&lt;img src="https://docs2.aspose.com/cells/reportingservices/images/icons/bullet_blue.gif" alt=""> &lt;a href="https://docs2.aspose.com/cells/reportingservices/attachments/6094951/6193302.png">Creating a new Table-004.png&lt;/a> (image/png)&lt;br>
&lt;img src="https://docs2.aspose.com/cells/reportingservices/images/icons/bullet_blue.gif" alt=""> &lt;a href="https://docs2.aspose.com/cells/reportingservices/attachments/6094951/6193303.png">Creating a new Table-005.png&lt;/a> (image/png)&lt;br>
&lt;img src="https://docs2.aspose.com/cells/reportingservices/images/icons/bullet_blue.gif" alt=""> &lt;a href="https://docs2.aspose.com/cells/reportingservices/attachments/6094951/6193307.png">Creating a new Table-006.png&lt;/a> (image/png)&lt;br>
&lt;img src="https://docs2.aspose.com/cells/reportingservices/images/icons/bullet_blue.gif" alt=""> &lt;a href="https://docs2.aspose.com/cells/reportingservices/attachments/6094951/6193306.png">Creating a new Table-007.png&lt;/a> (image/png)&lt;br>
&lt;img src="https://docs2.aspose.com/cells/reportingservices/images/icons/bullet_blue.gif" alt=""> &lt;a href="https://docs2.aspose.com/cells/reportingservices/attachments/6094951/67338323.png">addingbaseinfo1.png&lt;/a> (image/png)&lt;br>
&lt;img src="https://docs2.aspose.com/cells/reportingservices/images/icons/bullet_blue.gif" alt=""> &lt;a href="https://docs2.aspose.com/cells/reportingservices/attachments/6094951/67338322.png">addingbaseinfo1.png&lt;/a> (image/png)&lt;br>
&lt;img src="https://docs2.aspose.com/cells/reportingservices/images/icons/bullet_blue.gif" alt=""> &lt;a href="https://docs2.aspose.com/cells/reportingservices/attachments/6094951/67338330.png">addingbase1.png&lt;/a> (image/png)&lt;br>
&lt;img src="https://docs2.aspose.com/cells/reportingservices/images/icons/bullet_blue.gif" alt=""> &lt;a href="https://docs2.aspose.com/cells/reportingservices/attachments/6094951/67338326.png">addingbase1.png&lt;/a> (image/png)&lt;br>
&lt;img src="https://docs2.aspose.com/cells/reportingservices/images/icons/bullet_blue.gif" alt=""> &lt;a href="https://docs2.aspose.com/cells/reportingservices/attachments/6094951/67338331.png">addingbase2.png&lt;/a> (image/png)&lt;br>
&lt;img src="https://docs2.aspose.com/cells/reportingservices/images/icons/bullet_blue.gif" alt=""> &lt;a href="https://docs2.aspose.com/cells/reportingservices/attachments/6094951/67338333.png">addingbase3.png&lt;/a> (image/png)&lt;br>
&lt;img src="https://docs2.aspose.com/cells/reportingservices/images/icons/bullet_blue.gif" alt=""> &lt;a href="https://docs2.aspose.com/cells/reportingservices/attachments/6094951/67338335.png">addingbase4.png&lt;/a> (image/png)&lt;br>
&lt;img src="https://docs2.aspose.com/cells/reportingservices/images/icons/bullet_blue.gif" alt=""> &lt;a href="https://docs2.aspose.com/cells/reportingservices/attachments/6094951/67338337.png">addingbase5.png&lt;/a> (image/png)&lt;br>
&lt;img src="https://docs2.aspose.com/cells/reportingservices/images/icons/bullet_blue.gif" alt=""> &lt;a href="https://docs2.aspose.com/cells/reportingservices/attachments/6094951/67338338.png">addingbase6.png&lt;/a> (image/png)&lt;br>
&lt;img src="https://docs2.aspose.com/cells/reportingservices/images/icons/bullet_blue.gif" alt=""> &lt;a href="https://docs2.aspose.com/cells/reportingservices/attachments/6094951/67338340.png">addingbase7.png&lt;/a> (image/png)&lt;/p></description></item><item><title>Reportingservices: Adding Reporting Services Formulas</title><link>https://docs2.aspose.com/cells/reportingservices/userguide/creatingtabularreport/adding+reporting+services+formulas/</link><pubDate>Mon, 01 Jan 0001 00:00:00 +0000</pubDate><guid>https://docs2.aspose.com/cells/reportingservices/userguide/creatingtabularreport/adding+reporting+services+formulas/</guid><description>
&lt;p>Aspose.Cells for Reporting Services : Adding Reporting Services Formulas&lt;/p>
&lt;h1 id="asposecells-for-reporting-services--adding-reporting-services-formulas">Aspose.Cells for Reporting Services : Adding Reporting Services Formulas&lt;/h1>
&lt;p>To add Reporting Services Formulas to the table data cell, follow the steps below:&lt;/p>
&lt;ul>
&lt;li>Make the table data cell selected and Click **Insert Formula **on the Aspose.Cells.Report.Designer toolbar (&lt;img src="https://docs2.aspose.com/cells/reportingservices/attachments/6094954/6193314.png" alt="">).&lt;/li>
&lt;/ul>
&lt;p>&lt;img src="https://docs2.aspose.com/cells/reportingservices/attachments/6094954/67338343.png" alt="">&lt;/p>
&lt;ul>
&lt;li>Select ”DataSet” in the left panel, select ”EmpSalesDetail” in the middle panel and double click ”Sum(EmpSalesDetail.OrderQty)” in the right panel. A formula expression appears in the top edit box. Click &lt;strong>OK&lt;/strong> button to insert the expression into the cell.&lt;/li>
&lt;/ul>
&lt;p>&lt;img src="https://docs2.aspose.com/cells/reportingservices/attachments/6094954/67338344.png" alt="">&lt;/p>
&lt;ul>
&lt;li>The result will be shown as following.&lt;/li>
&lt;/ul>
&lt;p>&lt;strong>The inserted expression&lt;/strong>&lt;br>
&lt;img src="https://docs2.aspose.com/cells/reportingservices/attachments/6094954/67338345.png" alt="">&lt;/p>
&lt;ul>
&lt;li>Repeat the above steps to add formula to Sales column, as shown in the following.&lt;/li>
&lt;/ul>
&lt;p>&lt;strong>Formula added to the sales column&lt;/strong>&lt;br>
&lt;img src="https://docs2.aspose.com/cells/reportingservices/attachments/6094954/67338346.png" alt="">&lt;/p>
&lt;h2 id="attachments">Attachments:&lt;/h2>
&lt;p>&lt;img src="https://docs2.aspose.com/cells/reportingservices/images/icons/bullet_blue.gif" alt=""> &lt;a href="https://docs2.aspose.com/cells/reportingservices/attachments/6094954/6193314.png">Adding Reporting Services Formulas-001.png&lt;/a> (image/png)&lt;br>
&lt;img src="https://docs2.aspose.com/cells/reportingservices/images/icons/bullet_blue.gif" alt=""> &lt;a href="https://docs2.aspose.com/cells/reportingservices/attachments/6094954/6193317.png">Adding Reporting Services Formulas-002.png&lt;/a> (image/png)&lt;br>
&lt;img src="https://docs2.aspose.com/cells/reportingservices/images/icons/bullet_blue.gif" alt=""> &lt;a href="https://docs2.aspose.com/cells/reportingservices/attachments/6094954/6193316.png">Adding Reporting Services Formulas-003.png&lt;/a> (image/png)&lt;br>
&lt;img src="https://docs2.aspose.com/cells/reportingservices/images/icons/bullet_blue.gif" alt=""> &lt;a href="https://docs2.aspose.com/cells/reportingservices/attachments/6094954/6193319.png">Adding Reporting Services Formulas-004.png&lt;/a> (image/png)&lt;br>
&lt;img src="https://docs2.aspose.com/cells/reportingservices/images/icons/bullet_blue.gif" alt=""> &lt;a href="https://docs2.aspose.com/cells/reportingservices/attachments/6094954/6193318.png">Adding Reporting Services Formulas-005.png&lt;/a> (image/png)&lt;br>
&lt;img src="https://docs2.aspose.com/cells/reportingservices/images/icons/bullet_blue.gif" alt=""> &lt;a href="https://docs2.aspose.com/cells/reportingservices/attachments/6094954/67338343.png">addiingreportingservices1.png&lt;/a> (image/png)&lt;br>
&lt;img src="https://docs2.aspose.com/cells/reportingservices/images/icons/bullet_blue.gif" alt=""> &lt;a href="https://docs2.aspose.com/cells/reportingservices/attachments/6094954/67338344.png">addiingreportingservices2.png&lt;/a> (image/png)&lt;br>
&lt;img src="https://docs2.aspose.com/cells/reportingservices/images/icons/bullet_blue.gif" alt=""> &lt;a href="https://docs2.aspose.com/cells/reportingservices/attachments/6094954/67338345.png">addiingreportingservices3.png&lt;/a> (image/png)&lt;br>
&lt;img src="https://docs2.aspose.com/cells/reportingservices/images/icons/bullet_blue.gif" alt=""> &lt;a href="https://docs2.aspose.com/cells/reportingservices/attachments/6094954/67338346.png">addiingreportingservices4.png&lt;/a> (image/png)&lt;/p></description></item><item><title>Reportingservices: Adding Table Group</title><link>https://docs2.aspose.com/cells/reportingservices/userguide/creatingtabularreport/adding+table+group/</link><pubDate>Mon, 01 Jan 0001 00:00:00 +0000</pubDate><guid>https://docs2.aspose.com/cells/reportingservices/userguide/creatingtabularreport/adding+table+group/</guid><description>
&lt;p>Aspose.Cells for Reporting Services : Adding Table Group&lt;/p>
&lt;h1 id="asposecells-for-reporting-services--adding-table-group">Aspose.Cells for Reporting Services : Adding Table Group&lt;/h1>
&lt;p>To add table group, follow the steps below:&lt;/p>
&lt;p>1)    Select the group tag cell which is on the left of the first column of table data column, under the table data row, as shown in the following.&lt;/p>
&lt;p>&lt;img src="https://docs2.aspose.com/cells/reportingservices/attachments/6094953/67338347.png" alt=""> &lt;/p>
&lt;p>2)    Select ”SalesOrderNumber” in the &lt;strong>Set Group&lt;/strong> combo box to set the group field.&lt;/p>
&lt;p>&lt;img src="https://docs2.aspose.com/cells/reportingservices/attachments/6094953/67338348.png" alt="">&lt;/p>
&lt;p>The result is shown in the following.&lt;/p>
&lt;p>&lt;img src="https://docs2.aspose.com/cells/reportingservices/attachments/6094953/67338349.png" alt="">&lt;/p>
&lt;p>3)    Add the group data row according to the instructions described above. Group data row may contain static text, data markers, Reporting Service Formulas and so on. In the sample, we add a group row that contains a merged static text cell and Reporting Services Formula cell, as shown in the following.&lt;/p>
&lt;p>&lt;img src="https://docs2.aspose.com/cells/reportingservices/attachments/6094953/67338350.png" alt="">&lt;/p>
&lt;p>4)    More than one group data row is allowed in a table. We can add a group data row again, as shown in the following.&lt;/p>
&lt;p>&lt;img src="https://docs2.aspose.com/cells/reportingservices/attachments/6094953/67338351.png" alt="">&lt;/p>
&lt;h2 id="attachments">Attachments:&lt;/h2>
&lt;p>&lt;img src="https://docs2.aspose.com/cells/reportingservices/images/icons/bullet_blue.gif" alt=""> &lt;a href="https://docs2.aspose.com/cells/reportingservices/attachments/6094953/6193325.png">Adding Table Group-001.png&lt;/a> (image/png)&lt;br>
&lt;img src="https://docs2.aspose.com/cells/reportingservices/images/icons/bullet_blue.gif" alt=""> &lt;a href="https://docs2.aspose.com/cells/reportingservices/attachments/6094953/6193326.png">Adding Table Group-002.png&lt;/a> (image/png)&lt;br>
&lt;img src="https://docs2.aspose.com/cells/reportingservices/images/icons/bullet_blue.gif" alt=""> &lt;a href="https://docs2.aspose.com/cells/reportingservices/attachments/6094953/6193327.png">Adding Table Group-003.png&lt;/a> (image/png)&lt;br>
&lt;img src="https://docs2.aspose.com/cells/reportingservices/images/icons/bullet_blue.gif" alt=""> &lt;a href="https://docs2.aspose.com/cells/reportingservices/attachments/6094953/6193328.png">Adding Table Group-004.png&lt;/a> (image/png)&lt;br>
&lt;img src="https://docs2.aspose.com/cells/reportingservices/images/icons/bullet_blue.gif" alt=""> &lt;a href="https://docs2.aspose.com/cells/reportingservices/attachments/6094953/6193329.png">Adding Table Group-005.png&lt;/a> (image/png)&lt;br>
&lt;img src="https://docs2.aspose.com/cells/reportingservices/images/icons/bullet_blue.gif" alt=""> &lt;a href="https://docs2.aspose.com/cells/reportingservices/attachments/6094953/67338347.png">addingtablegroup1.png&lt;/a> (image/png)&lt;br>
&lt;img src="https://docs2.aspose.com/cells/reportingservices/images/icons/bullet_blue.gif" alt=""> &lt;a href="https://docs2.aspose.com/cells/reportingservices/attachments/6094953/67338348.png">addingtablegroup2.png&lt;/a> (image/png)&lt;br>
&lt;img src="https://docs2.aspose.com/cells/reportingservices/images/icons/bullet_blue.gif" alt=""> &lt;a href="https://docs2.aspose.com/cells/reportingservices/attachments/6094953/67338349.png">addingtablegroup3.png&lt;/a> (image/png)&lt;br>
&lt;img src="https://docs2.aspose.com/cells/reportingservices/images/icons/bullet_blue.gif" alt=""> &lt;a href="https://docs2.aspose.com/cells/reportingservices/attachments/6094953/67338350.png">addingtablegroup4.png&lt;/a> (image/png)&lt;br>
&lt;img src="https://docs2.aspose.com/cells/reportingservices/images/icons/bullet_blue.gif" alt=""> &lt;a href="https://docs2.aspose.com/cells/reportingservices/attachments/6094953/67338351.png">addingtablegroup5.png&lt;/a> (image/png)&lt;/p></description></item><item><title>Reportingservices: Adding Table Footers</title><link>https://docs2.aspose.com/cells/reportingservices/userguide/creatingtabularreport/adding+table+footers/</link><pubDate>Mon, 01 Jan 0001 00:00:00 +0000</pubDate><guid>https://docs2.aspose.com/cells/reportingservices/userguide/creatingtabularreport/adding+table+footers/</guid><description>
&lt;p>Aspose.Cells for Reporting Services : Adding Table Footers&lt;/p>
&lt;h1 id="asposecells-for-reporting-services--adding-table-footers">Aspose.Cells for Reporting Services : Adding Table Footers&lt;/h1>
&lt;p>To add table footers:&lt;/p>
&lt;ol>
&lt;li>
&lt;p>Select the footer tag cell, directly on the left of the first column of the table, but under the table group data row (or table data row if the table does not contain a table group):&lt;/p>
&lt;p>&lt;strong>Selecting the footer tag cell&lt;/strong>&lt;br>
&lt;img src="https://docs2.aspose.com/cells/reportingservices/attachments/6094964/6193335.png" alt="">&lt;/p>
&lt;/li>
&lt;li>
&lt;p>Click &lt;strong>Set Footer&lt;/strong> on the Aspose.Cells.Report.Designer toolbar (&lt;img src="https://docs2.aspose.com/cells/reportingservices/attachments/6094964/6193336.png" alt="">).&lt;/p>
&lt;p>&lt;strong>The footer tag set&lt;/strong>&lt;br>
&lt;img src="https://docs2.aspose.com/cells/reportingservices/attachments/6094964/6193345.png" alt="">&lt;/p>
&lt;/li>
&lt;li>
&lt;p>Add the footer data row.&lt;br>
Footer data rows can contain static text, data markers, Reporting Services formulas and so on. Here, we&amp;rsquo;ve added a footer row that contains a merged static text cell and a Reporting Services formula cell.&lt;/p>
&lt;p>&lt;strong>The completed footer&lt;/strong>&lt;br>
&lt;img src="https://docs2.aspose.com/cells/reportingservices/attachments/6094964/6193344.png" alt="">&lt;/p>
&lt;p>More than one footer data row is allowed in a table.&lt;/p>
&lt;p>&lt;strong>A second footer row&lt;/strong>&lt;br>
&lt;img src="https://docs2.aspose.com/cells/reportingservices/attachments/6094964/6193343.png" alt="">&lt;/p>
&lt;/li>
&lt;/ol>
&lt;h2 id="attachments">Attachments:&lt;/h2>
&lt;p>&lt;img src="https://docs2.aspose.com/cells/reportingservices/images/icons/bullet_blue.gif" alt=""> &lt;a href="https://docs2.aspose.com/cells/reportingservices/attachments/6094964/6193335.png">Adding Table Footers-001.png&lt;/a> (image/png)&lt;br>
&lt;img src="https://docs2.aspose.com/cells/reportingservices/images/icons/bullet_blue.gif" alt=""> &lt;a href="https://docs2.aspose.com/cells/reportingservices/attachments/6094964/6193336.png">Adding Table Footers-002.png&lt;/a> (image/png)&lt;br>
&lt;img src="https://docs2.aspose.com/cells/reportingservices/images/icons/bullet_blue.gif" alt=""> &lt;a href="https://docs2.aspose.com/cells/reportingservices/attachments/6094964/6193337.png">Adding Table Footers-003.png&lt;/a> (image/png)&lt;br>
&lt;img src="https://docs2.aspose.com/cells/reportingservices/images/icons/bullet_blue.gif" alt=""> &lt;a href="https://docs2.aspose.com/cells/reportingservices/attachments/6094964/6193345.png">Adding Table Footers-004.png&lt;/a> (image/png)&lt;br>
&lt;img src="https://docs2.aspose.com/cells/reportingservices/images/icons/bullet_blue.gif" alt=""> &lt;a href="https://docs2.aspose.com/cells/reportingservices/attachments/6094964/6193344.png">Adding Table Footers-005.png&lt;/a> (image/png)&lt;br>
&lt;img src="https://docs2.aspose.com/cells/reportingservices/images/icons/bullet_blue.gif" alt=""> &lt;a href="https://docs2.aspose.com/cells/reportingservices/attachments/6094964/6193343.png">Adding Table Footers-006.png&lt;/a> (image/png)&lt;/p></description></item><item><title>Reportingservices: Adding Report Parameters to Report</title><link>https://docs2.aspose.com/cells/reportingservices/userguide/creatingtabularreport/adding+report+parameters+to+report/</link><pubDate>Mon, 01 Jan 0001 00:00:00 +0000</pubDate><guid>https://docs2.aspose.com/cells/reportingservices/userguide/creatingtabularreport/adding+report+parameters+to+report/</guid><description>
&lt;p>Aspose.Cells for Reporting Services : Adding Report Parameters to Report&lt;/p>
&lt;h1 id="asposecells-for-reporting-services--adding-report-parameters-to-report">Aspose.Cells for Reporting Services : Adding Report Parameters to Report&lt;/h1>
&lt;p>Aspose.Cells&amp;rsquo; report template supports Reporting Services report parameters as a data source for cells that contains a Reporting Services parameter marker. Please refer to &lt;a href="https://docs2.aspose.com/cells/reportingservices/userguide/aspose.cells+template+and+smart+markers">Aspose.Cells Template and Smart Markers&lt;/a> to learn about Reporting Services parameter markers. Report parameters are normally placed in the text area of table header or footer.&lt;/p>
&lt;h3 id="adding-a-report-parameter">Adding a Report Parameter&lt;/h3>
&lt;p>To add report parameters to reports:&lt;/p>
&lt;ol>
&lt;li>
&lt;p>Select a cell.&lt;/p>
&lt;p>&lt;strong>Selecting a cell&lt;/strong>&lt;br>
&lt;img src="https://docs2.aspose.com/cells/reportingservices/attachments/6094963/6193352.png" alt="">&lt;/p>
&lt;/li>
&lt;li>
&lt;p>Click Insert formula on the Aspose.Cells.Report.Designer toolbar (&lt;img src="https://docs2.aspose.com/cells/reportingservices/attachments/6094963/6193351.png" alt="">).&lt;/p>
&lt;/li>
&lt;li>
&lt;p>Select &lt;strong>Parameters&lt;/strong> from the Parameters panel to the left.&lt;br>
All the parameters are listed in the right panel.&lt;/p>
&lt;/li>
&lt;li>
&lt;p>Select a parameter, in the example, we&amp;rsquo;ve selected EmpID.&lt;/p>
&lt;/li>
&lt;li>
&lt;p>Double-click the parameter to make the expression appear in the editor at the top of the form.&lt;br>
A parameter has two data attributes: label and value (the default attribute is value).&lt;/p>
&lt;p>&lt;strong>Selecting a parameter&lt;/strong>&lt;br>
&lt;img src="https://docs2.aspose.com/cells/reportingservices/attachments/6094963/6193350.png" alt="">&lt;/p>
&lt;/li>
&lt;li>
&lt;p>In the sample, the parameter&amp;rsquo;s label should be shown in the report, so modify the expression to &lt;code>Parameters!EmpID.Label&lt;/code>.&lt;/p>
&lt;p>&lt;strong>Modifying the parameter&lt;/strong>&lt;br>
&lt;img src="https://docs2.aspose.com/cells/reportingservices/attachments/6094963/6193349.png" alt="">&lt;/p>
&lt;/li>
&lt;li>
&lt;p>Click &lt;strong>OK&lt;/strong>.&lt;br>
The selected cell contains a report parameters marker.&lt;/p>
&lt;p>&lt;strong>A report parameter inserted into the cell&lt;/strong>&lt;br>
&lt;img src="https://docs2.aspose.com/cells/reportingservices/attachments/6094963/6193348.png" alt="">&lt;/p>
&lt;/li>
&lt;/ol>
&lt;h2 id="attachments">Attachments:&lt;/h2>
&lt;p>&lt;img src="https://docs2.aspose.com/cells/reportingservices/images/icons/bullet_blue.gif" alt=""> &lt;a href="https://docs2.aspose.com/cells/reportingservices/attachments/6094963/6193352.png">Adding Report Parameters to Report-001.png&lt;/a> (image/png)&lt;br>
&lt;img src="https://docs2.aspose.com/cells/reportingservices/images/icons/bullet_blue.gif" alt=""> &lt;a href="https://docs2.aspose.com/cells/reportingservices/attachments/6094963/6193351.png">Adding Report Parameters to Report-002.png&lt;/a> (image/png)&lt;br>
&lt;img src="https://docs2.aspose.com/cells/reportingservices/images/icons/bullet_blue.gif" alt=""> &lt;a href="https://docs2.aspose.com/cells/reportingservices/attachments/6094963/6193350.png">Adding Report Parameters to Report-003.png&lt;/a> (image/png)&lt;br>
&lt;img src="https://docs2.aspose.com/cells/reportingservices/images/icons/bullet_blue.gif" alt=""> &lt;a href="https://docs2.aspose.com/cells/reportingservices/attachments/6094963/6193349.png">Adding Report Parameters to Report-004.png&lt;/a> (image/png)&lt;br>
&lt;img src="https://docs2.aspose.com/cells/reportingservices/images/icons/bullet_blue.gif" alt=""> &lt;a href="https://docs2.aspose.com/cells/reportingservices/attachments/6094963/6193348.png">Adding Report Parameters to Report-005.png&lt;/a> (image/png)&lt;/p></description></item><item><title>Reportingservices: Adding Reporting Services Global Variables to Report</title><link>https://docs2.aspose.com/cells/reportingservices/userguide/creatingtabularreport/adding+reporting+services+global+variables+to+report/</link><pubDate>Mon, 01 Jan 0001 00:00:00 +0000</pubDate><guid>https://docs2.aspose.com/cells/reportingservices/userguide/creatingtabularreport/adding+reporting+services+global+variables+to+report/</guid><description>
&lt;p>Aspose.Cells for Reporting Services : Adding Reporting Services Global Variables to Report&lt;/p>
&lt;h1 id="asposecells-for-reporting-services--adding-reporting-services-global-variables-to-report">Aspose.Cells for Reporting Services : Adding Reporting Services Global Variables to Report&lt;/h1>
&lt;p>Aspose.Cells&amp;rsquo; report template supports Reporting Services&amp;rsquo; global variables as a data source for cells that contain a Reporting Services global variables marker.&lt;/p>
&lt;p>&lt;a href="https://docs2.aspose.com/cells/reportingservices/userguide/aspose.cells+template+and+smart+markers">Aspose.Cells Template and Smart Markers&lt;/a> explains how Reporting Services Global Variables markers work. Global variables are normally placed in the text area of a table header or footer.&lt;/p>
&lt;p>To add global variables to reports:&lt;/p>
&lt;ol>
&lt;li>
&lt;p>Select a cell.&lt;/p>
&lt;p>&lt;strong>A selected cell&lt;/strong>&lt;br>
&lt;img src="https://docs2.aspose.com/cells/reportingservices/attachments/6094967/6193359.png" alt="">&lt;/p>
&lt;/li>
&lt;li>
&lt;p>Click &lt;strong>Insert formula&lt;/strong> on the Aspose.Cells.Report.Designer toolbar (&lt;img src="https://docs2.aspose.com/cells/reportingservices/attachments/6094967/6193356.png" alt="">).&lt;/p>
&lt;/li>
&lt;li>
&lt;p>Select &lt;strong>Globals&lt;/strong> in the left panel.&lt;br>
All global variables are listed to the right.&lt;/p>
&lt;/li>
&lt;li>
&lt;p>Select &lt;strong>ReportName&lt;/strong> and double-click.&lt;br>
The expression appears in the &lt;strong>Edit&lt;/strong> box at the top.&lt;/p>
&lt;p>&lt;strong>Selecting a global variable&lt;/strong>&lt;br>
&lt;img src="https://docs2.aspose.com/cells/reportingservices/attachments/6094967/6193357.png" alt="">&lt;/p>
&lt;/li>
&lt;li>
&lt;p>Click &lt;strong>OK&lt;/strong> to finish.&lt;br>
The cell now contains a global variable marker.&lt;/p>
&lt;p>&lt;strong>A global variables marker in a cell&lt;/strong>&lt;br>
&lt;img src="https://docs2.aspose.com/cells/reportingservices/attachments/6094967/6193354.png" alt="">&lt;/p>
&lt;/li>
&lt;/ol>
&lt;h2 id="attachments">Attachments:&lt;/h2>
&lt;p>&lt;img src="https://docs2.aspose.com/cells/reportingservices/images/icons/bullet_blue.gif" alt=""> &lt;a href="https://docs2.aspose.com/cells/reportingservices/attachments/6094967/6193359.png">Adding Reporting Services Global Variables to Report-001.png&lt;/a> (image/png)&lt;br>
&lt;img src="https://docs2.aspose.com/cells/reportingservices/images/icons/bullet_blue.gif" alt=""> &lt;a href="https://docs2.aspose.com/cells/reportingservices/attachments/6094967/6193356.png">Adding Reporting Services Global Variables to Report-002.png&lt;/a> (image/png)&lt;br>
&lt;img src="https://docs2.aspose.com/cells/reportingservices/images/icons/bullet_blue.gif" alt=""> &lt;a href="https://docs2.aspose.com/cells/reportingservices/attachments/6094967/6193357.png">Adding Reporting Services Global Variables to Report-003.png&lt;/a> (image/png)&lt;br>
&lt;img src="https://docs2.aspose.com/cells/reportingservices/images/icons/bullet_blue.gif" alt=""> &lt;a href="https://docs2.aspose.com/cells/reportingservices/attachments/6094967/6193354.png">Adding Reporting Services Global Variables to Report-004.png&lt;/a> (image/png)&lt;/p></description></item><item><title>Reportingservices: Setting Report Attributes</title><link>https://docs2.aspose.com/cells/reportingservices/userguide/creatingtabularreport/setting+report+attributes/</link><pubDate>Mon, 01 Jan 0001 00:00:00 +0000</pubDate><guid>https://docs2.aspose.com/cells/reportingservices/userguide/creatingtabularreport/setting+report+attributes/</guid><description>
&lt;p>Aspose.Cells for Reporting Services : Setting Report Attributes&lt;/p>
&lt;h1 id="asposecells-for-reporting-services--setting-report-attributes">Aspose.Cells for Reporting Services : Setting Report Attributes&lt;/h1>
&lt;p>To create a table report, you need to set report attributes before publishing the report to the Report Server. The report attributes holds information about the report&amp;rsquo;s name, range, data grouping, sorting and so on.&lt;/p>
&lt;p>To set up the attributes of a table report:&lt;/p>
&lt;ol>
&lt;li>
&lt;p>Click &lt;strong>Set Attribute&lt;/strong> on the Aspose.Cells.Report.Designer toolbar (&lt;img src="https://docs2.aspose.com/cells/reportingservices/attachments/6094965/6193367.png" alt="">).&lt;/p>
&lt;/li>
&lt;li>
&lt;p>Enter the report name into the dialog box.&lt;/p>
&lt;p>&lt;strong>Setting the report name&lt;/strong>&lt;br>
&lt;img src="https://docs2.aspose.com/cells/reportingservices/attachments/6094965/6193364.png" alt="">&lt;/p>
&lt;/li>
&lt;li>
&lt;p>Click &lt;strong>Next&lt;/strong>.&lt;/p>
&lt;/li>
&lt;li>
&lt;p>Select a range for the report.&lt;br>
The range starts with the first cell in the table data row and ends at the last cell of the footer row, or, if there are no footers, the last cell of the group data.&lt;br>
The start and end cells&amp;rsquo; index appears in the &lt;strong>Range&lt;/strong> field automatically. Here, the range includes cells from D4 to H8.&lt;/p>
&lt;p>&lt;strong>Defining the report range&lt;/strong>&lt;br>
&lt;img src="https://docs2.aspose.com/cells/reportingservices/attachments/6094965/6193365.png" alt="">&lt;/p>
&lt;/li>
&lt;li>
&lt;p>Click &lt;strong>Next&lt;/strong> to continue.&lt;br>
All the fields of the dataset are listed in the left panel in the dialog box.&lt;/p>
&lt;/li>
&lt;li>
&lt;p>Select fields to group the data by.&lt;/p>
&lt;p>&lt;strong>Selecting fields for grouping data&lt;/strong>&lt;br>
&lt;img src="https://docs2.aspose.com/cells/reportingservices/attachments/6094965/6193362.png" alt="">&lt;/p>
&lt;/li>
&lt;li>
&lt;p>Click &lt;strong>Next&lt;/strong> to continue.&lt;/p>
&lt;/li>
&lt;li>
&lt;p>Select fields to order the data by.&lt;/p>
&lt;p>&lt;strong>Selecting fields to order data by&lt;/strong>&lt;br>
&lt;img src="https://docs2.aspose.com/cells/reportingservices/attachments/6094965/6193363.png" alt="">&lt;/p>
&lt;/li>
&lt;li>
&lt;p>Click &lt;strong>Next&lt;/strong>.&lt;/p>
&lt;p>A summary of the report is displayed.&lt;br>
&lt;strong>Report summary&lt;/strong>&lt;br>
&lt;img src="https://docs2.aspose.com/cells/reportingservices/attachments/6094965/6193375.png" alt="">&lt;/p>
&lt;/li>
&lt;li>
&lt;p>Click &lt;strong>Finish&lt;/strong>.&lt;/p>
&lt;/li>
&lt;/ol>
&lt;h2 id="attachments">Attachments:&lt;/h2>
&lt;p>&lt;img src="https://docs2.aspose.com/cells/reportingservices/images/icons/bullet_blue.gif" alt=""> &lt;a href="https://docs2.aspose.com/cells/reportingservices/attachments/6094965/6193367.png">Setting Report Attributes-001.png&lt;/a> (image/png)&lt;br>
&lt;img src="https://docs2.aspose.com/cells/reportingservices/images/icons/bullet_blue.gif" alt=""> &lt;a href="https://docs2.aspose.com/cells/reportingservices/attachments/6094965/6193364.png">Setting Report Attributes-002.png&lt;/a> (image/png)&lt;br>
&lt;img src="https://docs2.aspose.com/cells/reportingservices/images/icons/bullet_blue.gif" alt=""> &lt;a href="https://docs2.aspose.com/cells/reportingservices/attachments/6094965/6193365.png">Setting Report Attributes-003.png&lt;/a> (image/png)&lt;br>
&lt;img src="https://docs2.aspose.com/cells/reportingservices/images/icons/bullet_blue.gif" alt=""> &lt;a href="https://docs2.aspose.com/cells/reportingservices/attachments/6094965/6193362.png">Setting Report Attributes-004.png&lt;/a> (image/png)&lt;br>
&lt;img src="https://docs2.aspose.com/cells/reportingservices/images/icons/bullet_blue.gif" alt=""> &lt;a href="https://docs2.aspose.com/cells/reportingservices/attachments/6094965/6193363.png">Setting Report Attributes-005.png&lt;/a> (image/png)&lt;br>
&lt;img src="https://docs2.aspose.com/cells/reportingservices/images/icons/bullet_blue.gif" alt=""> &lt;a href="https://docs2.aspose.com/cells/reportingservices/attachments/6094965/6193375.png">Setting Report Attributes-006.png&lt;/a> (image/png)&lt;/p></description></item><item><title>Reportingservices: Modifying Report Attributes</title><link>https://docs2.aspose.com/cells/reportingservices/userguide/creatingtabularreport/modifying+report+attributes/</link><pubDate>Mon, 01 Jan 0001 00:00:00 +0000</pubDate><guid>https://docs2.aspose.com/cells/reportingservices/userguide/creatingtabularreport/modifying+report+attributes/</guid><description>
&lt;p>Aspose.Cells for Reporting Services : Modifying Report Attributes&lt;/p>
&lt;h1 id="asposecells-for-reporting-services--modifying-report-attributes">Aspose.Cells for Reporting Services : Modifying Report Attributes&lt;/h1>
&lt;p>To modify the attributes of a report:&lt;/p>
&lt;ol>
&lt;li>
&lt;p>Click &lt;strong>Modify Attribute&lt;/strong> on the Aspose.Cells.Report.Designer toolbar (&lt;img src="https://docs2.aspose.com/cells/reportingservices/attachments/6094960/6193372.png" alt="">).&lt;br>
Available reports are listed in the left panel.&lt;/p>
&lt;/li>
&lt;li>
&lt;p>Select a report and click &lt;strong>Modify&lt;/strong>.&lt;/p>
&lt;p>&lt;strong>Selecting a report&lt;/strong>&lt;br>
&lt;img src="https://docs2.aspose.com/cells/reportingservices/attachments/6094960/6193383.png" alt="">&lt;/p>
&lt;/li>
&lt;li>
&lt;p>Modify the report attributes.&lt;/p>
&lt;p>&lt;strong>Modifying the attributes&lt;/strong>&lt;br>
&lt;img src="https://docs2.aspose.com/cells/reportingservices/attachments/6094960/6193382.png" alt="">&lt;/p>
&lt;/li>
&lt;li>
&lt;p>Click &lt;strong>Commit&lt;/strong> to finish.&lt;/p>
&lt;/li>
&lt;/ol>
&lt;h2 id="attachments">Attachments:&lt;/h2>
&lt;p>&lt;img src="https://docs2.aspose.com/cells/reportingservices/images/icons/bullet_blue.gif" alt=""> &lt;a href="https://docs2.aspose.com/cells/reportingservices/attachments/6094960/6193372.png">Modifying Report Attributes-001.png&lt;/a> (image/png)&lt;br>
&lt;img src="https://docs2.aspose.com/cells/reportingservices/images/icons/bullet_blue.gif" alt=""> &lt;a href="https://docs2.aspose.com/cells/reportingservices/attachments/6094960/6193383.png">Modifying Report Attributes-002.png&lt;/a> (image/png)&lt;br>
&lt;img src="https://docs2.aspose.com/cells/reportingservices/images/icons/bullet_blue.gif" alt=""> &lt;a href="https://docs2.aspose.com/cells/reportingservices/attachments/6094960/6193382.png">Modifying Report Attributes-003.png&lt;/a> (image/png)&lt;/p></description></item></channel></rss>