<rss version="2.0" xmlns:atom="http://www.w3.org/2005/Atom"><channel><title>Documentation – Supported File Formats</title><link>https://docs2.aspose.com/cells/reportingservices/gettingstarted/supported+file+formats/</link><description>Recent content in Supported File Formats on Documentation</description><generator>Hugo -- gohugo.io</generator><atom:link href="https://docs2.aspose.com/cells/reportingservices/gettingstarted/supported+file+formats/index.xml" rel="self" type="application/rss+xml"/></channel></rss>