<rss version="2.0" xmlns:atom="http://www.w3.org/2005/Atom"><channel><title>Documentation – Automation Error</title><link>https://docs2.aspose.com/cells/reportingservices/faqs/clientissues/automation+error/</link><description>Recent content in Automation Error on Documentation</description><generator>Hugo -- gohugo.io</generator><atom:link href="https://docs2.aspose.com/cells/reportingservices/faqs/clientissues/automation+error/index.xml" rel="self" type="application/rss+xml"/></channel></rss>