<rss version="2.0" xmlns:atom="http://www.w3.org/2005/Atom"><channel><title>Documentation – Formula Editor Window</title><link>https://docs2.aspose.com/cells/reportingservices/reference/formulaeditorwindow/</link><description>Recent content in Formula Editor Window on Documentation</description><generator>Hugo -- gohugo.io</generator><atom:link href="https://docs2.aspose.com/cells/reportingservices/reference/formulaeditorwindow/index.xml" rel="self" type="application/rss+xml"/><item><title>Reportingservices: Formula List</title><link>https://docs2.aspose.com/cells/reportingservices/reference/formulaeditorwindow/formula+list/</link><pubDate>Mon, 01 Jan 0001 00:00:00 +0000</pubDate><guid>https://docs2.aspose.com/cells/reportingservices/reference/formulaeditorwindow/formula+list/</guid><description>
&lt;p>Aspose.Cells for Reporting Services : Formula List&lt;/p>
&lt;h1 id="asposecells-for-reporting-services--formula-list">Aspose.Cells for Reporting Services : Formula List&lt;/h1>
&lt;h3 id="report-fields">Report fields&lt;/h3>
&lt;div class="table table-striped" role="alert">
&lt;table>
&lt;thead>
&lt;tr>
&lt;th align="left">&lt;strong>Set Name&lt;/strong>&lt;/th>
&lt;th align="left">&lt;strong>Formula Name&lt;/strong>&lt;/th>
&lt;th align="left">&lt;strong>Description&lt;/strong>&lt;/th>
&lt;/tr>
&lt;/thead>
&lt;tbody>
&lt;tr>
&lt;td align="left">Global fields&lt;/td>
&lt;td align="left">ExecutionTime&lt;/td>
&lt;td align="left">The date and time when the report began to run.&lt;/td>
&lt;/tr>
&lt;tr>
&lt;td align="left">&lt;/td>
&lt;td align="left">ReportServerUrl&lt;/td>
&lt;td align="left">The URL of the report server on which the report is being run.&lt;/td>
&lt;/tr>
&lt;tr>
&lt;td align="left">&lt;/td>
&lt;td align="left">ReportName&lt;/td>
&lt;td align="left">The name of the report as it is stored in the report server database.&lt;/td>
&lt;/tr>
&lt;tr>
&lt;td align="left">&lt;/td>
&lt;td align="left">ReportFolder&lt;/td>
&lt;td align="left">The full path to the folder containing the report. This does not include the report server URL.&lt;/td>
&lt;/tr>
&lt;tr>
&lt;td align="left">User&lt;/td>
&lt;td align="left">UserID&lt;/td>
&lt;td align="left">The ID of the user running the report.&lt;/td>
&lt;/tr>
&lt;tr>
&lt;td align="left">&lt;/td>
&lt;td align="left">Language&lt;/td>
&lt;td align="left">The language ID of the user running the report.&lt;/td>
&lt;/tr>
&lt;/tbody>
&lt;/table>
&lt;/div>
&lt;h3 id="report-fields-1">Report fields&lt;/h3>
&lt;div class="table table-striped" role="alert">
&lt;table>
&lt;thead>
&lt;tr>
&lt;th align="left">&lt;strong>Set Name&lt;/strong>&lt;/th>
&lt;th align="left">&lt;strong>Description&lt;/strong>&lt;/th>
&lt;/tr>
&lt;/thead>
&lt;tbody>
&lt;tr>
&lt;td align="left">Parameters&lt;/td>
&lt;td align="left">The Parameters collection contains the report parameters within the report. Parameters can be passed to queries, used in filters or used in other functions that alter the report appearance based on the parameter.&lt;/td>
&lt;/tr>
&lt;tr>
&lt;td align="left">Fields&lt;/td>
&lt;td align="left">The Fields collection contains the fields within the current dataset.&lt;/td>
&lt;/tr>
&lt;tr>
&lt;td align="left">DataSet&lt;/td>
&lt;td align="left">&lt;/td>
&lt;/tr>
&lt;/tbody>
&lt;/table>
&lt;/div>
&lt;h3 id="operators">Operators&lt;/h3>
&lt;p>Arithmetic operators are used to combine numbers, numeric variables, numeric fields and numeric functions to get another number. Comparison operators are usually used to compare operands for a condition in a control structure such as an If statement. Boolean operators are typically used with comparison operators to generate conditions for control structures.&lt;/p>
&lt;div class="table table-striped" role="alert">
&lt;table>
&lt;thead>
&lt;tr>
&lt;th align="left">&lt;strong>Set Name&lt;/strong>&lt;/th>
&lt;th align="left">&lt;strong>Formula name&lt;/strong>&lt;/th>
&lt;th align="left">&lt;strong>Description&lt;/strong>&lt;/th>
&lt;/tr>
&lt;/thead>
&lt;tbody>
&lt;tr>
&lt;td align="left">Arithmetic&lt;/td>
&lt;td align="left">^&lt;/td>
&lt;td align="left">Exponentiation, for example 2^3.&lt;/td>
&lt;/tr>
&lt;tr>
&lt;td align="left">&lt;/td>
&lt;td align="left">*&lt;/td>
&lt;td align="left">Multiplication, for example 2*3.&lt;/td>
&lt;/tr>
&lt;tr>
&lt;td align="left">&lt;/td>
&lt;td align="left">/&lt;/td>
&lt;td align="left">Division, for example 2/3.&lt;/td>
&lt;/tr>
&lt;tr>
&lt;td align="left">&lt;/td>
&lt;td align="left">\\\&lt;/td>
&lt;td align="left">Integer division, for example 2\\\3.&lt;/td>
&lt;/tr>
&lt;tr>
&lt;td align="left">&lt;/td>
&lt;td align="left">Mod&lt;/td>
&lt;td align="left">Modulus, for example 4 Mod 3.&lt;/td>
&lt;/tr>
&lt;tr>
&lt;td align="left">&lt;/td>
&lt;td align="left">+&lt;/td>
&lt;td align="left">Addition, for example 4 + 3.&lt;/td>
&lt;/tr>
&lt;tr>
&lt;td align="left">&lt;/td>
&lt;td align="left">-&lt;/td>
&lt;td align="left">Subtraction, for example 4 – 3.&lt;/td>
&lt;/tr>
&lt;tr>
&lt;td align="left">Comparison&lt;/td>
&lt;td align="left">&amp;lt;&lt;/td>
&lt;td align="left">Less than, for example 4 &amp;lt; 3 false.&lt;/td>
&lt;/tr>
&lt;tr>
&lt;td align="left">&lt;/td>
&lt;td align="left">&amp;lt;=&lt;/td>
&lt;td align="left">Less than or equal, for example 4 &amp;lt;= 3 false.&lt;/td>
&lt;/tr>
&lt;tr>
&lt;td align="left">&lt;/td>
&lt;td align="left">&amp;gt;&lt;/td>
&lt;td align="left">Greater than, for example 4 &amp;gt; 3 true.&lt;/td>
&lt;/tr>
&lt;tr>
&lt;td align="left">&lt;/td>
&lt;td align="left">&amp;gt;=&lt;/td>
&lt;td align="left">Greater than or equal, for example 4 &amp;gt;= 3 true.&lt;/td>
&lt;/tr>
&lt;tr>
&lt;td align="left">&lt;/td>
&lt;td align="left">=&lt;/td>
&lt;td align="left">Equal, for example 4 = 3 false.&lt;/td>
&lt;/tr>
&lt;tr>
&lt;td align="left">&lt;/td>
&lt;td align="left">&amp;lt;&amp;gt;&lt;/td>
&lt;td align="left">Not equal, for example 4 &amp;lt;&amp;gt; 3 true.&lt;/td>
&lt;/tr>
&lt;tr>
&lt;td align="left">&lt;/td>
&lt;td align="left">Like&lt;/td>
&lt;td align="left">Compares a string against a pattern. For example result = string Like pattern.&lt;/td>
&lt;/tr>
&lt;tr>
&lt;td align="left">&lt;/td>
&lt;td align="left">Is&lt;/td>
&lt;td align="left">Compares two object reference variables, for example asp Is aspose.&lt;/td>
&lt;/tr>
&lt;tr>
&lt;td align="left">Concatenation&lt;/td>
&lt;td align="left">&amp;amp;&lt;/td>
&lt;td align="left">Generates a string concatenation of two expressions.&lt;/td>
&lt;/tr>
&lt;tr>
&lt;td align="left">&lt;/td>
&lt;td align="left">+&lt;/td>
&lt;td align="left">Adds two numbers or returns the positive value of a numeric expression. Can also be used to concatenate two string expressions.&lt;/td>
&lt;/tr>
&lt;tr>
&lt;td align="left">Logical/Bitwise&lt;/td>
&lt;td align="left">And&lt;/td>
&lt;td align="left">Performs a logical conjunction on two Boolean expressions, or a bitwise conjunction on two numeric expressions.&lt;/td>
&lt;/tr>
&lt;tr>
&lt;td align="left">&lt;/td>
&lt;td align="left">Not&lt;/td>
&lt;td align="left">Performs logical negation on a Boolean expression, or bitwise negation on a numeric expression.&lt;/td>
&lt;/tr>
&lt;tr>
&lt;td align="left">&lt;/td>
&lt;td align="left">Or&lt;/td>
&lt;td align="left">Performs a logical disjunction on two Boolean expressions, or a bitwise disjunction on two numeric expressions.&lt;/td>
&lt;/tr>
&lt;tr>
&lt;td align="left">&lt;/td>
&lt;td align="left">Xor&lt;/td>
&lt;td align="left">Performs a logical exclusion on two Boolean expressions, or a bitwise exclusion on two numeric expressions.&lt;/td>
&lt;/tr>
&lt;tr>
&lt;td align="left">&lt;/td>
&lt;td align="left">AndAlso&lt;/td>
&lt;td align="left">Performs short-circuiting logical conjunction on two expressions.&lt;/td>
&lt;/tr>
&lt;tr>
&lt;td align="left">&lt;/td>
&lt;td align="left">OrElse&lt;/td>
&lt;td align="left">Performs short-circuiting inclusive logical disjunction on two expressions.&lt;/td>
&lt;/tr>
&lt;tr>
&lt;td align="left">Bit Shift&lt;/td>
&lt;td align="left">&amp;raquo;&lt;/td>
&lt;td align="left">Performs an arithmetic left shift on a bit pattern.&lt;/td>
&lt;/tr>
&lt;tr>
&lt;td align="left">&lt;/td>
&lt;td align="left">&amp;laquo;&lt;/td>
&lt;td align="left">Performs an arithmetic right shift on a bit pattern.&lt;/td>
&lt;/tr>
&lt;/tbody>
&lt;/table>
&lt;/div></description></item></channel></rss>