<rss version="2.0" xmlns:atom="http://www.w3.org/2005/Atom"><channel><title>Documentation – Support for Digital Signatures</title><link>https://docs2.aspose.com/cells/reportingservices/newfeatures/support+for+digital+signatures/</link><description>Recent content in Support for Digital Signatures on Documentation</description><generator>Hugo -- gohugo.io</generator><atom:link href="https://docs2.aspose.com/cells/reportingservices/newfeatures/support+for+digital+signatures/index.xml" rel="self" type="application/rss+xml"/></channel></rss>