<rss version="2.0" xmlns:atom="http://www.w3.org/2005/Atom"><channel><title>Documentation – Digital Signatures</title><link>https://docs2.aspose.com/cells/reportingservices/userguide/configuration/digital+signatures/</link><description>Recent content in Digital Signatures on Documentation</description><generator>Hugo -- gohugo.io</generator><atom:link href="https://docs2.aspose.com/cells/reportingservices/userguide/configuration/digital+signatures/index.xml" rel="self" type="application/rss+xml"/></channel></rss>