<rss version="2.0" xmlns:atom="http://www.w3.org/2005/Atom"><channel><title>Documentation – Sub Report</title><link>https://docs2.aspose.com/cells/reportingservices/userguide/subreport/</link><description>Recent content in Sub Report on Documentation</description><generator>Hugo -- gohugo.io</generator><atom:link href="https://docs2.aspose.com/cells/reportingservices/userguide/subreport/index.xml" rel="self" type="application/rss+xml"/><item><title>Reportingservices: Creating Table Item</title><link>https://docs2.aspose.com/cells/reportingservices/userguide/subreport/creating+table+item/</link><pubDate>Mon, 01 Jan 0001 00:00:00 +0000</pubDate><guid>https://docs2.aspose.com/cells/reportingservices/userguide/subreport/creating+table+item/</guid><description>
&lt;p>Aspose.Cells for Reporting Services : Creating Table Item&lt;/p>
&lt;h1 id="asposecells-for-reporting-services--creating-table-item">Aspose.Cells for Reporting Services : Creating Table Item&lt;/h1>
&lt;p>To create new table item, follow the steps described in &lt;a href="https://docs2.aspose.com/cells/pages/createpage.action?spaceKey=cellsreportingservices&amp;amp;title=Creating+a+New+Table&amp;amp;linkCreation=true&amp;amp;fromPageId=6094961">Creating a New Table&lt;/a>.&lt;br>
Following is an example report table.&lt;/p>
&lt;p>&lt;img src="https://docs2.aspose.com/cells/reportingservices/attachments/6094961/6193392.png" alt="">&lt;/p>
&lt;h2 id="attachments">Attachments:&lt;/h2>
&lt;p>&lt;img src="https://docs2.aspose.com/cells/reportingservices/images/icons/bullet_blue.gif" alt=""> &lt;a href="https://docs2.aspose.com/cells/reportingservices/attachments/6094961/6193392.png">Creating Table Item-001.png&lt;/a> (image/png)&lt;/p></description></item><item><title>Reportingservices: Add Sub Report Item</title><link>https://docs2.aspose.com/cells/reportingservices/userguide/subreport/add+sub+report+item/</link><pubDate>Mon, 01 Jan 0001 00:00:00 +0000</pubDate><guid>https://docs2.aspose.com/cells/reportingservices/userguide/subreport/add+sub+report+item/</guid><description>
&lt;p>Aspose.Cells for Reporting Services : Add Sub Report Item&lt;/p>
&lt;h1 id="asposecells-for-reporting-services--add-sub-report-item">Aspose.Cells for Reporting Services : Add Sub Report Item&lt;/h1>
&lt;p>To add sub-report item:&lt;/p>
&lt;ol>
&lt;li>
&lt;p>Select the cell that will reference the sub-report item.&lt;/p>
&lt;/li>
&lt;li>
&lt;p>Click &lt;strong>Sub-Report&lt;/strong> (&lt;img src="https://docs2.aspose.com/cells/reportingservices/attachments/6094972/6193386.png" alt="">).&lt;br>
The sub-report form is shown.&lt;/p>
&lt;p>&lt;strong>The SubReport form&lt;/strong>&lt;br>
&lt;img src="https://docs2.aspose.com/cells/reportingservices/attachments/6094972/6193387.png" alt="">&lt;/p>
&lt;/li>
&lt;li>
&lt;p>Click &lt;strong>Add Sub-Report&lt;/strong>.&lt;br>
The Retrieve Report form is displayed.&lt;/p>
&lt;/li>
&lt;li>
&lt;p>Select a report.&lt;/p>
&lt;p>&lt;strong>Selecting a report&lt;/strong>&lt;br>
&lt;img src="https://docs2.aspose.com/cells/reportingservices/attachments/6094972/6193388.png" alt="">&lt;/p>
&lt;/li>
&lt;li>
&lt;p>Click &lt;strong>Close&lt;/strong>.&lt;/p>
&lt;p>&lt;strong>A sub-report has been selected&lt;/strong>&lt;br>
&lt;img src="https://docs2.aspose.com/cells/reportingservices/attachments/6094972/6193389.png" alt="">&lt;/p>
&lt;/li>
&lt;li>
&lt;p>Double-click the parameter list to show the Edit Formula dialog.&lt;/p>
&lt;p>&lt;strong>The Edit Formula dialog&lt;/strong>&lt;br>
&lt;img src="https://docs2.aspose.com/cells/reportingservices/attachments/6094972/6193398.png" alt="">&lt;/p>
&lt;/li>
&lt;li>
&lt;p>Edit and/or update a parameter value.&lt;/p>
&lt;p>&lt;strong>Naming the sub-report&lt;/strong>&lt;br>
&lt;img src="https://docs2.aspose.com/cells/reportingservices/attachments/6094972/6193399.png" alt="">&lt;/p>
&lt;/li>
&lt;li>
&lt;p>Click &lt;strong>Insert Sub-Report&lt;/strong>.&lt;/p>
&lt;p>&lt;strong>The sub-report inserted into a report table&lt;/strong>&lt;br>
&lt;img src="https://docs2.aspose.com/cells/reportingservices/attachments/6094972/6193400.png" alt="">&lt;/p>
&lt;/li>
&lt;/ol>
&lt;h2 id="attachments">Attachments:&lt;/h2>
&lt;p>&lt;img src="https://docs2.aspose.com/cells/reportingservices/images/icons/bullet_blue.gif" alt=""> &lt;a href="https://docs2.aspose.com/cells/reportingservices/attachments/6094972/6193386.png">Add Sub Report Item-001.png&lt;/a> (image/png)&lt;br>
&lt;img src="https://docs2.aspose.com/cells/reportingservices/images/icons/bullet_blue.gif" alt=""> &lt;a href="https://docs2.aspose.com/cells/reportingservices/attachments/6094972/6193387.png">Add Sub Report Item-002.png&lt;/a> (image/png)&lt;br>
&lt;img src="https://docs2.aspose.com/cells/reportingservices/images/icons/bullet_blue.gif" alt=""> &lt;a href="https://docs2.aspose.com/cells/reportingservices/attachments/6094972/6193388.png">Add Sub Report Item-003.png&lt;/a> (image/png)&lt;br>
&lt;img src="https://docs2.aspose.com/cells/reportingservices/images/icons/bullet_blue.gif" alt=""> &lt;a href="https://docs2.aspose.com/cells/reportingservices/attachments/6094972/6193389.png">Add Sub Report Item-004.png&lt;/a> (image/png)&lt;br>
&lt;img src="https://docs2.aspose.com/cells/reportingservices/images/icons/bullet_blue.gif" alt=""> &lt;a href="https://docs2.aspose.com/cells/reportingservices/attachments/6094972/6193398.png">Add Sub Report Item-005.png&lt;/a> (image/png)&lt;br>
&lt;img src="https://docs2.aspose.com/cells/reportingservices/images/icons/bullet_blue.gif" alt=""> &lt;a href="https://docs2.aspose.com/cells/reportingservices/attachments/6094972/6193399.png">Add Sub Report Item-006.png&lt;/a> (image/png)&lt;br>
&lt;img src="https://docs2.aspose.com/cells/reportingservices/images/icons/bullet_blue.gif" alt=""> &lt;a href="https://docs2.aspose.com/cells/reportingservices/attachments/6094972/6193400.png">Add Sub Report Item-007.png&lt;/a> (image/png)&lt;/p></description></item></channel></rss>