<rss version="2.0" xmlns:atom="http://www.w3.org/2005/Atom"><channel><title>Documentation – Integration with JasperServer</title><link>https://docs2.aspose.com/cells/jasperreports/installation/integration+with+jasperserver/</link><description>Recent content in Integration with JasperServer on Documentation</description><generator>Hugo -- gohugo.io</generator><atom:link href="https://docs2.aspose.com/cells/jasperreports/installation/integration+with+jasperserver/index.xml" rel="self" type="application/rss+xml"/></channel></rss>