<rss version="2.0" xmlns:atom="http://www.w3.org/2005/Atom"><channel><title>Documentation – Add Sorting feature for rendering Table item</title><link>https://docs2.aspose.com/cells/reportingservices/newfeatures/add+sorting+feature+for+rendering+table+item/</link><description>Recent content in Add Sorting feature for rendering Table item on Documentation</description><generator>Hugo -- gohugo.io</generator><atom:link href="https://docs2.aspose.com/cells/reportingservices/newfeatures/add+sorting+feature+for+rendering+table+item/index.xml" rel="self" type="application/rss+xml"/></channel></rss>