<rss version="2.0" xmlns:atom="http://www.w3.org/2005/Atom"><channel><title>Documentation – Release Notes - 2011</title><link>https://docs2.aspose.com/cells/reportingservices/releasenotes/2011/</link><description>Recent content in Release Notes - 2011 on Documentation</description><generator>Hugo -- gohugo.io</generator><atom:link href="https://docs2.aspose.com/cells/reportingservices/releasenotes/2011/index.xml" rel="self" type="application/rss+xml"/><item><title>Reportingservices: Aspose.Cells for Reporting Services 1.7.0 Release Notes</title><link>https://docs2.aspose.com/cells/reportingservices/releasenotes/2011/aspose.cells+for+reporting+services+1.7.0+release+notes/</link><pubDate>Mon, 01 Jan 0001 00:00:00 +0000</pubDate><guid>https://docs2.aspose.com/cells/reportingservices/releasenotes/2011/aspose.cells+for+reporting+services+1.7.0+release+notes/</guid><description>
&lt;p>Aspose.Cells for Reporting Services : Aspose.Cells for Reporting Services 1.7.0 Release Notes&lt;/p>
&lt;h1 id="asposecells-for-reporting-services--asposecells-for-reporting-services-170-release-notes">Aspose.Cells for Reporting Services : Aspose.Cells for Reporting Services 1.7.0 Release Notes&lt;/h1>
&lt;p>This page contains release notes for &lt;a href="http://www.aspose.com/downloads/cells/reportingservices/new-releases/aspose.cells-for-reporting-services-1.7.0/">Aspose.Cells for Reporting Services 1.7.0&lt;/a>&lt;/p>
&lt;p>7.0!&lt;/p>
&lt;p>What&amp;rsquo;s new?&lt;/p>
&lt;ul>
&lt;li>Aspose.Cells for Reporting Services designer supports to create matrix template in Excel.&lt;/li>
&lt;li>Supports Conditional Formatting for table and matrix report items.&lt;/li>
&lt;li>Adds rendering tablix report item only for CSV and TXT formats in SQL Server 2008 Reporting Services.&lt;/li>
&lt;/ul>
&lt;p>What’s changed?&lt;/p>
&lt;ul>
&lt;li>Optimizes Encryption configuration in Aspose.Cells.ReportingServices.xml file.&lt;/li>
&lt;/ul>
&lt;p>What&amp;rsquo;s fixed?&lt;/p>
&lt;ul>
&lt;li>Fixed Aspose.Cells for Reporting Services report designer and report format bug.&lt;/li>
&lt;li>Fixed hiding row bug.&lt;/li>
&lt;li>Fixed merging row algorithm.&lt;/li>
&lt;/ul>
&lt;p>Issues Resolved in Aspose.Cells for Reporting Services 1.7.0.&lt;/p>
&lt;div class="table table-striped" role="alert">
&lt;table>
&lt;thead>
&lt;tr>
&lt;th align="left">Issue ID&lt;/th>
&lt;th align="left">Component&lt;/th>
&lt;th align="left">Summary&lt;/th>
&lt;/tr>
&lt;/thead>
&lt;tbody>
&lt;tr>
&lt;td align="left">22987&lt;/td>
&lt;td align="left">Server Component&lt;/td>
&lt;td align="left">SSRS CSV Export Encoding issue&lt;/td>
&lt;/tr>
&lt;tr>
&lt;td align="left">17208&lt;/td>
&lt;td align="left">Server Component&lt;/td>
&lt;td align="left">Export Report Service Report to MS Excel 2007 Error&lt;/td>
&lt;/tr>
&lt;tr>
&lt;td align="left">18133&lt;/td>
&lt;td align="left">Client and Server&lt;/td>
&lt;td align="left">Column groups in Aspose.Cells.ReportingServices&lt;/td>
&lt;/tr>
&lt;tr>
&lt;td align="left">20251&lt;/td>
&lt;td align="left">Server Component&lt;/td>
&lt;td align="left">Reporting Services extension&lt;/td>
&lt;/tr>
&lt;tr>
&lt;td align="left">22371&lt;/td>
&lt;td align="left">Client and Server&lt;/td>
&lt;td align="left">Support of conditional cells formatting for table item&lt;/td>
&lt;/tr>
&lt;/tbody>
&lt;/table>
&lt;/div></description></item></channel></rss>