<rss version="2.0" xmlns:atom="http://www.w3.org/2005/Atom"><channel><title>Documentation – Extended Rendering Extensions Support</title><link>https://docs2.aspose.com/cells/reportingservices/newfeatures/extended+rendering+extensions+support/</link><description>Recent content in Extended Rendering Extensions Support on Documentation</description><generator>Hugo -- gohugo.io</generator><atom:link href="https://docs2.aspose.com/cells/reportingservices/newfeatures/extended+rendering+extensions+support/index.xml" rel="self" type="application/rss+xml"/></channel></rss>