<rss version="2.0" xmlns:atom="http://www.w3.org/2005/Atom"><channel><title>Documentation – More Excel File Formats Export</title><link>https://docs2.aspose.com/cells/reportingservices/gettingstarted/features/more+excel+file+formats+export/</link><description>Recent content in More Excel File Formats Export on Documentation</description><generator>Hugo -- gohugo.io</generator><atom:link href="https://docs2.aspose.com/cells/reportingservices/gettingstarted/features/more+excel+file+formats+export/index.xml" rel="self" type="application/rss+xml"/></channel></rss>