<rss version="2.0" xmlns:atom="http://www.w3.org/2005/Atom"><channel><title>Documentation – Setting Conditional Formatting for Report Item</title><link>https://docs2.aspose.com/cells/reportingservices/faqs/setting+conditional+formatting+for+report+item/</link><description>Recent content in Setting Conditional Formatting for Report Item on Documentation</description><generator>Hugo -- gohugo.io</generator><atom:link href="https://docs2.aspose.com/cells/reportingservices/faqs/setting+conditional+formatting+for+report+item/index.xml" rel="self" type="application/rss+xml"/></channel></rss>