<rss version="2.0" xmlns:atom="http://www.w3.org/2005/Atom"><channel><title>Documentation – Release Notes - 2009</title><link>https://docs2.aspose.com/cells/jasperreports/releasenotes/2009/</link><description>Recent content in Release Notes - 2009 on Documentation</description><generator>Hugo -- gohugo.io</generator><atom:link href="https://docs2.aspose.com/cells/jasperreports/releasenotes/2009/index.xml" rel="self" type="application/rss+xml"/><item><title>Jasperreports: Aspose.Cells for JasperReports v1.0.0.0 Release Notes</title><link>https://docs2.aspose.com/cells/jasperreports/releasenotes/2009/aspose.cells+for+jasperreports+v1.0.0.0+release+notes/</link><pubDate>Mon, 01 Jan 0001 00:00:00 +0000</pubDate><guid>https://docs2.aspose.com/cells/jasperreports/releasenotes/2009/aspose.cells+for+jasperreports+v1.0.0.0+release+notes/</guid><description>
&lt;p>Aspose.Cells for JasperReports : Aspose.Cells for JasperReports v1.0.0.0 Release Notes&lt;/p>
&lt;h1 id="asposecells-for-jasperreports--asposecells-for-jasperreports-v1000-release-notes">Aspose.Cells for JasperReports : Aspose.Cells for JasperReports v1.0.0.0 Release Notes&lt;/h1>
&lt;p>This page contains release notes for &lt;a href="http://www.aspose.com/downloads/cells/jasperreports/new-releases/aspose.cells-for-jasperreports-v1.0.0.0/">Aspose.Cells for JasperReports v1.0.0.0&lt;/a>&lt;/p>
&lt;p>We are happy to announce Aspose.Cells for JasperReports v1.0.0.0!&lt;/p>
&lt;p>What&amp;rsquo;s new:&lt;/p>
&lt;p>l         Provide editable charts in Microsoft Excel format rather than static pictures.&lt;/p>
&lt;p>l         Support to integrate Aspose.Cells for JasperReports to JasperServer.&lt;/p>
&lt;p>l         Eliminate the dependency of POI library.&lt;/p>
&lt;p>l         Support various kinds of charts, including bar chart, area chart, pie chart, line chart etc.&lt;/p></description></item></channel></rss>