<rss version="2.0" xmlns:atom="http://www.w3.org/2005/Atom"><channel><title>Documentation – Data</title><link>https://docs2.aspose.com/cells/cpp/developerguide/data/</link><description>Recent content in Data on Documentation</description><generator>Hugo -- gohugo.io</generator><atom:link href="https://docs2.aspose.com/cells/cpp/developerguide/data/index.xml" rel="self" type="application/rss+xml"/><item><title>Cpp: Accessing Cells of a Worksheet</title><link>https://docs2.aspose.com/cells/cpp/developerguide/data/accessing+cells+of+a+worksheet/</link><pubDate>Mon, 01 Jan 0001 00:00:00 +0000</pubDate><guid>https://docs2.aspose.com/cells/cpp/developerguide/data/accessing+cells+of+a+worksheet/</guid><description>
&lt;p>Aspose.Cells for C++ : Accessing Cells of a Worksheet&lt;/p>
&lt;h1 id="asposecells-for-c--accessing-cells-of-a-worksheet">Aspose.Cells for C++ : Accessing Cells of a Worksheet&lt;/h1>
&lt;p>We know that all worksheets may contain data that is basically stored in cells (with which a worksheet is made up of). A cell is a basic part of a worksheet that is used to construct the whole worksheet as a sequence of rows and columns. Before we try to access data from a worksheet, we would need to get access to its cells. So, in this topic, we will discuss some basic approaches to access worksheet cells at runtime using Aspose.Cells.&lt;/p>
&lt;p>
&lt;div class="card my-3 border-top-0 border-right-0 border-bottom-0 border-left border-primary rounded" style="border-width:4px !important;">
&lt;div class="wrap border border-left-0 rounded">
&lt;div class="card-header border-0 bg-white pl-3 text-primary">
&lt;h3>Contents Summary&lt;/h3>
&lt;/div>
&lt;div class="card-body pt-1">
&lt;ul>
&lt;li>1 &lt;a href="#accessing-cells">Accessing Cells&lt;/a>
&lt;ul>
&lt;li>1.1 &lt;a href="#using-cell-name">Using Cell Name&lt;/a>&lt;/li>
&lt;li>1.2 &lt;a href="#using-row-&amp;amp;-column-index-of-the-cell">Using Row &amp;amp; Column Index of the Cell&lt;/a>&lt;/li>
&lt;/ul>
&lt;/li>
&lt;li>2 &lt;a href="#accessing-maximum-display-range-of-worksheet">Accessing Maximum Display Range of Worksheet&lt;/a>&lt;/li>
&lt;/ul>
&lt;/div>
&lt;/div>
&lt;/div>
 &lt;/p>
&lt;h2 id="accessing-cells">Accessing Cells&lt;/h2>
&lt;p>Aspose.Cells provides a class &lt;a href="https://apireference.aspose.com/cpp/cells/class/aspose.cells.i_workbook/">IWorkbook&lt;/a> that represents an Excel file. The &lt;a href="https://apireference.aspose.com/cpp/cells/class/aspose.cells.i_workbook/">IWorkbook&lt;/a> class contains a &lt;a href="https://apireference.aspose.com/cpp/cells/class/aspose.cells.i_worksheet_collection/">Worksheets&lt;/a> collection that allows to access each worksheet in the Excel file. A worksheet is represented by the &lt;a href="https://apireference.aspose.com/cpp/cells/class/aspose.cells.i_worksheet/">IWorksheet&lt;/a> class. The &lt;a href="https://apireference.aspose.com/cpp/cells/class/aspose.cells.i_worksheet/">IWorksheet&lt;/a> class provides a &lt;a href="https://apireference.aspose.com/cpp/cells/class/aspose.cells.i_cells/">Cells&lt;/a> collection that represents all cells in the worksheet.&lt;/p>
&lt;p>We can use &lt;a href="https://apireference.aspose.com/cpp/cells/class/aspose.cells.i_cells/">Cells&lt;/a> collection to access cells in a worksheet. Aspose.Cells provides three basic approaches to access cells in a worksheet:&lt;/p>
&lt;ol>
&lt;li>Using cell name.&lt;/li>
&lt;li>Using a cell&amp;rsquo;s row and column index.&lt;/li>
&lt;li>Using a cell index in the &lt;a href="https://apireference.aspose.com/cpp/cells/class/aspose.cells.i_cells/">Cells&lt;/a> collection&lt;/li>
&lt;/ol>
&lt;p>We have mentioned that the 3rd approach is the fastest and the 1st approach is the slowest one. The performance difference between the approaches is very small so don&amp;rsquo;t worry about performance degradation, whichever approach you use.&lt;/p>
&lt;h3 id="using-cell-name">Using Cell Name&lt;/h3>
&lt;p>Developers can access any specific cell by passing its cell name to the &lt;a href="https://apireference.aspose.com/cpp/cells/class/aspose.cells.i_cells/">Cells&lt;/a> collection of the &lt;a href="https://apireference.aspose.com/cpp/cells/class/aspose.cells.i_worksheet/">IWorksheet&lt;/a> class as an index.&lt;/p>
&lt;p>If you create a blank worksheet at start, the count of &lt;a href="https://apireference.aspose.com/cpp/cells/class/aspose.cells.i_cells/">Cells&lt;/a> collection is zero. When you use this approach to access a cell, it will check whether this cell exists in the collection or not. If yes, it returns the cell object in the collection otherwise, it creates a new &lt;a href="https://apireference.aspose.com/cpp/cells/class/aspose.cells.i_cell/">ICell&lt;/a> object, adds the object to the &lt;a href="https://apireference.aspose.com/cpp/cells/class/aspose.cells.i_cells/">Cells&lt;/a> collection and then returns that object. This approach is the easiest way to access the cell if you are familiar with Microsoft Excel but it&amp;rsquo;s the slowest one as compared to other approaches.&lt;/p>
&lt;h3 id="using-row--column-index-of-the-cell">Using Row &amp;amp; Column Index of the Cell&lt;/h3>
&lt;p>Developers can access any specific cell by passing the indices of its row and column to the &lt;a href="https://apireference.aspose.com/cpp/cells/class/aspose.cells.i_cells/">Cells&lt;/a> collection of the &lt;a href="https://apireference.aspose.com/cpp/cells/class/aspose.cells.i_worksheet/">IWorksheet&lt;/a> class. This approach works in the same way as that of the first approach.&lt;/p>
&lt;h2 id="accessing-maximum-display-range-of-worksheet">Accessing Maximum Display Range of Worksheet&lt;/h2>
&lt;p>Aspose.Cells allows developers to access a worksheet&amp;rsquo;s maximum display range. The maximum display range - the range of cells between the first and last cell with content - is useful when you need to copy, select or display the entire contents of a worksheet in an image.&lt;/p>
&lt;p>You can access a worksheet&amp;rsquo;s maximum display range using &lt;a href="https://apireference.aspose.com/cpp/cells/class/aspose.cells.i_cells/#ad351277ccaa0a4e1e8cd0693a1e2e988">MaxDisplayIRange&lt;/a> method of the &lt;a href="https://apireference.aspose.com/cpp/cells/class/aspose.cells.i_cells/">Cells&lt;/a> collection.&lt;/p></description></item><item><title>Cpp: Add and Retrieve Data</title><link>https://docs2.aspose.com/cells/cpp/developerguide/data/add+and+retrieve+data/</link><pubDate>Mon, 01 Jan 0001 00:00:00 +0000</pubDate><guid>https://docs2.aspose.com/cells/cpp/developerguide/data/add+and+retrieve+data/</guid><description>
&lt;p>Aspose.Cells for C++ : Add and Retrieve Data&lt;/p>
&lt;h1 id="asposecells-for-c--add-and-retrieve-data">Aspose.Cells for C++ : Add and Retrieve Data&lt;/h1>
&lt;p>In &lt;a href="https://docs2.aspose.com/cells/cpp/developerguide/data/accessing+cells+of+a+worksheet">Accessing Cells of a Worksheet&lt;/a>, we discussed basic approaches for accessing cells in a worksheet. This article uses one of those approaches to add different types of data to cells.&lt;/p>
&lt;p>
&lt;div class="card my-3 border-top-0 border-right-0 border-bottom-0 border-left border-primary rounded" style="border-width:4px !important;">
&lt;div class="wrap border border-left-0 rounded">
&lt;div class="card-header border-0 bg-white pl-3 text-primary">
&lt;h3>Contents Summary&lt;/h3>
&lt;/div>
&lt;div class="card-body pt-1">
&lt;ul>
&lt;li>1 &lt;a href="#adding-data-to-cells">Adding Data to Cells&lt;/a>
&lt;ul>
&lt;li>1.1 &lt;a href="#improving-efficiency">Improving Efficiency&lt;/a>&lt;/li>
&lt;/ul>
&lt;/li>
&lt;li>2 &lt;a href="#retrieving-data-from-cells">Retrieving Data from Cells&lt;/a>&lt;/li>
&lt;/ul>
&lt;/div>
&lt;/div>
&lt;/div>
 &lt;/p>
&lt;h2 id="adding-data-to-cells">Adding Data to Cells&lt;/h2>
&lt;p>Aspose.Cells provides a class &lt;a href="https://apireference.aspose.com/cpp/cells/class/aspose.cells.i_workbook/">IWorkbook&lt;/a> that represents a Microsoft Excel file. The &lt;a href="https://apireference.aspose.com/cpp/cells/class/aspose.cells.i_workbook/">IWorkbook&lt;/a> class contains an &lt;a href="https://apireference.aspose.com/cpp/cells/class/aspose.cells.i_worksheet_collection/">IWorksheets&lt;/a> collection that allows access to each worksheet in the Excel file. A worksheet is represented by the &lt;a href="https://apireference.aspose.com/cpp/cells/class/aspose.cells.i_worksheet/">IWorksheet&lt;/a> class. The &lt;a href="https://apireference.aspose.com/cpp/cells/class/aspose.cells.i_worksheet/">IWorksheet&lt;/a> class provides an &lt;a href="https://apireference.aspose.com/cpp/cells/class/aspose.cells.i_cells/">ICells&lt;/a> collection. Each item in the &lt;a href="https://apireference.aspose.com/cpp/cells/class/aspose.cells.i_cells/">ICells&lt;/a> collection represents an object of the &lt;a href="https://apireference.aspose.com/cpp/cells/class/aspose.cells.i_cell/">ICell&lt;/a> class.&lt;/p>
&lt;p>Aspose.Cells allows developers to add data to the cells in worksheets by calling the &lt;a href="https://apireference.aspose.com/cpp/cells/class/aspose.cells.i_cell/">ICell&lt;/a> class &lt;a href="https://apireference.aspose.com/cpp/cells/class/aspose.cells.i_cell/#a4a5f4b8cdd54eccb4eb2ea51babcbca9">PutValue&lt;/a> method. Aspose.Cells provides overloaded versions of the &lt;a href="https://apireference.aspose.com/cpp/cells/class/aspose.cells.i_cell/#a4a5f4b8cdd54eccb4eb2ea51babcbca9">PutValue&lt;/a> method that lets developers add different kinds of data to cells. Using these overloaded versions of the &lt;a href="https://apireference.aspose.com/cpp/cells/class/aspose.cells.i_cell/#a4a5f4b8cdd54eccb4eb2ea51babcbca9">PutValue&lt;/a> method, it is possible to add a Boolean, string, double, integer or date/time, etc. values to the cell.&lt;/p>
&lt;h3 id="improving-efficiency">Improving Efficiency&lt;/h3>
&lt;p>If you use &lt;a href="https://apireference.aspose.com/cpp/cells/class/aspose.cells.i_cell/#a4a5f4b8cdd54eccb4eb2ea51babcbca9">PutValue&lt;/a> method to put a large amount of data into a worksheet, you should add values to the cells, first by rows and then by columns. This approach greatly improves the efficiency of your applications.&lt;/p>
&lt;h2 id="retrieving-data-from-cells">Retrieving Data from Cells&lt;/h2>
&lt;p>Aspose.Cells provides a class &lt;a href="https://apireference.aspose.com/cpp/cells/class/aspose.cells.i_workbook/">IWorkbook&lt;/a> that represents a Microsoft Excel file. The &lt;a href="https://apireference.aspose.com/cpp/cells/class/aspose.cells.i_workbook/">IWorkbook&lt;/a> class contains an &lt;a href="https://apireference.aspose.com/cpp/cells/class/aspose.cells.i_worksheet_collection/">IWorksheets&lt;/a> collection that allows access to worksheets in the file. A worksheet is represented by the &lt;a href="https://apireference.aspose.com/cpp/cells/class/aspose.cells.i_worksheet/">IWorksheet&lt;/a> class. The &lt;a href="https://apireference.aspose.com/cpp/cells/class/aspose.cells.i_worksheet/">IWorksheet&lt;/a> class provides a &lt;a href="https://apireference.aspose.com/cpp/cells/class/aspose.cells.i_cells/">ICells&lt;/a> collection. Each item in the &lt;a href="https://apireference.aspose.com/cpp/cells/class/aspose.cells.i_cells/">ICells&lt;/a> collection represents an object of the &lt;a href="https://apireference.aspose.com/cpp/cells/class/aspose.cells.i_cell/">ICell&lt;/a> class.&lt;/p>
&lt;p>The &lt;a href="https://apireference.aspose.com/cpp/cells/class/aspose.cells.i_cell/">ICell&lt;/a> class provides several methods that allow developers to retrieve values from the cells according to their data types. These methods include:&lt;/p>
&lt;ul>
&lt;li>&lt;a href="https://apireference.aspose.com/cpp/cells/class/aspose.cells.i_cell/#ac048c664985e2cadc2404840599d7ac3">GetStringValue&lt;/a>, returns the string value of the cell.&lt;/li>
&lt;li>&lt;a href="https://apireference.aspose.com/cpp/cells/class/aspose.cells.i_cell/#a5f21cd4c755da84135176c74425f230a">GetDoubleValue&lt;/a>, returns the double value of the cell.&lt;/li>
&lt;li>&lt;a href="https://apireference.aspose.com/cpp/cells/class/aspose.cells.i_cell/#ac61870c4b1d6a68077092fb043bf8741">GetBoolValue&lt;/a>, returns the boolean value of the cell.&lt;/li>
&lt;li>&lt;a href="https://apireference.aspose.com/cpp/cells/class/aspose.cells.i_cell/#a7932b40c41141f716b096cc521113a61">GetDateTimeValue&lt;/a>, returns the date/time value of the cell.&lt;/li>
&lt;li>&lt;a href="https://apireference.aspose.com/cpp/cells/class/aspose.cells.i_cell/#a4e36c4be4c76447f54f8032b17cecf44">GetFloatValue&lt;/a>, returns the float value of the cell.&lt;/li>
&lt;li>&lt;a href="https://apireference.aspose.com/cpp/cells/class/aspose.cells.i_cell/#a7acc93c97c062cbd60a7f1ab00a022d8">GetIntValue&lt;/a>, returns the integer value of the cell.&lt;/li>
&lt;/ul>
&lt;p>When a field is not filled, cells with &lt;a href="https://apireference.aspose.com/cpp/cells/class/aspose.cells.i_cell/#a5f21cd4c755da84135176c74425f230a">GetDoubleValue&lt;/a> or &lt;a href="https://apireference.aspose.com/cpp/cells/class/aspose.cells.i_cell/#a4e36c4be4c76447f54f8032b17cecf44">GetFloatValue&lt;/a> throws an exception.&lt;/p>
&lt;p>The type of data contained in a cell can also be checked by using the &lt;a href="https://apireference.aspose.com/cpp/cells/class/aspose.cells.i_cell/">ICell&lt;/a> class &lt;a href="https://apireference.aspose.com/cpp/cells/class/aspose.cells.i_cell/#a36708b1bad0bbf45cbf9577ccab101ba">GetType&lt;/a> method. In fact, the &lt;a href="https://apireference.aspose.com/cpp/cells/class/aspose.cells.i_cell/">ICell&lt;/a> class &lt;a href="https://apireference.aspose.com/cpp/cells/class/aspose.cells.i_cell/#a36708b1bad0bbf45cbf9577ccab101ba">GetType&lt;/a> method is based on the &lt;a href="https://apireference.aspose.com/cpp/cells/namespace/aspose.cells/#a745bf00b4815ec8dcf1bd11922fa4b62">CellValueType&lt;/a> enumeration whose pre-defined values are listed below:&lt;/p>
&lt;div class="table table-striped" role="alert">
&lt;table>
&lt;thead>
&lt;tr>
&lt;th align="left">Cell Value Types&lt;/th>
&lt;th align="left">Description&lt;/th>
&lt;/tr>
&lt;/thead>
&lt;tbody>
&lt;tr>
&lt;td align="left">&lt;code>CellValueType_IsBool&lt;/code>&lt;/td>
&lt;td align="left">Specifies that cell value is Boolean.&lt;/td>
&lt;/tr>
&lt;tr>
&lt;td align="left">&lt;code>CellValueType_IsDateTime&lt;/code>&lt;/td>
&lt;td align="left">Specifies that cell value is date/time.&lt;/td>
&lt;/tr>
&lt;tr>
&lt;td align="left">&lt;code>CellValueType_IsNull&lt;/code>&lt;/td>
&lt;td align="left">Represents a blank cell.&lt;/td>
&lt;/tr>
&lt;tr>
&lt;td align="left">&lt;code>CellValueType_IsNumeric&lt;/code>&lt;/td>
&lt;td align="left">Specifies that cell value is numeric.&lt;/td>
&lt;/tr>
&lt;tr>
&lt;td align="left">&lt;code>CellValueType_IsString&lt;/code>&lt;/td>
&lt;td align="left">Specifies that cell value is string.&lt;/td>
&lt;/tr>
&lt;tr>
&lt;td align="left">&lt;code>CellValueType_IsUnknown&lt;/code>&lt;/td>
&lt;td align="left">Specifies that cell value is unknown.&lt;/td>
&lt;/tr>
&lt;/tbody>
&lt;/table>
&lt;/div>
&lt;p>You can also use the above pre-defined cell value types to compare with the Type of the data present in each cell.&lt;/p></description></item><item><title>Cpp: Add Hyperlinks to the Cells</title><link>https://docs2.aspose.com/cells/cpp/developerguide/data/add+hyperlinks+to+the+cells/</link><pubDate>Mon, 01 Jan 0001 00:00:00 +0000</pubDate><guid>https://docs2.aspose.com/cells/cpp/developerguide/data/add+hyperlinks+to+the+cells/</guid><description>
&lt;p>Aspose.Cells for C++ : Add Hyperlinks to the Cells&lt;/p>
&lt;h1 id="asposecells-for-c--add-hyperlinks-to-the-cells">Aspose.Cells for C++ : Add Hyperlinks to the Cells&lt;/h1>
&lt;p>
&lt;div class="card my-3 border-top-0 border-right-0 border-bottom-0 border-left border-primary rounded" style="border-width:4px !important;">
&lt;div class="wrap border border-left-0 rounded">
&lt;div class="card-header border-0 bg-white pl-3 text-primary">
&lt;h3>Contents Summary&lt;/h3>
&lt;/div>
&lt;div class="card-body pt-1">
&lt;ul>
&lt;li>1 &lt;a href="#add-hyperlinks-to-the-cells">Add Hyperlinks to the Cells&lt;/a>&lt;/li>
&lt;li>2 &lt;a href="#sample-code">Sample Code&lt;/a>&lt;/li>
&lt;/ul>
&lt;/div>
&lt;/div>
&lt;/div>
 &lt;/p>
&lt;p> &lt;/p>
&lt;h2 id="add-hyperlinks-to-the-cells">Add Hyperlinks to the Cells&lt;/h2>
&lt;p>The following sample code shows how to add a hyperlink inside the cell of the worksheet. You can also add a hyperlink in a range of cells in a similar way. Please check the &lt;a href="https://docs2.aspose.com/cells/cpp/attachments/22970921/23167002.xlsx">output excel file&lt;/a> generated with this code and the following screenshot showing the output excel file in Microsoft Excel.&lt;/p>
&lt;p>&lt;img src="https://docs2.aspose.com/cells/cpp/attachments/22970921/23167003.png" alt="">&lt;/p>
&lt;h2 id="sample-code">Sample Code&lt;/h2>
&lt;h2 id="attachments">Attachments:&lt;/h2>
&lt;p>&lt;img src="https://docs2.aspose.com/cells/cpp/images/icons/bullet_blue.gif" alt=""> &lt;a href="https://docs2.aspose.com/cells/cpp/attachments/22970921/23167002.xlsx">output.xlsx&lt;/a> (application/vnd.openxmlformats-officedocument.spreadsheetml.sheet)&lt;br>
&lt;img src="https://docs2.aspose.com/cells/cpp/images/icons/bullet_blue.gif" alt=""> &lt;a href="https://docs2.aspose.com/cells/cpp/attachments/22970921/23167003.png">adding-hyperlink.png&lt;/a> (image/png)&lt;/p></description></item><item><title>Cpp: Apply Conditional Formatting in Worksheet</title><link>https://docs2.aspose.com/cells/cpp/developerguide/data/apply+conditional+formatting+in+worksheet/</link><pubDate>Mon, 01 Jan 0001 00:00:00 +0000</pubDate><guid>https://docs2.aspose.com/cells/cpp/developerguide/data/apply+conditional+formatting+in+worksheet/</guid><description>
&lt;p>Aspose.Cells for C++ : Apply Conditional Formatting in Worksheet&lt;/p>
&lt;h1 id="asposecells-for-c--apply-conditional-formatting-in-worksheet">Aspose.Cells for C++ : Apply Conditional Formatting in Worksheet&lt;/h1>
&lt;p>
&lt;div class="card my-3 border-top-0 border-right-0 border-bottom-0 border-left border-primary rounded" style="border-width:4px !important;">
&lt;div class="wrap border border-left-0 rounded">
&lt;div class="card-header border-0 bg-white pl-3 text-primary">
&lt;h3>Contents Summary&lt;/h3>
&lt;/div>
&lt;div class="card-body pt-1">
&lt;ul>
&lt;li>1 &lt;a href="#possible-usage-scenario">Possible Usage Scenario&lt;/a>&lt;/li>
&lt;li>2 &lt;a href="#apply-conditional-formatting-in-worksheet">Apply Conditional Formatting in Worksheet&lt;/a>&lt;/li>
&lt;li>3 &lt;a href="#sample-code">Sample Code&lt;/a>&lt;/li>
&lt;/ul>
&lt;/div>
&lt;/div>
&lt;/div>
 &lt;/p>
&lt;p> &lt;/p>
&lt;h2 id="possible-usage-scenario">Possible Usage Scenario&lt;/h2>
&lt;p>Aspose.Cells allows you to add all sorts of Conditional Formatting e.g. Formula, Above Average, Color Scale, Data Bar, Icon Set, Top10, etc. It provides the &lt;a href="https://apireference.aspose.com/cpp/cells/class/aspose.cells.i_format_condition/">IFormatCondition&lt;/a> class which has all the necessary methods to apply conditional formatting of your choice. Here is the list of a few of Get methods.&lt;/p>
&lt;ul>
&lt;li>&lt;a href="https://apireference.aspose.com/cpp/cells/class/aspose.cells.i_format_condition/#aff550fd834cd78967ec440492ff012d5">GetIAboveAverage()&lt;/a>&lt;/li>
&lt;li>&lt;a href="https://apireference.aspose.com/cpp/cells/class/aspose.cells.i_format_condition/#a3348a7c447dc564ceabc22c9c89bd6f5">GetIColorScale()&lt;/a>&lt;/li>
&lt;li>&lt;a href="https://apireference.aspose.com/cpp/cells/class/aspose.cells.i_format_condition/#a4415a87833c41386ed1595e742485e07">GetIDataBar()&lt;/a>&lt;/li>
&lt;li>&lt;a href="https://apireference.aspose.com/cpp/cells/class/aspose.cells.i_format_condition/#a011b2c7dbaaf671819d09f5d1df865e3">GetIIconSet()&lt;/a>&lt;/li>
&lt;li>&lt;a href="https://apireference.aspose.com/cpp/cells/class/aspose.cells.i_format_condition/#a64388aaf1b43811f5ee1ee3090c9bd4a">GetITop10()&lt;/a>&lt;/li>
&lt;/ul>
&lt;h2 id="apply-conditional-formatting-in-worksheet">Apply Conditional Formatting in Worksheet&lt;/h2>
&lt;p>The following sample code shows how to add a Cell Value conditional formatting on cells A1 and B2. Please see the &lt;a href="https://docs2.aspose.com/cells/cpp/attachments/22970923/23167004.xlsx">output excel file&lt;/a> generated by the code and the following screenshot which explains the effect of the code on the &lt;a href="https://docs2.aspose.com/cells/cpp/attachments/22970923/23167004.xlsx">output excel file&lt;/a>. If you will put some value greater than 100 in cell A2 and B2, the Red fill color from cell A1 and B2 will disappear.&lt;/p>
&lt;p>&lt;img src="https://docs2.aspose.com/cells/cpp/attachments/22970923/23167005.png" alt="">&lt;/p>
&lt;h2 id="sample-code">Sample Code&lt;/h2>
&lt;h2 id="attachments">Attachments:&lt;/h2>
&lt;p>&lt;img src="https://docs2.aspose.com/cells/cpp/images/icons/bullet_blue.gif" alt=""> &lt;a href="https://docs2.aspose.com/cells/cpp/attachments/22970923/23167005.png">output-conditional-formatting.png&lt;/a> (image/png)&lt;br>
&lt;img src="https://docs2.aspose.com/cells/cpp/images/icons/bullet_blue.gif" alt=""> &lt;a href="https://docs2.aspose.com/cells/cpp/attachments/22970923/23167004.xlsx">output.xlsx&lt;/a> (application/vnd.openxmlformats-officedocument.spreadsheetml.sheet)&lt;/p></description></item><item><title>Cpp: Cells Formatting</title><link>https://docs2.aspose.com/cells/cpp/developerguide/data/cells+formatting/</link><pubDate>Mon, 01 Jan 0001 00:00:00 +0000</pubDate><guid>https://docs2.aspose.com/cells/cpp/developerguide/data/cells+formatting/</guid><description>
&lt;p>Aspose.Cells for C++ : Cells Formatting&lt;/p>
&lt;h1 id="asposecells-for-c--cells-formatting">Aspose.Cells for C++ : Cells Formatting&lt;/h1>
&lt;p>
&lt;div class="card my-3 border-top-0 border-right-0 border-bottom-0 border-left border-primary rounded" style="border-width:4px !important;">
&lt;div class="wrap border border-left-0 rounded">
&lt;div class="card-header border-0 bg-white pl-3 text-primary">
&lt;h3>Contents Summary&lt;/h3>
&lt;/div>
&lt;div class="card-body pt-1">
&lt;ul>
&lt;li>1 &lt;a href="#format-cell-or-range-of-cells">Format Cell or Range of Cells&lt;/a>&lt;/li>
&lt;li>2 &lt;a href="#sample-code">Sample Code&lt;/a>&lt;/li>
&lt;/ul>
&lt;/div>
&lt;/div>
&lt;/div>
 &lt;/p>
&lt;p> &lt;/p>
&lt;h2 id="format-cell-or-range-of-cells">Format Cell or Range of Cells&lt;/h2>
&lt;p>If you want to format cell or range of cells, then Aspose.Cells provides the &lt;a href="https://apireference.aspose.com/cpp/cells/class/aspose.cells.i_style/">IStyle&lt;/a> class. You can accomplish all the formatting of the cell or range of cells using this class. Some of the things relating to formatting that can be accomplished with &lt;a href="https://apireference.aspose.com/cpp/cells/class/aspose.cells.i_style/">IStyle&lt;/a> class are following&lt;/p>
&lt;ul>
&lt;li>Set fill color of the cell&lt;/li>
&lt;li>Set the text wrap of the cell&lt;/li>
&lt;li>Set the borders of the cells like the top, left, bottom and right borders, etc.&lt;/li>
&lt;li>Set the font color, font size, font name, strike, bold, italic, underline, etc.&lt;/li>
&lt;li>Set the text horizontal or vertical alignment to right, left, top, bottom, center, etc.&lt;/li>
&lt;/ul>
&lt;p>If you want to set the style of a single cell then please use &lt;a href="https://apireference.aspose.com/cpp/cells/class/aspose.cells.i_cell/#afa3d5b2aa5e90b286effc9e92de59dd5">ICell-&amp;gt;SetIStyle()&lt;/a> method and if you want to set the style of a range of cells, then please use &lt;a href="https://apireference.aspose.com/cpp/cells/class/aspose.cells.i_range/#aaad6703b803565b674999bbaf5eed3a0">IRange-&amp;gt;ApplyIStyle()&lt;/a> method.&lt;/p>
&lt;h2 id="sample-code">Sample Code&lt;/h2>
&lt;p>The following sample code formats the cell C4 of the worksheet in various ways and the screenshot shows the &lt;a href="https://docs2.aspose.com/cells/cpp/attachments/21102594/21266438.xlsx">output excel file&lt;/a> generated by it for your reference.&lt;/p>
&lt;p>&lt;img src="https://docs2.aspose.com/cells/cpp/attachments/21102594/21266439.png" alt="">&lt;/p>
&lt;h2 id="attachments">Attachments:&lt;/h2>
&lt;p>&lt;img src="https://docs2.aspose.com/cells/cpp/images/icons/bullet_blue.gif" alt=""> &lt;a href="https://docs2.aspose.com/cells/cpp/attachments/21102594/21266438.xlsx">output.xlsx&lt;/a> (application/vnd.openxmlformats-officedocument.spre)&lt;br>
&lt;img src="https://docs2.aspose.com/cells/cpp/images/icons/bullet_blue.gif" alt=""> &lt;a href="https://docs2.aspose.com/cells/cpp/attachments/21102594/21266439.png">cells-formatting-output.png&lt;/a> (image/png)&lt;/p></description></item><item><title>Cpp: Create Named Range in a Workbook</title><link>https://docs2.aspose.com/cells/cpp/developerguide/data/create+named+range+in+a+workbook/</link><pubDate>Mon, 01 Jan 0001 00:00:00 +0000</pubDate><guid>https://docs2.aspose.com/cells/cpp/developerguide/data/create+named+range+in+a+workbook/</guid><description>
&lt;p>Aspose.Cells for C++ : Create Named Range in a Workbook&lt;/p>
&lt;h1 id="asposecells-for-c--create-named-range-in-a-workbook">Aspose.Cells for C++ : Create Named Range in a Workbook&lt;/h1>
&lt;p>
&lt;div class="card my-3 border-top-0 border-right-0 border-bottom-0 border-left border-primary rounded" style="border-width:4px !important;">
&lt;div class="wrap border border-left-0 rounded">
&lt;div class="card-header border-0 bg-white pl-3 text-primary">
&lt;h3>Contents Summary&lt;/h3>
&lt;/div>
&lt;div class="card-body pt-1">
&lt;ul>
&lt;li>1 &lt;a href="#possible-usage-scenarios">Possible Usage Scenarios&lt;/a>&lt;/li>
&lt;li>2 &lt;a href="#create-named-range-in-a-workbook">Create Named Range in a Workbook&lt;/a>&lt;/li>
&lt;li>3 &lt;a href="#sample-code">Sample Code&lt;/a>&lt;/li>
&lt;li>4 &lt;a href="#console-output">Console Output&lt;/a>&lt;/li>
&lt;/ul>
&lt;/div>
&lt;/div>
&lt;/div>
 &lt;/p>
&lt;p> &lt;/p>
&lt;h2 id="possible-usage-scenarios">Possible Usage Scenarios&lt;/h2>
&lt;p>Aspose.Cells supports the creation of a named range. There are different ways to create a named range. One of the simplest ways is to first create &lt;a href="https://apireference.aspose.com/cpp/cells/class/aspose.cells.i_range/">IRange&lt;/a> object and then set its name using &lt;a href="https://apireference.aspose.com/cpp/cells/class/aspose.cells.i_range/#a78480b6b6db0f24cffc8acc2b06552eb">IRange.SetName()&lt;/a> method. You can see all the named ranges inside your excel file via Microsoft Excel *Name Manager *interface.&lt;/p>
&lt;h2 id="create-named-range-in-a-workbook">Create Named Range in a Workbook&lt;/h2>
&lt;p>The following sample code explains how to create a &lt;em>Named Range&lt;/em> via Aspose.Cells. Once, the &lt;em>Named Range&lt;/em> is created, it is visible inside the &lt;a href="https://apireference.aspose.com/cpp/cells/class/aspose.cells.i_worksheet_collection/#aa9e7bc07917a152a2c0de161cca133fa">IWorkbook.GetIWorksheets().GetINames()&lt;/a> collection. Please see the &lt;a href="https://docs2.aspose.com/cells/cpp/attachments/22970925/23167006.xlsx">output excel file&lt;/a> generated by the code for a reference.&lt;/p>
&lt;h2 id="sample-code">Sample Code&lt;/h2>
&lt;h2 id="console-output">Console Output&lt;/h2>
&lt;p>The following console output prints the values of &lt;a href="https://apireference.aspose.com/cpp/cells/class/aspose.cells.i_name/#a5b450ef193365dec035c58280fbe9563">GetFullText&lt;/a> and &lt;a href="https://apireference.aspose.com/cpp/cells/class/aspose.cells.i_name/#afdb10a12d8d395ae81de231f017eba36">GetRefersTo&lt;/a> methods of the created &lt;em>Named Range&lt;/em> in the above code.&lt;/p>
&lt;div class="position-relative">
&lt;div class="position-absolute" style="right:0;">
&lt;button class="btn btn-light" data-clipboard-target="#clipboard_e17355b6e0">
Copy
&lt;/button>
&lt;/div>
&lt;div id="clipboard_e17355b6e0">
&lt;div class="highlight">&lt;pre style="background-color:#f8f8f8;-moz-tab-size:4;-o-tab-size:4;tab-size:4">&lt;code class="language-cs" data-lang="cs">
&lt;span style="color:#000">Full&lt;/span> &lt;span style="color:#000">Text&lt;/span>&lt;span style="color:#000;font-weight:bold">:&lt;/span> &lt;span style="color:#000">MyNamedRange&lt;/span>
&lt;span style="color:#000">Refers&lt;/span> &lt;span style="color:#000">To&lt;/span>&lt;span style="color:#000;font-weight:bold">:&lt;/span> &lt;span style="color:#000;font-weight:bold">=&lt;/span>&lt;span style="color:#000">Sheet1&lt;/span>&lt;span style="color:#000;font-weight:bold">!&lt;/span>&lt;span style="color:#a40000">$&lt;/span>&lt;span style="color:#000">A&lt;/span>&lt;span style="color:#a40000">$&lt;/span>&lt;span style="color:#0000cf;font-weight:bold">5&lt;/span>&lt;span style="color:#000;font-weight:bold">:&lt;/span>&lt;span style="color:#a40000">$&lt;/span>&lt;span style="color:#000">C&lt;/span>&lt;span style="color:#a40000">$&lt;/span>&lt;span style="color:#0000cf;font-weight:bold">10&lt;/span>
&lt;/code>&lt;/pre>&lt;/div>
&lt;/div>
&lt;/div>
&lt;h2 id="attachments">Attachments:&lt;/h2>
&lt;p>&lt;img src="https://docs2.aspose.com/cells/cpp/images/icons/bullet_blue.gif" alt=""> &lt;a href="https://docs2.aspose.com/cells/cpp/attachments/22970925/23167007">invalid&lt;/a> (application/vnd.openxmlformats-officedocument.spreadsheetml.sheet)&lt;br>
&lt;img src="https://docs2.aspose.com/cells/cpp/images/icons/bullet_blue.gif" alt=""> &lt;a href="https://docs2.aspose.com/cells/cpp/attachments/22970925/23167006.xlsx">outputCreateNamedRange.xlsx&lt;/a> (application/vnd.openxmlformats-officedocument.spreadsheetml.sheet)&lt;/p></description></item><item><title>Cpp: Creating Subtotals</title><link>https://docs2.aspose.com/cells/cpp/developerguide/data/creating+subtotals/</link><pubDate>Mon, 01 Jan 0001 00:00:00 +0000</pubDate><guid>https://docs2.aspose.com/cells/cpp/developerguide/data/creating+subtotals/</guid><description>
&lt;p>Aspose.Cells for C++ : Creating Subtotals&lt;/p>
&lt;h1 id="asposecells-for-c--creating-subtotals">Aspose.Cells for C++ : Creating Subtotals&lt;/h1>
&lt;p>
&lt;div class="card my-3 border-top-0 border-right-0 border-bottom-0 border-left border-primary rounded" style="border-width:4px !important;">
&lt;div class="wrap border border-left-0 rounded">
&lt;div class="card-header border-0 bg-white pl-3 text-primary">
&lt;h3>Contents Summary&lt;/h3>
&lt;/div>
&lt;div class="card-body pt-1">
&lt;ul>
&lt;li>1 &lt;a href="#creating-subtotals">Creating Subtotals&lt;/a>&lt;/li>
&lt;li>2 &lt;a href="#sample-code">Sample Code&lt;/a>&lt;/li>
&lt;/ul>
&lt;/div>
&lt;/div>
&lt;/div>
 &lt;/p>
&lt;p> &lt;/p>
&lt;h2 id="creating-subtotals">Creating Subtotals&lt;/h2>
&lt;p>The following sample code shows how to create subtotals using Aspose.Cells. The code loads the &lt;a href="https://docs2.aspose.com/cells/cpp/attachments/21102597/21266433.xlsx">sample excel file&lt;/a> and creates subtotals on the cell range B13:C19 and saves the &lt;a href="https://docs2.aspose.com/cells/cpp/attachments/21102597/21266437.xlsx">output excel file&lt;/a>. The following screenshot shows how the sample and output excel file looks after the execution of the code.&lt;/p>
&lt;p>&lt;img src="https://docs2.aspose.com/cells/cpp/attachments/21102597/21266436.png" alt="">&lt;/p>
&lt;h2 id="sample-code">Sample Code&lt;/h2>
&lt;h2 id="attachments">Attachments:&lt;/h2>
&lt;p>&lt;img src="https://docs2.aspose.com/cells/cpp/images/icons/bullet_blue.gif" alt=""> &lt;a href="https://docs2.aspose.com/cells/cpp/attachments/21102597/21266436.png">subtotals-sample-output-excel-files.png&lt;/a> (image/png)&lt;br>
&lt;img src="https://docs2.aspose.com/cells/cpp/images/icons/bullet_blue.gif" alt=""> &lt;a href="https://docs2.aspose.com/cells/cpp/attachments/21102597/21266437.xlsx">outputCreatingSubtotals.xlsx&lt;/a> (application/unknown)&lt;br>
&lt;img src="https://docs2.aspose.com/cells/cpp/images/icons/bullet_blue.gif" alt=""> &lt;a href="https://docs2.aspose.com/cells/cpp/attachments/21102597/21266433.xlsx">sampleCreatingSubtotals.xlsx&lt;/a> (application/unknown)&lt;/p></description></item><item><title>Cpp: Find or Search Data</title><link>https://docs2.aspose.com/cells/cpp/developerguide/data/find+or+search+data/</link><pubDate>Mon, 01 Jan 0001 00:00:00 +0000</pubDate><guid>https://docs2.aspose.com/cells/cpp/developerguide/data/find+or+search+data/</guid><description>
&lt;p>Aspose.Cells for C++ : Find or Search Data&lt;/p>
&lt;h1 id="asposecells-for-c--find-or-search-data">Aspose.Cells for C++ : Find or Search Data&lt;/h1>
&lt;p>
&lt;div class="card my-3 border-top-0 border-right-0 border-bottom-0 border-left border-primary rounded" style="border-width:4px !important;">
&lt;div class="wrap border border-left-0 rounded">
&lt;div class="card-header border-0 bg-white pl-3 text-primary">
&lt;h3>Contents Summary&lt;/h3>
&lt;/div>
&lt;div class="card-body pt-1">
&lt;ul>
&lt;li>1 &lt;a href="#find-or-search-data">Find or Search Data&lt;/a>&lt;/li>
&lt;li>2 &lt;a href="#sample-code">Sample Code&lt;/a>&lt;/li>
&lt;li>3 &lt;a href="#console-output">Console Output&lt;/a>&lt;/li>
&lt;/ul>
&lt;/div>
&lt;/div>
&lt;/div>
 &lt;/p>
&lt;p> &lt;/p>
&lt;h2 id="find-or-search-data">Find or Search Data&lt;/h2>
&lt;p>You can use Aspose.Cells to find or search data in various ways using the following method. These methods find the data as per their names.&lt;/p>
&lt;ul>
&lt;li>&lt;a href="https://apireference.aspose.com/cpp/cells/class/aspose.cells.i_cells/#a7f90de51db6984956b5ed0b33b73a111">FindNumber&lt;/a>&lt;/li>
&lt;li>&lt;a href="https://apireference.aspose.com/cpp/cells/class/aspose.cells.i_cells/#ae3a8a9cfe7f8dc84ea590a8472e194f1">FindFormula&lt;/a>&lt;/li>
&lt;li>&lt;a href="https://apireference.aspose.com/cpp/cells/class/aspose.cells.i_cells/#ae8d2b8cdef52ef4e501502c4b905943f">FindFormulaContains&lt;/a>&lt;/li>
&lt;li>&lt;a href="https://apireference.aspose.com/cpp/cells/class/aspose.cells.i_cells/#ac3e27028cf708eba8efb0997f9c9048e">FindString&lt;/a>&lt;/li>
&lt;li>&lt;a href="https://apireference.aspose.com/cpp/cells/class/aspose.cells.i_cells/#a4f863b51674f7b18cf20a344872ad704">FindStringContains&lt;/a>&lt;/li>
&lt;li>&lt;a href="https://apireference.aspose.com/cpp/cells/class/aspose.cells.i_cells/#afa17f3d771e73731dd9f682f4ac359df">FindStringStartsWith&lt;/a>&lt;/li>
&lt;li>&lt;a href="https://apireference.aspose.com/cpp/cells/class/aspose.cells.i_cells/#a7d0c58798771b7bc220fb162c30f247b">FindStringEndsWith&lt;/a>&lt;/li>
&lt;/ul>
&lt;p>The following sample code illustrates the usage of the above methods using the &lt;a href="https://docs2.aspose.com/cells/cpp/attachments/21102595/21266434.xlsx">sample excel file&lt;/a> as shown in this screenshot.&lt;/p>
&lt;p>&lt;img src="https://docs2.aspose.com/cells/cpp/attachments/21102595/21266435.png" alt="">&lt;/p>
&lt;h2 id="sample-code">Sample Code&lt;/h2>
&lt;h2 id="console-output">Console Output&lt;/h2>
&lt;p>This is the console output of the above sample code when executed with the given &lt;a href="https://docs2.aspose.com/cells/cpp/attachments/21102595/21266434.xlsx">sample excel file&lt;/a>.&lt;/p>
&lt;div class="position-relative">
&lt;div class="position-absolute" style="right:0;">
&lt;button class="btn btn-light" data-clipboard-target="#clipboard_cefa81963d">
Copy
&lt;/button>
&lt;/div>
&lt;div id="clipboard_cefa81963d">
&lt;div class="highlight">&lt;pre style="background-color:#f8f8f8;-moz-tab-size:4;-o-tab-size:4;tab-size:4">&lt;code class="language-cs" data-lang="cs">
&lt;span style="color:#000">Name&lt;/span> &lt;span style="color:#000">of&lt;/span> &lt;span style="color:#000">the&lt;/span> &lt;span style="color:#000">cell&lt;/span> &lt;span style="color:#000">containing&lt;/span> &lt;span style="color:#000">the&lt;/span> &lt;span style="color:#000">number&lt;/span> &lt;span style="color:#0000cf;font-weight:bold">80&lt;/span>&lt;span style="color:#000;font-weight:bold">:&lt;/span> &lt;span style="color:#000">A8&lt;/span>
&lt;span style="color:#000">Name&lt;/span> &lt;span style="color:#000">of&lt;/span> &lt;span style="color:#000">the&lt;/span> &lt;span style="color:#000">cell&lt;/span> &lt;span style="color:#000">containing&lt;/span> &lt;span style="color:#000">formula&lt;/span> &lt;span style="color:#000;font-weight:bold">=&lt;/span>&lt;span style="color:#000">SUM&lt;/span>&lt;span style="color:#000;font-weight:bold">(&lt;/span>&lt;span style="color:#000">A5&lt;/span>&lt;span style="color:#000;font-weight:bold">:&lt;/span>&lt;span style="color:#000">A10&lt;/span>&lt;span style="color:#000;font-weight:bold">):&lt;/span> &lt;span style="color:#000">C6&lt;/span>
&lt;span style="color:#000">Name&lt;/span> &lt;span style="color:#000">of&lt;/span> &lt;span style="color:#000">the&lt;/span> &lt;span style="color:#000">cell&lt;/span> &lt;span style="color:#000">containing&lt;/span> &lt;span style="color:#000">the&lt;/span> &lt;span style="color:#000">formula&lt;/span> &lt;span style="color:#000">that&lt;/span> &lt;span style="color:#000">contains&lt;/span> &lt;span style="color:#000">CHA&lt;/span>&lt;span style="color:#000;font-weight:bold">:&lt;/span> &lt;span style="color:#000">C7&lt;/span>
&lt;span style="color:#000">Name&lt;/span> &lt;span style="color:#000">of&lt;/span> &lt;span style="color:#000">the&lt;/span> &lt;span style="color:#000">cell&lt;/span> &lt;span style="color:#000">containing&lt;/span> &lt;span style="color:#000">specified&lt;/span> &lt;span style="color:#204a87;font-weight:bold">string&lt;/span>&lt;span style="color:#000;font-weight:bold">:&lt;/span> &lt;span style="color:#000">C8&lt;/span>
&lt;span style="color:#000">Name&lt;/span> &lt;span style="color:#000">of&lt;/span> &lt;span style="color:#000">the&lt;/span> &lt;span style="color:#000">cell&lt;/span> &lt;span style="color:#000">containing&lt;/span> &lt;span style="color:#000">the&lt;/span> &lt;span style="color:#204a87;font-weight:bold">string&lt;/span> &lt;span style="color:#000">that&lt;/span> &lt;span style="color:#000">contains&lt;/span> &lt;span style="color:#000">Two&lt;/span>&lt;span style="color:#000;font-weight:bold">:&lt;/span> &lt;span style="color:#000">C9&lt;/span>
&lt;span style="color:#000">Name&lt;/span> &lt;span style="color:#000">of&lt;/span> &lt;span style="color:#000">the&lt;/span> &lt;span style="color:#000">cell&lt;/span> &lt;span style="color:#000">containing&lt;/span> &lt;span style="color:#000">the&lt;/span> &lt;span style="color:#204a87;font-weight:bold">string&lt;/span> &lt;span style="color:#000">that&lt;/span> &lt;span style="color:#000">starts&lt;/span> &lt;span style="color:#000">with&lt;/span> &lt;span style="color:#000">AAA&lt;/span>&lt;span style="color:#000;font-weight:bold">:&lt;/span> &lt;span style="color:#000">C10&lt;/span>
&lt;span style="color:#000">Name&lt;/span> &lt;span style="color:#000">of&lt;/span> &lt;span style="color:#000">the&lt;/span> &lt;span style="color:#000">cell&lt;/span> &lt;span style="color:#000">containing&lt;/span> &lt;span style="color:#000">the&lt;/span> &lt;span style="color:#204a87;font-weight:bold">string&lt;/span> &lt;span style="color:#000">that&lt;/span> &lt;span style="color:#000">ends&lt;/span> &lt;span style="color:#000">with&lt;/span> &lt;span style="color:#000">BBB&lt;/span>&lt;span style="color:#000;font-weight:bold">:&lt;/span> &lt;span style="color:#000">C11&lt;/span>
&lt;/code>&lt;/pre>&lt;/div>
&lt;/div>
&lt;/div>
&lt;h2 id="attachments">Attachments:&lt;/h2>
&lt;p>&lt;img src="https://docs2.aspose.com/cells/cpp/images/icons/bullet_blue.gif" alt=""> &lt;a href="https://docs2.aspose.com/cells/cpp/attachments/21102595/21266434.xlsx">sampleFindOrSearchData.xlsx&lt;/a> (application/unknown)&lt;br>
&lt;img src="https://docs2.aspose.com/cells/cpp/images/icons/bullet_blue.gif" alt=""> &lt;a href="https://docs2.aspose.com/cells/cpp/attachments/21102595/21266435.png">find-data-sample-excel-file.png&lt;/a> (image/png)&lt;/p></description></item><item><title>Cpp: Manipulate Named Range in a Workbook</title><link>https://docs2.aspose.com/cells/cpp/developerguide/data/manipulate+named+range+in+a+workbook/</link><pubDate>Mon, 01 Jan 0001 00:00:00 +0000</pubDate><guid>https://docs2.aspose.com/cells/cpp/developerguide/data/manipulate+named+range+in+a+workbook/</guid><description>
&lt;p>Aspose.Cells for C++ : Manipulate Named Range in a Workbook&lt;/p>
&lt;h1 id="asposecells-for-c--manipulate-named-range-in-a-workbook">Aspose.Cells for C++ : Manipulate Named Range in a Workbook&lt;/h1>
&lt;p>
&lt;div class="card my-3 border-top-0 border-right-0 border-bottom-0 border-left border-primary rounded" style="border-width:4px !important;">
&lt;div class="wrap border border-left-0 rounded">
&lt;div class="card-header border-0 bg-white pl-3 text-primary">
&lt;h3>Contents Summary&lt;/h3>
&lt;/div>
&lt;div class="card-body pt-1">
&lt;ul>
&lt;li>1 &lt;a href="#possible-usage-scenarios">Possible Usage Scenarios&lt;/a>&lt;/li>
&lt;li>2 &lt;a href="#manipulate-named-range-in-a-workbook">Manipulate Named Range in a Workbook&lt;/a>&lt;/li>
&lt;li>3 &lt;a href="#sample-code">Sample Code&lt;/a>&lt;/li>
&lt;li>4 &lt;a href="#console-output">Console Output&lt;/a>&lt;/li>
&lt;/ul>
&lt;/div>
&lt;/div>
&lt;/div>
 &lt;/p>
&lt;p> &lt;/p>
&lt;h2 id="possible-usage-scenarios">Possible Usage Scenarios&lt;/h2>
&lt;p>Aspose.Cells supports the manipulation of existing named ranges. All the existing named ranges can be accessed from &lt;a href="https://apireference.aspose.com/cpp/cells/class/aspose.cells.i_worksheet_collection/#aa9e7bc07917a152a2c0de161cca133fa">IWorkbook.GetIWorksheets().GetINames()&lt;/a> collection. Once, you access the named range, you can change its various methods e.g. &lt;a href="https://apireference.aspose.com/cpp/cells/class/aspose.cells.i_name/#a5b450ef193365dec035c58280fbe9563">GetFullText&lt;/a> and &lt;a href="https://apireference.aspose.com/cpp/cells/class/aspose.cells.i_name/#afdb10a12d8d395ae81de231f017eba36">GetRefersTo&lt;/a>.&lt;/p>
&lt;h2 id="manipulate-named-range-in-a-workbook">Manipulate Named Range in a Workbook&lt;/h2>
&lt;p>The following sample code reads the first named-range inside the &lt;a href="https://docs2.aspose.com/cells/cpp/attachments/22970927/23167008.xlsx">source excel file&lt;/a> and prints its &lt;a href="https://apireference.aspose.com/cpp/cells/class/aspose.cells.i_name/#a5b450ef193365dec035c58280fbe9563">FullText&lt;/a> and &lt;a href="https://apireference.aspose.com/cpp/cells/class/aspose.cells.i_name/#afdb10a12d8d395ae81de231f017eba36">RefersTo&lt;/a> properties on the console. After that, it modifies &lt;a href="https://apireference.aspose.com/cpp/cells/class/aspose.cells.i_name/#afdb10a12d8d395ae81de231f017eba36">RefersTo&lt;/a> property and saves the &lt;a href="https://docs2.aspose.com/cells/cpp/attachments/22970927/23167009.xlsx">output excel file&lt;/a>.&lt;/p>
&lt;h2 id="sample-code">Sample Code&lt;/h2>
&lt;h2 id="console-output">Console Output&lt;/h2>
&lt;p>The following console output prints the values of &lt;a href="https://apireference.aspose.com/cpp/cells/class/aspose.cells.i_name/#a5b450ef193365dec035c58280fbe9563">FullText&lt;/a> and &lt;a href="https://apireference.aspose.com/cpp/cells/class/aspose.cells.i_name/#afdb10a12d8d395ae81de231f017eba36">RefersTo&lt;/a> members of the existing &lt;em>Named Range&lt;/em> in the above code.&lt;/p>
&lt;div class="position-relative">
&lt;div class="position-absolute" style="right:0;">
&lt;button class="btn btn-light" data-clipboard-target="#clipboard_6ef3b9c666">
Copy
&lt;/button>
&lt;/div>
&lt;div id="clipboard_6ef3b9c666">
&lt;div class="highlight">&lt;pre style="background-color:#f8f8f8;-moz-tab-size:4;-o-tab-size:4;tab-size:4">&lt;code class="language-cs" data-lang="cs">
&lt;span style="color:#000">Full&lt;/span> &lt;span style="color:#000">Text&lt;/span>&lt;span style="color:#000;font-weight:bold">:&lt;/span> &lt;span style="color:#000">TestRange&lt;/span>
&lt;span style="color:#000">Refers&lt;/span> &lt;span style="color:#000">To&lt;/span>&lt;span style="color:#000;font-weight:bold">:&lt;/span> &lt;span style="color:#000;font-weight:bold">=&lt;/span>&lt;span style="color:#000">Sheet1&lt;/span>&lt;span style="color:#000;font-weight:bold">!&lt;/span>&lt;span style="color:#a40000">$&lt;/span>&lt;span style="color:#000">D&lt;/span>&lt;span style="color:#a40000">$&lt;/span>&lt;span style="color:#0000cf;font-weight:bold">3&lt;/span>&lt;span style="color:#000;font-weight:bold">:&lt;/span>&lt;span style="color:#a40000">$&lt;/span>&lt;span style="color:#000">G&lt;/span>&lt;span style="color:#a40000">$&lt;/span>&lt;span style="color:#0000cf;font-weight:bold">6&lt;/span>
&lt;/code>&lt;/pre>&lt;/div>
&lt;/div>
&lt;/div>
&lt;h2 id="attachments">Attachments:&lt;/h2>
&lt;p>&lt;img src="https://docs2.aspose.com/cells/cpp/images/icons/bullet_blue.gif" alt=""> &lt;a href="https://docs2.aspose.com/cells/cpp/attachments/22970927/23167009.xlsx">outputManipulateNamedRangeInWorkbook.xlsx&lt;/a> (application/vnd.openxmlformats-officedocument.spreadsheetml.sheet)&lt;br>
&lt;img src="https://docs2.aspose.com/cells/cpp/images/icons/bullet_blue.gif" alt=""> &lt;a href="https://docs2.aspose.com/cells/cpp/attachments/22970927/23167008.xlsx">sampleManipulateNamedRangeInWorkbook.xlsx&lt;/a> (application/vnd.openxmlformats-officedocument.spreadsheetml.sheet)&lt;/p></description></item><item><title>Cpp: Precedents and Dependents</title><link>https://docs2.aspose.com/cells/cpp/developerguide/data/precedents+and+dependents/</link><pubDate>Mon, 01 Jan 0001 00:00:00 +0000</pubDate><guid>https://docs2.aspose.com/cells/cpp/developerguide/data/precedents+and+dependents/</guid><description>
&lt;p>Aspose.Cells for C++ : Precedents and Dependents&lt;/p>
&lt;h1 id="asposecells-for-c--precedents-and-dependents">Aspose.Cells for C++ : Precedents and Dependents&lt;/h1>
&lt;p>Complex financial worksheets, especially ones developed in collaboration, can hide the most embarrassing errors. Checking formulas for accuracy and finding the source of an error can be difficult when the formula uses precedent cells and dependent cells.&lt;/p>
&lt;p>
&lt;div class="card my-3 border-top-0 border-right-0 border-bottom-0 border-left border-primary rounded" style="border-width:4px !important;">
&lt;div class="wrap border border-left-0 rounded">
&lt;div class="card-header border-0 bg-white pl-3 text-primary">
&lt;h3>Contents Summary&lt;/h3>
&lt;/div>
&lt;div class="card-body pt-1">
&lt;ul>
&lt;li>1 &lt;a href="#introduction">Introduction&lt;/a>&lt;/li>
&lt;li>2 &lt;a href="#tracing-precedent-and-dependent-cells:-microsoft-excel">Tracing Precedent and Dependent Cells: Microsoft Excel&lt;/a>&lt;/li>
&lt;li>3 &lt;a href="#tracing-precedent-and-dependent-cells:-aspose.cells">Tracing Precedent and Dependent Cells: Aspose.Cells&lt;/a>
&lt;ul>
&lt;li>3.1 &lt;a href="#tracing-precedents">Tracing Precedents&lt;/a>&lt;/li>
&lt;li>3.2 &lt;a href="#tracing-dependents">Tracing Dependents&lt;/a>&lt;/li>
&lt;/ul>
&lt;/li>
&lt;/ul>
&lt;/div>
&lt;/div>
&lt;/div>
 &lt;/p>
&lt;h2 id="introduction">Introduction&lt;/h2>
&lt;ul>
&lt;li>
&lt;p>&lt;strong>Precedent cells&lt;/strong> are cells that are referred to by a formula in another cell. For example, if cell D10 contains the formula =B5, cell B5 is a precedent to cell D10.&lt;/p>
&lt;/li>
&lt;li>
&lt;p>&lt;strong>Dependent cells&lt;/strong> contain formulas that refer to other cells. For example, if cell D10 contains the formula =B5, cell D10 is dependent of cell B5.&lt;/p>
&lt;/li>
&lt;/ul>
&lt;p>To make the spreadsheet easy to read, you might want to clearly show which cells on a spreadsheet are used in a formula. Similarly, you may want to extract the dependent cells of other cells.&lt;/p>
&lt;p>Aspose.Cells allows you to trace cells and find out which are linked.&lt;/p>
&lt;h2 id="tracing-precedent-and-dependent-cells-microsoft-excel">Tracing Precedent and Dependent Cells: Microsoft Excel&lt;/h2>
&lt;p>Formulas may change based on modifications made by a client. For example, if cell C1 is dependent on C3 and C4 containing a formula, and C1 is changed (so the formula is overridden), C3 and C4, or other cells, need to change to balance the spreadsheet based on business rules.&lt;/p>
&lt;p>Similarly, suppose C1 contains the formula &amp;ldquo;=(B1*22)/(M2*N32)&amp;rdquo;. I want to find the cells that C1 depends on, that is the precedent cells B1, M2, and N32.&lt;/p>
&lt;p>You might need to trace the dependency of a particular cell to other cells. If business rules are embedded in formulas, we would like to find out the dependency and execute some rules based on it. Similarly, if the value of a particular cell is modified, which cells in the worksheet are impacted by that change?&lt;/p>
&lt;p>Microsoft Excel allows users to trace precedents and dependents.&lt;/p>
&lt;ol>
&lt;li>On the &lt;strong>View Toolbar&lt;/strong>, select &lt;strong>Formula Auditing&lt;/strong>&lt;/li>
&lt;li>Trace Precedents:
&lt;ol>
&lt;li>Select the cell that contains the formula for which you want to find precedent cells.&lt;/li>
&lt;li>To display a tracer arrow to each cell that directly provides data to the active cell, click &lt;strong>Trace Precedents&lt;/strong> on the &lt;strong>Formula Auditing&lt;/strong> toolbar.&lt;/li>
&lt;/ol>
&lt;/li>
&lt;li>Trace formulas that reference a particular cell (dependents)
&lt;ol>
&lt;li>Select the cell for which you want to identify the dependent cells.&lt;/li>
&lt;li>To display a tracer arrow to each cell that is dependent on the active cell, click Trace Dependents on the Formula Auditing toolbar.&lt;/li>
&lt;/ol>
&lt;/li>
&lt;/ol>
&lt;h2 id="tracing-precedent-and-dependent-cells-asposecells">Tracing Precedent and Dependent Cells: Aspose.Cells&lt;/h2>
&lt;h3 id="tracing-precedents">Tracing Precedents&lt;/h3>
&lt;p>Aspose.Cells makes it easy to get precedent cells. Not only can it retrieve cells that provide data to simple formula precedents but also find cells that provide data to complex formula precedents with named ranges.&lt;/p>
&lt;h3 id="tracing-dependents">Tracing Dependents&lt;/h3>
&lt;p>Aspose.Cells lets you get dependent cells in spreadsheets. Aspose.Cells can not only retrieve cells that provide data regarding a simple formula but also find cells that provide data to complex formula dependents with named ranges.&lt;/p></description></item></channel></rss>