<rss version="2.0" xmlns:atom="http://www.w3.org/2005/Atom"><channel><title>Documentation – Release Notes - 2010</title><link>https://docs2.aspose.com/cells/jasperreports/releasenotes/2010/</link><description>Recent content in Release Notes - 2010 on Documentation</description><generator>Hugo -- gohugo.io</generator><atom:link href="https://docs2.aspose.com/cells/jasperreports/releasenotes/2010/index.xml" rel="self" type="application/rss+xml"/><item><title>Jasperreports: Aspose.Cells for JasperReports 1.0.1 Release Notes</title><link>https://docs2.aspose.com/cells/jasperreports/releasenotes/2010/aspose.cells+for+jasperreports+1.0.1+release+notes/</link><pubDate>Mon, 01 Jan 0001 00:00:00 +0000</pubDate><guid>https://docs2.aspose.com/cells/jasperreports/releasenotes/2010/aspose.cells+for+jasperreports+1.0.1+release+notes/</guid><description>
&lt;p>Aspose.Cells for JasperReports : Aspose.Cells for JasperReports 1.0.1 Release Notes&lt;/p>
&lt;h1 id="asposecells-for-jasperreports--asposecells-for-jasperreports-101-release-notes">Aspose.Cells for JasperReports : Aspose.Cells for JasperReports 1.0.1 Release Notes&lt;/h1>
&lt;p>This page contains release notes for &lt;a href="http://www.aspose.com/downloads/cells/jasperreports/new-releases/aspose.cells-for-jasperreports-1.0.1/">Aspose.Cells for JasperReports 1.0.1&lt;/a>&lt;/p>
&lt;p>We are happy to announceAspose.Cells for JasperReports 1.0.1!&lt;/p>
&lt;p>What&amp;rsquo;s new:&lt;/p>
&lt;ul>
&lt;li>&amp;lt;!-&lt;a href="https://docs2.aspose.com/cells/pages/createpage.action?spaceKey=cellsjasperreports&amp;amp;title=if+%21supportLists&amp;amp;linkCreation=true&amp;amp;fromPageId=6619169">if !supportLists&lt;/a>-&amp;gt;&lt;br>
&amp;lt;!-&lt;a href="https://docs2.aspose.com/cells/pages/createpage.action?spaceKey=cellsjasperreports&amp;amp;title=endif&amp;amp;linkCreation=true&amp;amp;fromPageId=6619169">endif&lt;/a>-&amp;gt;Font sizes are adjusted appropriately to paste characters&lt;br>
in Microsoft Excel format similar to characters in PDF format.&lt;/li>
&lt;li>&amp;lt;!-&lt;a href="https://docs2.aspose.com/cells/pages/createpage.action?spaceKey=cellsjasperreports&amp;amp;title=if+%21supportLists&amp;amp;linkCreation=true&amp;amp;fromPageId=6619169">if !supportLists&lt;/a>-&amp;gt;&lt;br>
&amp;lt;!-&lt;a href="https://docs2.aspose.com/cells/pages/createpage.action?spaceKey=cellsjasperreports&amp;amp;title=endif&amp;amp;linkCreation=true&amp;amp;fromPageId=6619169">endif&lt;/a>-&amp;gt;Axis labels (of Charts) in date format are rendered&lt;br>
correctly and accordingly. &lt;/li>
&lt;li>&amp;lt;!-&lt;a href="https://docs2.aspose.com/cells/pages/createpage.action?spaceKey=cellsjasperreports&amp;amp;title=if+%21supportLists&amp;amp;linkCreation=true&amp;amp;fromPageId=6619169">if !supportLists&lt;/a>-&amp;gt;&lt;br>
&amp;lt;!-&lt;a href="https://docs2.aspose.com/cells/pages/createpage.action?spaceKey=cellsjasperreports&amp;amp;title=endif&amp;amp;linkCreation=true&amp;amp;fromPageId=6619169">endif&lt;/a>-&amp;gt;Gradient Fill effects for the areas are&lt;br>
supported including chart’s background (chart area, plot area etc.), legend’s&lt;br>
background, bars and bubbles etc.&lt;/li>
&lt;/ul>
&lt;p>What&amp;rsquo;s fixed:&lt;/p>
&lt;ul>
&lt;li>
&lt;p>&amp;lt;!-&lt;a href="https://docs2.aspose.com/cells/pages/createpage.action?spaceKey=cellsjasperreports&amp;amp;title=if+%21supportLists&amp;amp;linkCreation=true&amp;amp;fromPageId=6619169">if !supportLists&lt;/a>-&amp;gt;&lt;br>
&amp;lt;!-&lt;a href="https://docs2.aspose.com/cells/pages/createpage.action?spaceKey=cellsjasperreports&amp;amp;title=endif&amp;amp;linkCreation=true&amp;amp;fromPageId=6619169">endif&lt;/a>-&amp;gt;Fixed some bugs of filling wall and floor of 3D&lt;br>
charts.&lt;/p>
&lt;/li>
&lt;li>
&lt;p>&amp;lt;&lt;/p>
&lt;p>Unable to render embedded object: File (link&amp;gt;&amp;lt;ri:page ri:content-title=&amp;quot;if !supportLists&amp;rdquo; /&amp;gt;&amp;lt;/ac:link&amp;gt;&amp;ndash;&amp;gt;&amp;lt;) not found.&lt;/p>
&lt;p>-&lt;a href="https://docs2.aspose.com/cells/pages/createpage.action?spaceKey=cellsjasperreports&amp;amp;title=endif&amp;amp;linkCreation=true&amp;amp;fromPageId=6619169">endif&lt;/a>-&amp;gt;Fixed a bug of pie chart labels.&lt;/p>
&lt;/li>
&lt;li>
&lt;p>&amp;lt;!-&lt;a href="https://docs2.aspose.com/cells/pages/createpage.action?spaceKey=cellsjasperreports&amp;amp;title=if+%21supportLists&amp;amp;linkCreation=true&amp;amp;fromPageId=6619169">if !supportLists&lt;/a>-&amp;gt;&lt;br>
&amp;lt;!-&lt;a href="https://docs2.aspose.com/cells/pages/createpage.action?spaceKey=cellsjasperreports&amp;amp;title=endif&amp;amp;linkCreation=true&amp;amp;fromPageId=6619169">endif&lt;/a>-&amp;gt;Fixed a bug regarding support of jasperserver&lt;br>
3.1.0.&lt;/p>
&lt;/li>
&lt;/ul></description></item><item><title>Jasperreports: Aspose.Cells for JasperReports 1.1.0 Release Notes</title><link>https://docs2.aspose.com/cells/jasperreports/releasenotes/2010/aspose.cells+for+jasperreports+1.1.0+release+notes/</link><pubDate>Mon, 01 Jan 0001 00:00:00 +0000</pubDate><guid>https://docs2.aspose.com/cells/jasperreports/releasenotes/2010/aspose.cells+for+jasperreports+1.1.0+release+notes/</guid><description>
&lt;p>Aspose.Cells for JasperReports : Aspose.Cells for JasperReports 1.1.0 Release Notes&lt;/p>
&lt;h1 id="asposecells-for-jasperreports--asposecells-for-jasperreports-110-release-notes">Aspose.Cells for JasperReports : Aspose.Cells for JasperReports 1.1.0 Release Notes&lt;/h1>
&lt;p>This page contains release notes for &lt;a href="http://www.aspose.com/downloads/cells/jasperreports/new-releases/aspose.cells-for-jasperreports-1.1.0/">Aspose.Cells for JasperReports 1.1.0&lt;/a>&lt;/p>
&lt;p>We are happy to announce Aspose.Cells for JasperReports v1.1.0 for the users!What&amp;rsquo;s new:&lt;/p>
&lt;ul>
&lt;li>Supports Microsoft Excel 97 to 2003 and Microsoft Excel 2007 formats. More details could be found at the document “Configuration Parameters” in the product documentation.&lt;/li>
&lt;li>Fixes several bugs of calculation in report element size.&lt;/li>
&lt;li>Supports JasperReports 3.7.x.&lt;/li>
&lt;/ul></description></item></channel></rss>