<rss version="2.0" xmlns:atom="http://www.w3.org/2005/Atom"><channel><title>Documentation – Formatting Slicer</title><link>https://docs2.aspose.com/cells/pythonjava/developerguide/slicers/formatting+slicer/</link><description>Recent content in Formatting Slicer on Documentation</description><generator>Hugo -- gohugo.io</generator><atom:link href="https://docs2.aspose.com/cells/pythonjava/developerguide/slicers/formatting+slicer/index.xml" rel="self" type="application/rss+xml"/></channel></rss>