<rss version="2.0" xmlns:atom="http://www.w3.org/2005/Atom"><channel><title>Documentation – Export print area range to HTML</title><link>https://docs2.aspose.com/cells/pythonjava/developerguide/html/export+print+area+range+to+html/</link><description>Recent content in Export print area range to HTML on Documentation</description><generator>Hugo -- gohugo.io</generator><atom:link href="https://docs2.aspose.com/cells/pythonjava/developerguide/html/export+print+area+range+to+html/index.xml" rel="self" type="application/rss+xml"/></channel></rss>