<rss version="2.0" xmlns:atom="http://www.w3.org/2005/Atom"><channel><title>Documentation – Release Notes</title><link>https://docs2.aspose.com/cells/reportingservices/releasenotes/</link><description>Recent content in Release Notes on Documentation</description><generator>Hugo -- gohugo.io</generator><atom:link href="https://docs2.aspose.com/cells/reportingservices/releasenotes/index.xml" rel="self" type="application/rss+xml"/><item><title>Reportingservices: Release Notes - 2020</title><link>https://docs2.aspose.com/cells/reportingservices/releasenotes/2020/</link><pubDate>Mon, 01 Jan 0001 00:00:00 +0000</pubDate><guid>https://docs2.aspose.com/cells/reportingservices/releasenotes/2020/</guid><description>
&lt;p>Aspose.Cells for Reporting Services : Release Notes - 2020&lt;/p>
&lt;h1 id="asposecells-for-reporting-services--release-notes---2020">Aspose.Cells for Reporting Services : Release Notes - 2020&lt;/h1></description></item><item><title>Reportingservices: Release Notes - 2019</title><link>https://docs2.aspose.com/cells/reportingservices/releasenotes/2019/</link><pubDate>Mon, 01 Jan 0001 00:00:00 +0000</pubDate><guid>https://docs2.aspose.com/cells/reportingservices/releasenotes/2019/</guid><description>
&lt;p>Aspose.Cells for Reporting Services : Release Notes - 2019&lt;/p>
&lt;h1 id="asposecells-for-reporting-services--release-notes---2019">Aspose.Cells for Reporting Services : Release Notes - 2019&lt;/h1></description></item><item><title>Reportingservices: Release Notes - 2018</title><link>https://docs2.aspose.com/cells/reportingservices/releasenotes/2018/</link><pubDate>Mon, 01 Jan 0001 00:00:00 +0000</pubDate><guid>https://docs2.aspose.com/cells/reportingservices/releasenotes/2018/</guid><description>
&lt;p>Aspose.Cells for Reporting Services : Release Notes - 2018&lt;/p>
&lt;h1 id="asposecells-for-reporting-services--release-notes---2018">Aspose.Cells for Reporting Services : Release Notes - 2018&lt;/h1></description></item><item><title>Reportingservices: Release Notes - 2017</title><link>https://docs2.aspose.com/cells/reportingservices/releasenotes/2017/</link><pubDate>Mon, 01 Jan 0001 00:00:00 +0000</pubDate><guid>https://docs2.aspose.com/cells/reportingservices/releasenotes/2017/</guid><description>
&lt;p>Aspose.Cells for Reporting Services : Release Notes - 2017&lt;/p>
&lt;h1 id="asposecells-for-reporting-services--release-notes---2017">Aspose.Cells for Reporting Services : Release Notes - 2017&lt;/h1></description></item><item><title>Reportingservices: Release Notes - 2016</title><link>https://docs2.aspose.com/cells/reportingservices/releasenotes/2016/</link><pubDate>Mon, 01 Jan 0001 00:00:00 +0000</pubDate><guid>https://docs2.aspose.com/cells/reportingservices/releasenotes/2016/</guid><description>
&lt;p>Aspose.Cells for Reporting Services : Release Notes - 2016&lt;/p>
&lt;h1 id="asposecells-for-reporting-services--release-notes---2016">Aspose.Cells for Reporting Services : Release Notes - 2016&lt;/h1></description></item><item><title>Reportingservices: Release Notes - 2015</title><link>https://docs2.aspose.com/cells/reportingservices/releasenotes/2015/</link><pubDate>Mon, 01 Jan 0001 00:00:00 +0000</pubDate><guid>https://docs2.aspose.com/cells/reportingservices/releasenotes/2015/</guid><description>
&lt;p>Aspose.Cells for Reporting Services : Release Notes - 2015&lt;/p>
&lt;h1 id="asposecells-for-reporting-services--release-notes---2015">Aspose.Cells for Reporting Services : Release Notes - 2015&lt;/h1>
&lt;h3 id="release-notes---2015">Release Notes - 2015&lt;/h3>
&lt;p>        &lt;a href="https://docs2.aspose.com/cells/reportingservices/releasenotes/2015/aspose.cells+for+reporting+services+2.2.0+release+notes">&lt;strong>Aspose.Cells for Reporting Services 2.2.0 Release Notes&lt;/strong>&lt;/a>&lt;/p>
&lt;p>&lt;a href="#">Expand all&lt;/a>   &lt;a href="#">Collapse all&lt;/a>&lt;/p></description></item><item><title>Reportingservices: Release Notes - 2014</title><link>https://docs2.aspose.com/cells/reportingservices/releasenotes/2014/</link><pubDate>Mon, 01 Jan 0001 00:00:00 +0000</pubDate><guid>https://docs2.aspose.com/cells/reportingservices/releasenotes/2014/</guid><description>
&lt;p>Aspose.Cells for Reporting Services : Release Notes - 2014&lt;/p>
&lt;h1 id="asposecells-for-reporting-services--release-notes---2014">Aspose.Cells for Reporting Services : Release Notes - 2014&lt;/h1>
&lt;h3 id="release-notes---2014">Release Notes - 2014&lt;/h3>
&lt;p>        &lt;a href="https://docs2.aspose.com/cells/reportingservices/releasenotes/2014/aspose.cells+for+reporting+services+v2.0.0+release+notes">&lt;strong>Aspose.Cells for Reporting Services V2.0.0 Release Notes&lt;/strong>&lt;/a>&lt;/p>
&lt;p>&lt;a href="#">Expand all&lt;/a>   &lt;a href="#">Collapse all&lt;/a>&lt;/p></description></item><item><title>Reportingservices: Release Notes - 2012</title><link>https://docs2.aspose.com/cells/reportingservices/releasenotes/2012/</link><pubDate>Mon, 01 Jan 0001 00:00:00 +0000</pubDate><guid>https://docs2.aspose.com/cells/reportingservices/releasenotes/2012/</guid><description>
&lt;p>Aspose.Cells for Reporting Services : Release Notes - 2012&lt;/p>
&lt;h1 id="asposecells-for-reporting-services--release-notes---2012">Aspose.Cells for Reporting Services : Release Notes - 2012&lt;/h1>
&lt;h3 id="release-notes---2012">Release Notes - 2012&lt;/h3>
&lt;p>        &lt;a href="https://docs2.aspose.com/cells/reportingservices/releasenotes/2012/aspose.cells+for+reporting+services+1.8.0+release+notes">&lt;strong>Aspose.Cells for Reporting Services 1.8.0 Release Notes&lt;/strong>&lt;/a>&lt;/p>
&lt;p>&lt;a href="#">Expand all&lt;/a>   &lt;a href="#">Collapse all&lt;/a>&lt;/p></description></item><item><title>Reportingservices: Release Notes - 2011</title><link>https://docs2.aspose.com/cells/reportingservices/releasenotes/2011/</link><pubDate>Mon, 01 Jan 0001 00:00:00 +0000</pubDate><guid>https://docs2.aspose.com/cells/reportingservices/releasenotes/2011/</guid><description>
&lt;p>Aspose.Cells for Reporting Services : Release Notes - 2011&lt;/p>
&lt;h1 id="asposecells-for-reporting-services--release-notes---2011">Aspose.Cells for Reporting Services : Release Notes - 2011&lt;/h1>
&lt;h3 id="release-notes---2011">Release Notes - 2011&lt;/h3>
&lt;p>        &lt;a href="https://docs2.aspose.com/cells/reportingservices/releasenotes/2011/aspose.cells+for+reporting+services+1.7.0+release+notes">&lt;strong>Aspose.Cells for Reporting Services 1.7.0 Release Notes&lt;/strong>&lt;/a>&lt;/p>
&lt;p>&lt;a href="#">Expand all&lt;/a>   &lt;a href="#">Collapse all&lt;/a>&lt;/p></description></item><item><title>Reportingservices: Release Notes - 2010</title><link>https://docs2.aspose.com/cells/reportingservices/releasenotes/2010/</link><pubDate>Mon, 01 Jan 0001 00:00:00 +0000</pubDate><guid>https://docs2.aspose.com/cells/reportingservices/releasenotes/2010/</guid><description>
&lt;p>Aspose.Cells for Reporting Services : Release Notes - 2010&lt;/p>
&lt;h1 id="asposecells-for-reporting-services--release-notes---2010">Aspose.Cells for Reporting Services : Release Notes - 2010&lt;/h1></description></item><item><title>Reportingservices: Release Notes - 2009</title><link>https://docs2.aspose.com/cells/reportingservices/releasenotes/2009/</link><pubDate>Mon, 01 Jan 0001 00:00:00 +0000</pubDate><guid>https://docs2.aspose.com/cells/reportingservices/releasenotes/2009/</guid><description>
&lt;p>Aspose.Cells for Reporting Services : Release Notes - 2009&lt;/p>
&lt;h1 id="asposecells-for-reporting-services--release-notes---2009">Aspose.Cells for Reporting Services : Release Notes - 2009&lt;/h1>
&lt;h3 id="release-notes---2009">Release Notes - 2009&lt;/h3>
&lt;p>        &lt;a href="https://docs2.aspose.com/cells/reportingservices/releasenotes/2009/aspose.cells+for+reporting+services+1.4.3+release+notes">&lt;strong>Aspose.Cells for Reporting Services 1.4.3 Release Notes&lt;/strong>&lt;/a> &lt;br>
        &lt;a href="https://docs2.aspose.com/cells/reportingservices/releasenotes/2009/aspose.cells+for+reporting+services+v1.4.2+release+notes">&lt;strong>Aspose.Cells for Reporting Services v1.4.2 Release Notes&lt;/strong>&lt;/a> &lt;br>
        &lt;a href="https://docs2.aspose.com/cells/reportingservices/releasenotes/2009/aspose.cells+for+reporting+services+v1.4.1+release+notes">&lt;strong>Aspose.Cells for Reporting Services v1.4.1 Release Notes&lt;/strong>&lt;/a> &lt;br>
        &lt;a href="https://docs2.aspose.com/cells/reportingservices/releasenotes/2009/aspose.cells+for+reporting+services+v1.4.0+release+notes">&lt;strong>Aspose.Cells for Reporting Services v1.4.0 Release Notes&lt;/strong>&lt;/a>&lt;/p>
&lt;p>&lt;a href="#">Expand all&lt;/a>   &lt;a href="#">Collapse all&lt;/a>&lt;/p></description></item><item><title>Reportingservices: Release Notes - 2008</title><link>https://docs2.aspose.com/cells/reportingservices/releasenotes/2008/</link><pubDate>Mon, 01 Jan 0001 00:00:00 +0000</pubDate><guid>https://docs2.aspose.com/cells/reportingservices/releasenotes/2008/</guid><description>
&lt;p>Aspose.Cells for Reporting Services : Release Notes - 2008&lt;/p>
&lt;h1 id="asposecells-for-reporting-services--release-notes---2008">Aspose.Cells for Reporting Services : Release Notes - 2008&lt;/h1>
&lt;h3 id="release-notes---2008">Release Notes - 2008&lt;/h3>
&lt;p>        &lt;a href="https://docs2.aspose.com/cells/reportingservices/releasenotes/2008/aspose.cells+for+reporting+services+v1.2.0.0+release+notes">&lt;strong>Aspose.Cells for Reporting Services V1.2.0.0 Release Notes&lt;/strong>&lt;/a> &lt;br>
        &lt;a href="https://docs2.aspose.com/cells/reportingservices/releasenotes/2008/aspose.cells+for+reporting+services+v1.1.1+released!+release+notes">&lt;strong>Aspose.Cells for Reporting Services V1.1.1 Released! Release Notes&lt;/strong>&lt;/a> &lt;br>
        &lt;a href="https://docs2.aspose.com/cells/reportingservices/releasenotes/2008/aspose.cells+for+reporting+services+1.1.0.0+release+notes">&lt;strong>Aspose.Cells for Reporting Services 1.1.0.0 Release Notes&lt;/strong>&lt;/a>&lt;/p>
&lt;p>&lt;a href="#">Expand all&lt;/a>   &lt;a href="#">Collapse all&lt;/a>&lt;/p></description></item><item><title>Reportingservices: Release Notes - 2007</title><link>https://docs2.aspose.com/cells/reportingservices/releasenotes/2007/</link><pubDate>Mon, 01 Jan 0001 00:00:00 +0000</pubDate><guid>https://docs2.aspose.com/cells/reportingservices/releasenotes/2007/</guid><description>
&lt;p>Aspose.Cells for Reporting Services : Release Notes - 2007&lt;/p>
&lt;h1 id="asposecells-for-reporting-services--release-notes---2007">Aspose.Cells for Reporting Services : Release Notes - 2007&lt;/h1>
&lt;h3 id="release-notes---2007">Release Notes - 2007&lt;/h3>
&lt;p>        &lt;a href="https://docs2.aspose.com/cells/reportingservices/releasenotes/2007/aspose.cells+reporting+services+1.0.0.0+new+release+release+notes">&lt;strong>Aspose.Cells Reporting Services 1.0.0.0 New Release Release Notes&lt;/strong>&lt;/a> &lt;br>
        &lt;a href="https://docs2.aspose.com/cells/reportingservices/releasenotes/2007/aspose.cells+reporting+services+1.0.1.0+hot+fix+release+notes">&lt;strong>Aspose.Cells Reporting Services 1.0.1.0 Hot Fix Release Notes&lt;/strong>&lt;/a>&lt;/p>
&lt;p>&lt;a href="#">Expand all&lt;/a>   &lt;a href="#">Collapse all&lt;/a>&lt;/p></description></item></channel></rss>