<rss version="2.0" xmlns:atom="http://www.w3.org/2005/Atom"><channel><title>Documentation – Release Notes - 2009</title><link>https://docs2.aspose.com/cells/reportingservices/releasenotes/2009/</link><description>Recent content in Release Notes - 2009 on Documentation</description><generator>Hugo -- gohugo.io</generator><atom:link href="https://docs2.aspose.com/cells/reportingservices/releasenotes/2009/index.xml" rel="self" type="application/rss+xml"/><item><title>Reportingservices: Aspose.Cells for Reporting Services 1.4.3 Release Notes</title><link>https://docs2.aspose.com/cells/reportingservices/releasenotes/2009/aspose.cells+for+reporting+services+1.4.3+release+notes/</link><pubDate>Mon, 01 Jan 0001 00:00:00 +0000</pubDate><guid>https://docs2.aspose.com/cells/reportingservices/releasenotes/2009/aspose.cells+for+reporting+services+1.4.3+release+notes/</guid><description>
&lt;p>Aspose.Cells for Reporting Services : Aspose.Cells for Reporting Services 1.4.3 Release Notes&lt;/p>
&lt;h1 id="asposecells-for-reporting-services--asposecells-for-reporting-services-143-release-notes">Aspose.Cells for Reporting Services : Aspose.Cells for Reporting Services 1.4.3 Release Notes&lt;/h1>
&lt;p>This page contains release notes for [ Aspose.Cells for Reporting Services 1.4.3|http://www.aspose.com/downloads/cells/reportingservices/new-releases/-aspose.cells-for-reporting-services-1.4.3/]&lt;/p>
&lt;p>We are happy to announce Aspose.Cells for Reporting Services v1.4.3!&lt;/p>
&lt;p>What’s changed&lt;/p>
&lt;p>?&lt;/p>
&lt;p>· Aspose.Cells.ReportingServices Client supports Reporting Services 2008 report format.&lt;/p>
&lt;p>· Rendering Performance is improved.&lt;/p>
&lt;p>· Includes report items style in report that is created by the report designer.&lt;/p>
&lt;p>· Aspose.Cells.ReportingServices Client is enhanced regarding the Reporting Server’s connectivity.&lt;/p>
&lt;p>· 13 fixes and other enhancements.&lt;/p>
&lt;p>Issues Resolved in Aspose.Cells for Reporting Services 1.4.&lt;/p>
&lt;p>3.&lt;/p>
&lt;div class="table table-striped" role="alert">
&lt;table>
&lt;thead>
&lt;tr>
&lt;th align="left">Issue ID&lt;/th>
&lt;th align="left">Component&lt;/th>
&lt;th align="left">Summary&lt;/th>
&lt;/tr>
&lt;/thead>
&lt;tbody>
&lt;tr>
&lt;td align="left">11837&lt;/td>
&lt;td align="left">Render&lt;/td>
&lt;td align="left">Features supported by Aspose.Cells.ReportingServices&lt;/td>
&lt;/tr>
&lt;tr>
&lt;td align="left">11563&lt;/td>
&lt;td align="left">Render&lt;/td>
&lt;td align="left">SSRS subscription saving to file system as XLS problem&lt;/td>
&lt;/tr>
&lt;tr>
&lt;td align="left">11085&lt;/td>
&lt;td align="left">Render&lt;/td>
&lt;td align="left">Aspose.Cells 64Bit Problems&lt;/td>
&lt;/tr>
&lt;tr>
&lt;td align="left">11090&lt;/td>
&lt;td align="left">Render&lt;/td>
&lt;td align="left">Programmatic Rows&lt;/td>
&lt;/tr>
&lt;tr>
&lt;td align="left">10710&lt;/td>
&lt;td align="left">Render&lt;/td>
&lt;td align="left">Report export to .xls&lt;/td>
&lt;/tr>
&lt;tr>
&lt;td align="left">10678&lt;/td>
&lt;td align="left">Render&lt;/td>
&lt;td align="left">Problems with Aspose.Cells for reporting services&lt;/td>
&lt;/tr>
&lt;tr>
&lt;td align="left">10446&lt;/td>
&lt;td align="left">Render&lt;/td>
&lt;td align="left">Merge and Hidden Cells&lt;/td>
&lt;/tr>
&lt;tr>
&lt;td align="left">10264&lt;/td>
&lt;td align="left">Render&lt;/td>
&lt;td align="left">Urgent&amp;ndash;Background Color and Images&lt;/td>
&lt;/tr>
&lt;tr>
&lt;td align="left">10262&lt;/td>
&lt;td align="left">Render&lt;/td>
&lt;td align="left">Urgent-Attributes&lt;/td>
&lt;/tr>
&lt;tr>
&lt;td align="left">10242&lt;/td>
&lt;td align="left">Render&lt;/td>
&lt;td align="left">Macros in excel file downloaded from RDL not working&lt;/td>
&lt;/tr>
&lt;tr>
&lt;td align="left">10241&lt;/td>
&lt;td align="left">Render&lt;/td>
&lt;td align="left">Unable to add more than one dataset&lt;/td>
&lt;/tr>
&lt;tr>
&lt;td align="left">10118&lt;/td>
&lt;td align="left">Render&lt;/td>
&lt;td align="left">Excel Export Speed&lt;/td>
&lt;/tr>
&lt;tr>
&lt;td align="left">10063&lt;/td>
&lt;td align="left">Render&lt;/td>
&lt;td align="left">Problems preparing Report&lt;/td>
&lt;/tr>
&lt;/tbody>
&lt;/table>
&lt;/div></description></item><item><title>Reportingservices: Aspose.Cells for Reporting Services v1.4.2 Release Notes</title><link>https://docs2.aspose.com/cells/reportingservices/releasenotes/2009/aspose.cells+for+reporting+services+v1.4.2+release+notes/</link><pubDate>Mon, 01 Jan 0001 00:00:00 +0000</pubDate><guid>https://docs2.aspose.com/cells/reportingservices/releasenotes/2009/aspose.cells+for+reporting+services+v1.4.2+release+notes/</guid><description>
&lt;p>Aspose.Cells for Reporting Services : Aspose.Cells for Reporting Services v1.4.2 Release Notes&lt;/p>
&lt;h1 id="asposecells-for-reporting-services--asposecells-for-reporting-services-v142-release-notes">Aspose.Cells for Reporting Services : Aspose.Cells for Reporting Services v1.4.2 Release Notes&lt;/h1>
&lt;p>This page contains release notes for &lt;a href="http://www.aspose.com/downloads/cells/reportingservices/new-releases/aspose.cells-for-reporting-services-v1.4.2/">Aspose.Cells for Reporting Services v1.4.2&lt;/a>&lt;/p>
&lt;p>What’s changed?&lt;/p>
&lt;p>· Enhanced SSRS2008 renderer, supported Document Map, Page Break and Gauge.&lt;/p>
&lt;p>· Boosted license function.&lt;/p>
&lt;p>· Improved rendering performance.&lt;/p>
&lt;p>· Enhanced MS Excel 2007 Custom UI of Aspose.Cells.Report.Designer component.&lt;/p>
&lt;p>· Fixed Aspose.Cells.Report.Designer general temp file bug.&lt;/p>
&lt;p>· Fixed Aspose.Cells.Report.Designer built dataset bug in 64-bit OS.&lt;/p></description></item><item><title>Reportingservices: Aspose.Cells for Reporting Services v1.4.1 Release Notes</title><link>https://docs2.aspose.com/cells/reportingservices/releasenotes/2009/aspose.cells+for+reporting+services+v1.4.1+release+notes/</link><pubDate>Mon, 01 Jan 0001 00:00:00 +0000</pubDate><guid>https://docs2.aspose.com/cells/reportingservices/releasenotes/2009/aspose.cells+for+reporting+services+v1.4.1+release+notes/</guid><description>
&lt;p>Aspose.Cells for Reporting Services : Aspose.Cells for Reporting Services v1.4.1 Release Notes&lt;/p>
&lt;h1 id="asposecells-for-reporting-services--asposecells-for-reporting-services-v141-release-notes">Aspose.Cells for Reporting Services : Aspose.Cells for Reporting Services v1.4.1 Release Notes&lt;/h1>
&lt;p>This page contains release notes for &lt;a href="http://www.aspose.com/downloads/cells/reportingservices/new-releases/aspose.cells-for-reporting-services-v1.4.1/">Aspose.Cells for Reporting Services v1.4.1&lt;/a>&lt;/p>
&lt;p>We are happy to announce Aspose.Cells for Reporting Services 1.4.1!&lt;/p>
&lt;p>What’s changed&lt;/p>
&lt;p>l Added support for new rendering extension (Xlsm).&lt;/p>
&lt;p>l Excel templates with macros are supported.&lt;/p>
&lt;p>l Enhanced support for SSRS2008.&lt;/p>
&lt;p>l Improved rendering performance.&lt;/p>
&lt;p>Issues Resolved in Aspose.Cells for Reporting Services 1.4.1&lt;/p>
&lt;div class="table table-striped" role="alert">
&lt;table>
&lt;thead>
&lt;tr>
&lt;th align="left">Issue ID&lt;/th>
&lt;th align="left">Component&lt;/th>
&lt;th align="left">Summary&lt;/th>
&lt;/tr>
&lt;/thead>
&lt;tbody>
&lt;tr>
&lt;td align="left">8431&lt;/td>
&lt;td align="left">Render&lt;/td>
&lt;td align="left">Format Lost bug&lt;/td>
&lt;/tr>
&lt;tr>
&lt;td align="left">8211&lt;/td>
&lt;td align="left">Render&lt;/td>
&lt;td align="left">SSRS2008 enhancements&lt;/td>
&lt;/tr>
&lt;/tbody>
&lt;/table>
&lt;/div></description></item><item><title>Reportingservices: Aspose.Cells for Reporting Services v1.4.0 Release Notes</title><link>https://docs2.aspose.com/cells/reportingservices/releasenotes/2009/aspose.cells+for+reporting+services+v1.4.0+release+notes/</link><pubDate>Mon, 01 Jan 0001 00:00:00 +0000</pubDate><guid>https://docs2.aspose.com/cells/reportingservices/releasenotes/2009/aspose.cells+for+reporting+services+v1.4.0+release+notes/</guid><description>
&lt;p>Aspose.Cells for Reporting Services : Aspose.Cells for Reporting Services v1.4.0 Release Notes&lt;/p>
&lt;h1 id="asposecells-for-reporting-services--asposecells-for-reporting-services-v140-release-notes">Aspose.Cells for Reporting Services : Aspose.Cells for Reporting Services v1.4.0 Release Notes&lt;/h1>
&lt;p>This page contains release notes for &lt;a href="http://www.aspose.com/downloads/cells/reportingservices/new-releases/aspose.cells-for-reporting-services-v1.4.0/">Aspose.Cells for Reporting Services v1.4.0&lt;/a>&lt;/p>
&lt;p>We are happy to announce Aspose.Cells for Reporting Services 1.4.0!&lt;/p>
&lt;p>What’s changed?&lt;/p>
&lt;p>l Supports Microsoft SQL Server 2008 Reporting Services.&lt;/p>
&lt;p>l Supports Microsoft SQL Server 2000 Reporting Services.&lt;/p>
&lt;p>l Integrates with Microsoft Report Viewer 2008 in Local Mode.&lt;/p>
&lt;p>l 9 fixes and enhancements.&lt;/p>
&lt;p>Fixes and enhancements in Aspose.Cells for Reporting Services 1.4.0&lt;/p>
&lt;div class="table table-striped" role="alert">
&lt;table>
&lt;thead>
&lt;tr>
&lt;th align="left">Issue ID&lt;/th>
&lt;th align="left">Component&lt;/th>
&lt;th align="left">Summary&lt;/th>
&lt;/tr>
&lt;/thead>
&lt;tbody>
&lt;tr>
&lt;td align="left">4889&lt;/td>
&lt;td align="left">Render&lt;/td>
&lt;td align="left">Supports MicrosoftSQL Server 2000 Reporting Services&lt;/td>
&lt;/tr>
&lt;tr>
&lt;td align="left">6312&lt;/td>
&lt;td align="left">Render&lt;/td>
&lt;td align="left">Supports MicrosoftSQL Server 2008 Reporting Services&lt;/td>
&lt;/tr>
&lt;tr>
&lt;td align="left">6466&lt;/td>
&lt;td align="left">Render&lt;/td>
&lt;td align="left">Unable to connect to report server bug&lt;/td>
&lt;/tr>
&lt;tr>
&lt;td align="left">6570&lt;/td>
&lt;td align="left">Render&lt;/td>
&lt;td align="left">Exporting Hyperlinks&lt;/td>
&lt;/tr>
&lt;tr>
&lt;td align="left">7467&lt;/td>
&lt;td align="left">Render&lt;/td>
&lt;td align="left">Date Format Issues&lt;/td>
&lt;/tr>
&lt;tr>
&lt;td align="left">7487&lt;/td>
&lt;td align="left">Render&lt;/td>
&lt;td align="left">Report size issue when exporting to Excel&lt;/td>
&lt;/tr>
&lt;tr>
&lt;td align="left">7713&lt;/td>
&lt;td align="left">Render&lt;/td>
&lt;td align="left">Add encryption&lt;/td>
&lt;/tr>
&lt;tr>
&lt;td align="left">7719&lt;/td>
&lt;td align="left">Client&lt;/td>
&lt;td align="left">Enhanced error information&lt;/td>
&lt;/tr>
&lt;tr>
&lt;td align="left">7720&lt;/td>
&lt;td align="left">Client&lt;/td>
&lt;td align="left">Optimize client tool operations&lt;/td>
&lt;/tr>
&lt;/tbody>
&lt;/table>
&lt;/div></description></item></channel></rss>