<rss version="2.0" xmlns:atom="http://www.w3.org/2005/Atom"><channel><title>Documentation – Release Notes - 2018</title><link>https://docs2.aspose.com/cells/cpp/releasenotes/2018/</link><description>Recent content in Release Notes - 2018 on Documentation</description><generator>Hugo -- gohugo.io</generator><atom:link href="https://docs2.aspose.com/cells/cpp/releasenotes/2018/index.xml" rel="self" type="application/rss+xml"/><item><title>Cpp: Aspose.Cells for CPP 18.8 Release Notes</title><link>https://docs2.aspose.com/cells/cpp/releasenotes/2018/aspose.cells+for+cpp+18.8+release+notes/</link><pubDate>Mon, 01 Jan 0001 00:00:00 +0000</pubDate><guid>https://docs2.aspose.com/cells/cpp/releasenotes/2018/aspose.cells+for+cpp+18.8+release+notes/</guid><description>
&lt;p>Aspose.Cells for C++ : Aspose.Cells for CPP 18.8 Release Notes&lt;/p>
&lt;h1 id="asposecells-for-c--asposecells-for-cpp-188-release-notes">Aspose.Cells for C++ : Aspose.Cells for CPP 18.8 Release Notes&lt;/h1>
&lt;p>This page contains release notes for Aspose.Cells for CPP 18.8.&lt;/p>
&lt;div class="table table-striped" role="alert">
&lt;table>
&lt;thead>
&lt;tr>
&lt;th align="left">Key&lt;/th>
&lt;th align="left">Summary&lt;/th>
&lt;th align="left">Category&lt;/th>
&lt;/tr>
&lt;/thead>
&lt;tbody>
&lt;tr>
&lt;td align="left">CELLSCPP-177 &lt;/td>
&lt;td align="left">Save chart to image &lt;/td>
&lt;td align="left">New Feature&lt;/td>
&lt;/tr>
&lt;tr>
&lt;td align="left">CELLSCPP-123 &lt;/td>
&lt;td align="left">Issue with glyph hashtable &lt;/td>
&lt;td align="left">Bug&lt;/td>
&lt;/tr>
&lt;tr>
&lt;td align="left">CELLSCPP-128 &lt;/td>
&lt;td align="left">Issue with regex split &lt;/td>
&lt;td align="left">Bug&lt;/td>
&lt;/tr>
&lt;tr>
&lt;td align="left">CELLSCPP-129 &lt;/td>
&lt;td align="left">Shape text missing right parenthesis&lt;/td>
&lt;td align="left">Bug&lt;/td>
&lt;/tr>
&lt;tr>
&lt;td align="left">CELLSCPP-130 &lt;/td>
&lt;td align="left">Issue with time format for chart axis scale&lt;/td>
&lt;td align="left">Bug&lt;/td>
&lt;/tr>
&lt;tr>
&lt;td align="left">CELLSCPP-131 &lt;/td>
&lt;td align="left">Pie 3D chart missing sides&lt;/td>
&lt;td align="left">Bug&lt;/td>
&lt;/tr>
&lt;tr>
&lt;td align="left">CELLSCPP-136 &lt;/td>
&lt;td align="left">Issue with NumberFormatC::FormatCustom  &lt;/td>
&lt;td align="left">Bug&lt;/td>
&lt;/tr>
&lt;tr>
&lt;td align="left">CELLSCPP-138 &lt;/td>
&lt;td align="left">Issue with button fill color &lt;/td>
&lt;td align="left">Bug&lt;/td>
&lt;/tr>
&lt;tr>
&lt;td align="left">CELLSCPP-140 &lt;/td>
&lt;td align="left">Pie missing leader line &lt;/td>
&lt;td align="left">Bug&lt;/td>
&lt;/tr>
&lt;tr>
&lt;td align="left">CELLSCPP-141 &lt;/td>
&lt;td align="left">Issue with datatime format &lt;/td>
&lt;td align="left">Bug&lt;/td>
&lt;/tr>
&lt;tr>
&lt;td align="left">CELLSCPP-142 &lt;/td>
&lt;td align="left">Issue with missing datalabel in chart&lt;/td>
&lt;td align="left">Bug&lt;/td>
&lt;/tr>
&lt;tr>
&lt;td align="left">CELLSCPP-143 &lt;/td>
&lt;td align="left">Issue with convert::ToInt64  &lt;/td>
&lt;td align="left">Bug&lt;/td>
&lt;/tr>
&lt;tr>
&lt;td align="left">CELLSCPP-144 &lt;/td>
&lt;td align="left">Issue with incorrect data point position&lt;/td>
&lt;td align="left">Bug&lt;/td>
&lt;/tr>
&lt;tr>
&lt;td align="left">CELLSCPP-148 &lt;/td>
&lt;td align="left">Issue with gradient line color &lt;/td>
&lt;td align="left">Bug&lt;/td>
&lt;/tr>
&lt;tr>
&lt;td align="left">CELLSCPP-149 &lt;/td>
&lt;td align="left">Manual recoding SimpleDateFormatter&lt;/td>
&lt;td align="left">Bug&lt;/td>
&lt;/tr>
&lt;tr>
&lt;td align="left">CELLSCPP-150 &lt;/td>
&lt;td align="left">Issue with GradientFillChart  &lt;/td>
&lt;td align="left">Bug&lt;/td>
&lt;/tr>
&lt;tr>
&lt;td align="left">CELLSCPP-151 &lt;/td>
&lt;td align="left">Category axis scale missing&lt;/td>
&lt;td align="left">Bug&lt;/td>
&lt;/tr>
&lt;tr>
&lt;td align="left">CELLSCPP-152 &lt;/td>
&lt;td align="left">Issue with missing pie slice  &lt;/td>
&lt;td align="left">Bug&lt;/td>
&lt;/tr>
&lt;tr>
&lt;td align="left">CELLSCPP-153 &lt;/td>
&lt;td align="left">Issue with gradient fill color  &lt;/td>
&lt;td align="left">Bug&lt;/td>
&lt;/tr>
&lt;tr>
&lt;td align="left">CELLSCPP-155 &lt;/td>
&lt;td align="left">One dot added in Russian date&lt;/td>
&lt;td align="left">Bug&lt;/td>
&lt;/tr>
&lt;tr>
&lt;td align="left">CELLSCPP-156 &lt;/td>
&lt;td align="left">Data label missing in chart&lt;/td>
&lt;td align="left">Bug&lt;/td>
&lt;/tr>
&lt;tr>
&lt;td align="left">CELLSCPP-157 &lt;/td>
&lt;td align="left">DateTime formatting issue&lt;/td>
&lt;td align="left">Bug&lt;/td>
&lt;/tr>
&lt;tr>
&lt;td align="left">CELLSCPP-158 &lt;/td>
&lt;td align="left">Issue with array reverse &lt;/td>
&lt;td align="left">Bug&lt;/td>
&lt;/tr>
&lt;tr>
&lt;td align="left">CELLSCPP-159 &lt;/td>
&lt;td align="left">Issue with static variable translation &lt;/td>
&lt;td align="left">Bug&lt;/td>
&lt;/tr>
&lt;tr>
&lt;td align="left">CELLSCPP-160 &lt;/td>
&lt;td align="left">Text error in shape&lt;/td>
&lt;td align="left">Bug&lt;/td>
&lt;/tr>
&lt;tr>
&lt;td align="left">CELLSCPP-161 &lt;/td>
&lt;td align="left">Texture filling with incorrect image size&lt;/td>
&lt;td align="left">Bug&lt;/td>
&lt;/tr>
&lt;tr>
&lt;td align="left">CELLSCPP-163 &lt;/td>
&lt;td align="left">Issue with time scale  &lt;/td>
&lt;td align="left">Bug&lt;/td>
&lt;/tr>
&lt;tr>
&lt;td align="left">CELLSCPP-164 &lt;/td>
&lt;td align="left">Remove dot from the end in Russian date format&lt;/td>
&lt;td align="left">Bug&lt;/td>
&lt;/tr>
&lt;tr>
&lt;td align="left">CELLSCPP-165 &lt;/td>
&lt;td align="left">Russian datetime format issue&lt;/td>
&lt;td align="left">Bug&lt;/td>
&lt;/tr>
&lt;tr>
&lt;td align="left">CELLSCPP-166 &lt;/td>
&lt;td align="left">Issue with Korean datetime   &lt;/td>
&lt;td align="left">Bug&lt;/td>
&lt;/tr>
&lt;tr>
&lt;td align="left">CELLSCPP-170 &lt;/td>
&lt;td align="left">Issue with incorrect datatime format&lt;/td>
&lt;td align="left">Bug&lt;/td>
&lt;/tr>
&lt;tr>
&lt;td align="left">CELLSCPP-171 &lt;/td>
&lt;td align="left">Memory leakage issue&lt;/td>
&lt;td align="left">Bug&lt;/td>
&lt;/tr>
&lt;tr>
&lt;td align="left">CELLSCPP-173 &lt;/td>
&lt;td align="left">Null pointer crashed while saving to image&lt;/td>
&lt;td align="left">Bug&lt;/td>
&lt;/tr>
&lt;/tbody>
&lt;/table>
&lt;/div>
&lt;h3 id="public-api-and-backwards-incompatible-changes">Public API and Backwards Incompatible Changes&lt;/h3>
&lt;p>The following is a list of any changes made to the public API such as added, renamed, removed or deprecated members as well as any non-backward compatible change made to Aspose.Cells for C++. If you have concerns about any change listed, please raise it on the Aspose.Cells support forum.&lt;/p>
&lt;p>No API changes in this version&lt;/p></description></item><item><title>Cpp: Aspose.Cells for CPP 18.5 Release Notes</title><link>https://docs2.aspose.com/cells/cpp/releasenotes/2018/aspose.cells+for+cpp+18.5+release+notes/</link><pubDate>Mon, 01 Jan 0001 00:00:00 +0000</pubDate><guid>https://docs2.aspose.com/cells/cpp/releasenotes/2018/aspose.cells+for+cpp+18.5+release+notes/</guid><description>
&lt;p>Aspose.Cells for C++ : Aspose.Cells for CPP 18.5 Release Notes&lt;/p>
&lt;h1 id="asposecells-for-c--asposecells-for-cpp-185-release-notes">Aspose.Cells for C++ : Aspose.Cells for CPP 18.5 Release Notes&lt;/h1>
&lt;p>This page contains release notes for Aspose.Cells for CPP 18.5.&lt;/p>
&lt;div class="table table-striped" role="alert">
&lt;table>
&lt;thead>
&lt;tr>
&lt;th align="left">Key&lt;/th>
&lt;th align="left">Summary&lt;/th>
&lt;th align="left">Category&lt;/th>
&lt;/tr>
&lt;/thead>
&lt;tbody>
&lt;tr>
&lt;td align="left">CELLSCPP-117 &lt;/td>
&lt;td align="left">Save to EMF (format) issue&lt;/td>
&lt;td align="left">Bug&lt;/td>
&lt;/tr>
&lt;tr>
&lt;td align="left">CELLSCPP-123 &lt;/td>
&lt;td align="left">Glyph Hashtable issue&lt;/td>
&lt;td align="left">Bug&lt;/td>
&lt;/tr>
&lt;tr>
&lt;td align="left">CELLSCPP-124 &lt;/td>
&lt;td align="left">Axis gridlines color issue when converting Chart to PDF &lt;/td>
&lt;td align="left">Bug&lt;/td>
&lt;/tr>
&lt;/tbody>
&lt;/table>
&lt;/div>
&lt;h3 id="public-api-and-backwards-incompatible-changes">Public API and Backwards Incompatible Changes&lt;/h3>
&lt;p>The following is a list of any changes made to the public API such as added, renamed, removed or deprecated members as well as any non-backward compatible change made to Aspose.Cells for C++. If you have concerns about any change listed, please raise it on the Aspose.Cells support forum.&lt;/p>
&lt;p>No API changes in this version&lt;/p></description></item><item><title>Cpp: Aspose.Cells for CPP 18.4 Release Notes</title><link>https://docs2.aspose.com/cells/cpp/releasenotes/2018/aspose.cells+for+cpp+18.4+release+notes/</link><pubDate>Mon, 01 Jan 0001 00:00:00 +0000</pubDate><guid>https://docs2.aspose.com/cells/cpp/releasenotes/2018/aspose.cells+for+cpp+18.4+release+notes/</guid><description>
&lt;p>Aspose.Cells for C++ : Aspose.Cells for CPP 18.4 Release Notes&lt;/p>
&lt;h1 id="asposecells-for-c--asposecells-for-cpp-184-release-notes">Aspose.Cells for C++ : Aspose.Cells for CPP 18.4 Release Notes&lt;/h1>
&lt;p>This page contains release notes for Aspose.Cells for CPP 18.4.&lt;/p>
&lt;div class="table table-striped" role="alert">
&lt;table>
&lt;thead>
&lt;tr>
&lt;th align="left">Key&lt;/th>
&lt;th align="left">Summary&lt;/th>
&lt;th align="left">Category&lt;/th>
&lt;/tr>
&lt;/thead>
&lt;tbody>
&lt;tr>
&lt;td align="left">CELLSCPP-53&lt;/td>
&lt;td align="left">Support Drawing features/modules   &lt;/td>
&lt;td align="left">New Feature &lt;/td>
&lt;/tr>
&lt;tr>
&lt;td align="left">CELLSCPP-57&lt;/td>
&lt;td align="left">Implement System.Drawing library&lt;/td>
&lt;td align="left">New Feature &lt;/td>
&lt;/tr>
&lt;tr>
&lt;td align="left">CELLSCPP-68&lt;/td>
&lt;td align="left">Debug System.Drawing module  &lt;/td>
&lt;td align="left">New Feature &lt;/td>
&lt;/tr>
&lt;tr>
&lt;td align="left">CELLSCPP-69&lt;/td>
&lt;td align="left">Solve problems in C++ test cases  &lt;/td>
&lt;td align="left">New Feature &lt;/td>
&lt;/tr>
&lt;tr>
&lt;td align="left">CELLSCPP-70&lt;/td>
&lt;td align="left">Solve memory leakage in classes of System.Drawing module  &lt;/td>
&lt;td align="left">New Feature &lt;/td>
&lt;/tr>
&lt;tr>
&lt;td align="left">CELLSCPP-73&lt;/td>
&lt;td align="left">Write a method in publishing .h files  &lt;/td>
&lt;td align="left">New Feature &lt;/td>
&lt;/tr>
&lt;tr>
&lt;td align="left">CELLSCPP-75&lt;/td>
&lt;td align="left">Implement C++ function: Draw Image from Stream  &lt;/td>
&lt;td align="left">New Feature &lt;/td>
&lt;/tr>
&lt;tr>
&lt;td align="left">CELLSCPP-76&lt;/td>
&lt;td align="left">Implement C++ classes: ComIStreamWrapper, Metafile   &lt;/td>
&lt;td align="left">New Feature &lt;/td>
&lt;/tr>
&lt;tr>
&lt;td align="left">CELLSCPP-77&lt;/td>
&lt;td align="left">Debug C++ test case: Copies   &lt;/td>
&lt;td align="left">New Feature &lt;/td>
&lt;/tr>
&lt;tr>
&lt;td align="left">CELLSCPP-78&lt;/td>
&lt;td align="left">Solve problems in C++ test cases: DigitalSignature, EnumTypes, Finds, Formulas, Hyperlinks modules  &lt;/td>
&lt;td align="left">New Feature &lt;/td>
&lt;/tr>
&lt;tr>
&lt;td align="left">CELLSCPP-79&lt;/td>
&lt;td align="left">Solve the link problem of C++ release version&lt;/td>
&lt;td align="left">New Feature &lt;/td>
&lt;/tr>
&lt;tr>
&lt;td align="left">CELLSCPP-81&lt;/td>
&lt;td align="left">Fix FillPath issue in graphic module &lt;/td>
&lt;td align="left">New Feature &lt;/td>
&lt;/tr>
&lt;tr>
&lt;td align="left">CELLSCPP-82&lt;/td>
&lt;td align="left">Fix System.Drawing module issue by test case&lt;/td>
&lt;td align="left">New Feature &lt;/td>
&lt;/tr>
&lt;tr>
&lt;td align="left">CELLSCPP-83&lt;/td>
&lt;td align="left">Fix gppoint FillPath issue in graphic module &lt;/td>
&lt;td align="left">New Feature &lt;/td>
&lt;/tr>
&lt;tr>
&lt;td align="left">CELLSCPP-89&lt;/td>
&lt;td align="left">Translate and debug test case in Charts/EnumTypes directory&lt;/td>
&lt;td align="left">New Feature &lt;/td>
&lt;/tr>
&lt;tr>
&lt;td align="left">CELLSCPP-91&lt;/td>
&lt;td align="left">Translate test case in Finds &lt;/td>
&lt;td align="left">New Feature &lt;/td>
&lt;/tr>
&lt;tr>
&lt;td align="left">CELLSCPP-96&lt;/td>
&lt;td align="left">Translate and debug test case in Formulas/Hyperlinks/ImpHtml/ImportExports/Inserts directory  &lt;/td>
&lt;td align="left">New Feature &lt;/td>
&lt;/tr>
&lt;tr>
&lt;td align="left">CELLSCPP-97&lt;/td>
&lt;td align="left">Debug and fix issues regarding XLSX/XLS to PDF rendering&lt;/td>
&lt;td align="left">New Feature &lt;/td>
&lt;/tr>
&lt;tr>
&lt;td align="left">CELLSCPP-98&lt;/td>
&lt;td align="left">Translate and debug test case in LightCells directory  &lt;/td>
&lt;td align="left">New Feature &lt;/td>
&lt;/tr>
&lt;tr>
&lt;td align="left">CELLSCPP-100&lt;/td>
&lt;td align="left">Translate and debug test case in Merges/OpenSaves/PageSetups/PDF directory&lt;/td>
&lt;td align="left">New Feature &lt;/td>
&lt;/tr>
&lt;tr>
&lt;td align="left">CELLSCPP-101&lt;/td>
&lt;td align="left">Translate and debug test case in PivotTables directory&lt;/td>
&lt;td align="left">New Feature &lt;/td>
&lt;/tr>
&lt;tr>
&lt;td align="left">CELLSCPP-102&lt;/td>
&lt;td align="left">Charts are not parsed (retained) when open/save an XLSX file format &lt;/td>
&lt;td align="left">New Feature &lt;/td>
&lt;/tr>
&lt;tr>
&lt;td align="left">CELLSCPP-103&lt;/td>
&lt;td align="left">Translate and debug test case in Shapes directory&lt;/td>
&lt;td align="left">New Feature &lt;/td>
&lt;/tr>
&lt;tr>
&lt;td align="left">CELLSCPP-105&lt;/td>
&lt;td align="left">Translate and debug test case in XlsxTest directory&lt;/td>
&lt;td align="left">New Feature &lt;/td>
&lt;/tr>
&lt;tr>
&lt;td align="left">CELLSCPP-108&lt;/td>
&lt;td align="left">Open files and check charts related issues&lt;/td>
&lt;td align="left">New Feature &lt;/td>
&lt;/tr>
&lt;tr>
&lt;td align="left">CELLSCPP-106&lt;/td>
&lt;td align="left">Memory leakage issue &lt;/td>
&lt;td align="left">Bug &lt;/td>
&lt;/tr>
&lt;/tbody>
&lt;/table>
&lt;/div>
&lt;h3 id="public-api-and-backwards-incompatible-changes">Public API and Backwards Incompatible Changes&lt;/h3>
&lt;p>The following is a list of any changes made to the public API such as added, renamed, removed or deprecated members as well as any non-backward compatible change made to Aspose.Cells for C++. If you have concerns about any change listed, please raise it on the Aspose.Cells support forum.&lt;/p>
&lt;h4 id="renames-all-methods-like-setis-to-set-methods">Renames all methods like &amp;lsquo;SetIs*&amp;rsquo; to &amp;lsquo;Set*&amp;rsquo; methods&lt;/h4>
&lt;p>Renames methods, such as, SetIsOutlineShown to SetIsOutlineShown, SetIsSelected to SetSelected in IWorksheet and so on. For more detail, see API Reference guide.&lt;/p>
&lt;h4 id="changes-color-to-systemdrawingcolor">Changes Color to System::Drawing::Color&lt;/h4>
&lt;p>For example, it changes Color::GetBlue() to System::Drawing::Color::GetBlue(). Since Color is ambiguous symbol here, it might be Aspose::Cells::System::Drawing::Color or Gdiplus::Color. To use Color in Aspose Cells, you have to add namespace System::Drawing.&lt;/p>
&lt;h4 id="renames-icellsaddrange-to-addirange">Renames ICells::AddRange to AddIRange&lt;/h4>
&lt;p>Adds a range object reference to cells.&lt;/p>
&lt;h4 id="renames-icellsapplycolumnstyle-to-applycolumnistyle">Renames ICells::ApplyColumnStyle to ApplyColumnIStyle&lt;/h4>
&lt;p>Applies formatting for a whole column.&lt;/p>
&lt;h4 id="renames-icellsapplyrowstyle-to-applyrowistyle">Renames ICells::ApplyRowStyle to ApplyRowIStyle&lt;/h4>
&lt;p>Applies formatting for a whole row.&lt;/p>
&lt;h4 id="renames-icellsapplystyle-to-applyistyle">Renames ICells::ApplyStyle to ApplyIStyle&lt;/h4>
&lt;p>Applies formatting for a whole worksheet.&lt;/p>
&lt;h4 id="renames-icellscopycolumn-to-copyicolumn">Renames ICells::CopyColumn to CopyIColumn&lt;/h4>
&lt;p>Copies data and formatting of a whole column.&lt;/p>
&lt;h4 id="renames-icellscopycolumns-to-copyicolumns">Renames ICells::CopyColumns to CopyIColumns&lt;/h4>
&lt;p>Copies data and formatting of specified columns.&lt;/p>
&lt;h4 id="renames-icellscopycolumns-to-copyicolumns-1">Renames ICells::CopyColumns to CopyIColumns&lt;/h4>
&lt;p>Copies data and formatting of specified columns.&lt;/p>
&lt;h4 id="renames-icellscopyrow-to-copyirow">Renames ICells::CopyRow to CopyIRow&lt;/h4>
&lt;p>Copies data and formatting of a whole row.&lt;/p>
&lt;h4 id="renames-icellscopyrows-to-copyirows">Renames ICells::CopyRows to CopyIRows&lt;/h4>
&lt;p>Copies data and formatting of specified rows.&lt;/p>
&lt;h4 id="renames-icellsmoverange-to-moveirange">Renames ICells::MoveRange to MoveIRange&lt;/h4>
&lt;p>Moves the range to destination postion.&lt;/p>
&lt;h4 id="renames-icellsinsertrange-to-insertirange">Renames ICells::InsertRange to InsertIRange&lt;/h4>
&lt;p>Inserts a range of cells and shifts cells according to the shift option.&lt;/p>
&lt;h4 id="renames-icolumnapplystyle-to-applyistyle">Renames IColumn::ApplyStyle to ApplyIStyle&lt;/h4>
&lt;p>Applies formatting for a whole column.&lt;/p>
&lt;h4 id="renames-ierrorcheckoptionaddrange-to-addirange">Renames IErrorCheckOption::AddRange to AddIRange&lt;/h4>
&lt;p>Adds an influenced range by this setting.&lt;/p>
&lt;h4 id="renames-irangeapplystyle-to-applyistyle">Renames IRange::ApplyStyle to ApplyIStyle&lt;/h4>
&lt;p>Applies formatting for a whole range.&lt;/p>
&lt;h4 id="renames-irowapplystyle-to-applyistyle">Renames IRow::ApplyStyle to ApplyIStyle&lt;/h4>
&lt;p>Applies formatting for a whole row.&lt;/p>
&lt;h4 id="renames-ipivotfieldgetnumberformat-to-get_numberformat">Renames IPivotField::GetNumberFormat to Get_NumberFormat&lt;/h4>
&lt;p>Represents the custom display format of numbers and dates. Since the method name GetNumberFormat conflicts with Windows system function, so we have to rename it. &lt;/p>
&lt;h4 id="renames-istyleflaggetnumberformat-to-get_numberformat">Renames IStyleFlag::GetNumberFormat to Get_NumberFormat&lt;/h4>
&lt;p>Since the method name GetNumberFormat conflicts with Windows system function, so we have to rename it which represents to get the Number format setting.&lt;/p>
&lt;h4 id="renames-iworkbookcopytheme-to-copyitheme">Renames IWorkbook::CopyTheme to CopyITheme&lt;/h4>
&lt;p>Copies the theme from another workbook.&lt;/p>
&lt;h4 id="renames-iworksheetsetbackground-to-setbackgroundimage">Renames IWorksheet::SetBackground to SetBackgroundImage&lt;/h4>
&lt;p>Sets worksheet&amp;rsquo;s background image.&lt;/p></description></item></channel></rss>