<rss version="2.0" xmlns:atom="http://www.w3.org/2005/Atom"><channel><title>Documentation – Release Notes</title><link>https://docs2.aspose.com/cells/jasperreports/releasenotes/</link><description>Recent content in Release Notes on Documentation</description><generator>Hugo -- gohugo.io</generator><atom:link href="https://docs2.aspose.com/cells/jasperreports/releasenotes/index.xml" rel="self" type="application/rss+xml"/><item><title>Jasperreports: Release Notes - 2018</title><link>https://docs2.aspose.com/cells/jasperreports/releasenotes/2018/</link><pubDate>Mon, 01 Jan 0001 00:00:00 +0000</pubDate><guid>https://docs2.aspose.com/cells/jasperreports/releasenotes/2018/</guid><description>
&lt;p>Aspose.Cells for JasperReports : Release Notes - 2018&lt;/p>
&lt;h1 id="asposecells-for-jasperreports--release-notes---2018">Aspose.Cells for JasperReports : Release Notes - 2018&lt;/h1></description></item><item><title>Jasperreports: Release Notes - 2016</title><link>https://docs2.aspose.com/cells/jasperreports/releasenotes/2016/</link><pubDate>Mon, 01 Jan 0001 00:00:00 +0000</pubDate><guid>https://docs2.aspose.com/cells/jasperreports/releasenotes/2016/</guid><description>
&lt;p>Aspose.Cells for JasperReports : Release Notes - 2016&lt;/p>
&lt;h1 id="asposecells-for-jasperreports--release-notes---2016">Aspose.Cells for JasperReports : Release Notes - 2016&lt;/h1></description></item><item><title>Jasperreports: Release Notes - 2013</title><link>https://docs2.aspose.com/cells/jasperreports/releasenotes/2013/</link><pubDate>Mon, 01 Jan 0001 00:00:00 +0000</pubDate><guid>https://docs2.aspose.com/cells/jasperreports/releasenotes/2013/</guid><description>
&lt;p>Aspose.Cells for JasperReports : Release Notes - 2013&lt;/p>
&lt;h1 id="asposecells-for-jasperreports--release-notes---2013">Aspose.Cells for JasperReports : Release Notes - 2013&lt;/h1>
&lt;h3 id="release-notes---2013">Release Notes - 2013&lt;/h3>
&lt;p>        &lt;a href="https://docs2.aspose.com/cells/jasperreports/releasenotes/2013/aspose.cells+for+jasperreports+1.1.3+release+notes">&lt;strong>Aspose.Cells for JasperReports 1.1.3 Release Notes&lt;/strong>&lt;/a>&lt;/p>
&lt;p>&lt;a href="#">Expand all&lt;/a>   &lt;a href="#">Collapse all&lt;/a>&lt;/p></description></item><item><title>Jasperreports: Release Notes - 2012</title><link>https://docs2.aspose.com/cells/jasperreports/releasenotes/2012/</link><pubDate>Mon, 01 Jan 0001 00:00:00 +0000</pubDate><guid>https://docs2.aspose.com/cells/jasperreports/releasenotes/2012/</guid><description>
&lt;p>Aspose.Cells for JasperReports : Release Notes - 2012&lt;/p>
&lt;h1 id="asposecells-for-jasperreports--release-notes---2012">Aspose.Cells for JasperReports : Release Notes - 2012&lt;/h1></description></item><item><title>Jasperreports: Release Notes - 2010</title><link>https://docs2.aspose.com/cells/jasperreports/releasenotes/2010/</link><pubDate>Mon, 01 Jan 0001 00:00:00 +0000</pubDate><guid>https://docs2.aspose.com/cells/jasperreports/releasenotes/2010/</guid><description>
&lt;p>Aspose.Cells for JasperReports : Release Notes - 2010&lt;/p>
&lt;h1 id="asposecells-for-jasperreports--release-notes---2010">Aspose.Cells for JasperReports : Release Notes - 2010&lt;/h1>
&lt;h3 id="release-notes---2010">Release Notes - 2010&lt;/h3>
&lt;p>        &lt;a href="https://docs2.aspose.com/cells/jasperreports/releasenotes/2010/aspose.cells+for+jasperreports+1.0.1+release+notes">&lt;strong>Aspose.Cells for JasperReports 1.0.1 Release Notes&lt;/strong>&lt;/a> &lt;br>
        &lt;a href="https://docs2.aspose.com/cells/jasperreports/releasenotes/2010/aspose.cells+for+jasperreports+1.1.0+release+notes">&lt;strong>Aspose.Cells for JasperReports 1.1.0 Release Notes&lt;/strong>&lt;/a>&lt;/p>
&lt;p>&lt;a href="#">Expand all&lt;/a>   &lt;a href="#">Collapse all&lt;/a>&lt;/p></description></item><item><title>Jasperreports: Release Notes - 2009</title><link>https://docs2.aspose.com/cells/jasperreports/releasenotes/2009/</link><pubDate>Mon, 01 Jan 0001 00:00:00 +0000</pubDate><guid>https://docs2.aspose.com/cells/jasperreports/releasenotes/2009/</guid><description>
&lt;p>Aspose.Cells for JasperReports : Release Notes - 2009&lt;/p>
&lt;h1 id="asposecells-for-jasperreports--release-notes---2009">Aspose.Cells for JasperReports : Release Notes - 2009&lt;/h1>
&lt;h3 id="release-notes---2009">Release Notes - 2009&lt;/h3>
&lt;p>        &lt;a href="https://docs2.aspose.com/cells/jasperreports/releasenotes/2009/aspose.cells+for+jasperreports+v1.0.0.0+release+notes">&lt;strong>Aspose.Cells for JasperReports v1.0.0.0 Release Notes&lt;/strong>&lt;/a>&lt;/p>
&lt;p>&lt;a href="#">Expand all&lt;/a>   &lt;a href="#">Collapse all&lt;/a>&lt;/p></description></item></channel></rss>