<rss version="2.0" xmlns:atom="http://www.w3.org/2005/Atom"><channel><title>Documentation – Copying and Moving Worksheets</title><link>https://docs2.aspose.com/cells/pythonjava/developerguide/worksheets/copying+and+moving+worksheets/</link><description>Recent content in Copying and Moving Worksheets on Documentation</description><generator>Hugo -- gohugo.io</generator><atom:link href="https://docs2.aspose.com/cells/pythonjava/developerguide/worksheets/copying+and+moving+worksheets/index.xml" rel="self" type="application/rss+xml"/></channel></rss>