<rss version="2.0" xmlns:atom="http://www.w3.org/2005/Atom"><channel><title>Documentation – Creating and Customizing Charts</title><link>https://docs2.aspose.com/cells/cpp/developerguide/charts/creating+and+customizing+charts/</link><description>Recent content in Creating and Customizing Charts on Documentation</description><generator>Hugo -- gohugo.io</generator><atom:link href="https://docs2.aspose.com/cells/cpp/developerguide/charts/creating+and+customizing+charts/index.xml" rel="self" type="application/rss+xml"/></channel></rss>