<rss version="2.0" xmlns:atom="http://www.w3.org/2005/Atom"><channel><title>Documentation – Feature Tour</title><link>https://docs2.aspose.com/cells/jasperreports/gettingstarted/featuretour/</link><description>Recent content in Feature Tour on Documentation</description><generator>Hugo -- gohugo.io</generator><atom:link href="https://docs2.aspose.com/cells/jasperreports/gettingstarted/featuretour/index.xml" rel="self" type="application/rss+xml"/><item><title>Jasperreports: Feature Overview</title><link>https://docs2.aspose.com/cells/jasperreports/gettingstarted/featuretour/feature+overview/</link><pubDate>Mon, 01 Jan 0001 00:00:00 +0000</pubDate><guid>https://docs2.aspose.com/cells/jasperreports/gettingstarted/featuretour/feature+overview/</guid><description>
&lt;p>Aspose.Cells for JasperReports : Feature Overview&lt;/p>
&lt;h1 id="asposecells-for-jasperreports--feature-overview">Aspose.Cells for JasperReports : Feature Overview&lt;/h1>
&lt;p>Aspose.Cells for JasperReports is a product for exporting reports from JasperReports and JasperServer to Microsoft Excel format. Aspose.Cells for JasperReports inherits all features of the built-in exporter as well as makes up for some of the weaknesses of the original XLS renderer of JasperReports. This section provides detailed description of Aspose.Cells for JasperReports features. Click on the respective links in the table to learn more about the features.&lt;/p>
&lt;div class="table table-striped" role="alert">
&lt;table>
&lt;thead>
&lt;tr>
&lt;th align="left">Feature&lt;/th>
&lt;th align="left">Description&lt;/th>
&lt;/tr>
&lt;/thead>
&lt;tbody>
&lt;tr>
&lt;td align="left">&lt;a href="https://docs2.aspose.com/cells/jasperreports/gettingstarted/featuretour/xls+or+xlsx+export">XLS or XLSX Export&lt;/a>&lt;/td>
&lt;td align="left">Export reports as Microsoft Excel XLS format from your application without utilizing Microsoft Excel.&lt;/td>
&lt;/tr>
&lt;tr>
&lt;td align="left">&lt;a href="https://docs2.aspose.com/cells/jasperreports/gettingstarted/featuretour/high+fidelity+to+the+report+design">High Fidelity to the Report Design&lt;/a>&lt;/td>
&lt;td align="left">The layout and appearance of an XLS/XLSX report matches the original, similar to PDF or other formats.&lt;/td>
&lt;/tr>
&lt;tr>
&lt;td align="left">&lt;a href="https://docs2.aspose.com/cells/jasperreports/gettingstarted/featuretour/easy+and+lightweight+deployment">Easy and Lightweight Deployment&lt;/a>&lt;/td>
&lt;td align="left">Aspose.Cells for &lt;a href="http://jasperforge.org/sf/projects/jasperreports">JasperReports&lt;/a> is a &lt;a href="http://jasperforge.org/sf/projects/jasperreports">JasperReports&lt;/a> and JasperServer exporter to Microsoft Excel format.&lt;/td>
&lt;/tr>
&lt;tr>
&lt;td align="left">&lt;a href="https://docs2.aspose.com/cells/jasperreports/gettingstarted/featuretour/simple+and+affordable+licensing">Simple and Affordable Licensing&lt;/a>&lt;/td>
&lt;td align="left">We provide affordable licensing easily used in source code&lt;/td>
&lt;/tr>
&lt;tr>
&lt;td align="left">&lt;a href="https://docs2.aspose.com/cells/jasperreports/gettingstarted/featuretour/world+class+free+technical+support">World Class free Technical Support&lt;/a>&lt;/td>
&lt;td align="left">Unlimited technical support is provided directly by developers of the product.&lt;/td>
&lt;/tr>
&lt;tr>
&lt;td align="left">&lt;a href="https://docs2.aspose.com/cells/jasperreports/gettingstarted/featuretour/miscellaneous">Miscellaneous&lt;/a>&lt;/td>
&lt;td align="left">More effective features are provided for the users.&lt;/td>
&lt;/tr>
&lt;/tbody>
&lt;/table>
&lt;/div></description></item><item><title>Jasperreports: XLS or XLSX Export</title><link>https://docs2.aspose.com/cells/jasperreports/gettingstarted/featuretour/xls+or+xlsx+export/</link><pubDate>Mon, 01 Jan 0001 00:00:00 +0000</pubDate><guid>https://docs2.aspose.com/cells/jasperreports/gettingstarted/featuretour/xls+or+xlsx+export/</guid><description>
&lt;p>Aspose.Cells for JasperReports : XLS or XLSX Export&lt;/p>
&lt;h1 id="asposecells-for-jasperreports--xls-or-xlsx-export">Aspose.Cells for JasperReports : XLS or XLSX Export&lt;/h1>
&lt;p>Aspose.Cells for JasperReports allows you to deliver reports in the XLS and XLSX format without loss of layout or formatting. To create spreadsheets in the Microsoft Excel formats, Aspose.Cells for JasperReports relies on a built-in version of &lt;a href="http://www.aspose.com/categories/file-format-components/aspose.cells-for-.net-and-java/default.aspx">Aspose.Cells for Java&lt;/a>, a leading spreadsheet-processing library from Aspose.&lt;/p>
&lt;p>Microsoft Excel is not required to generate documents with Aspose.Cells.&lt;/p>
&lt;p>&lt;strong>A sample XLS report exported using Aspose.Cells for JasperReports&lt;/strong>&lt;br>
&lt;img src="https://docs2.aspose.com/cells/jasperreports/attachments/6619148/6848529.png" alt="">&lt;/p>
&lt;h2 id="attachments">Attachments:&lt;/h2>
&lt;p>&lt;img src="https://docs2.aspose.com/cells/jasperreports/images/icons/bullet_blue.gif" alt=""> &lt;a href="https://docs2.aspose.com/cells/jasperreports/attachments/6619148/6848529.png">XLS or XLSX Export-001.png&lt;/a> (image/png)&lt;/p></description></item><item><title>Jasperreports: High Fidelity to the Report Design</title><link>https://docs2.aspose.com/cells/jasperreports/gettingstarted/featuretour/high+fidelity+to+the+report+design/</link><pubDate>Mon, 01 Jan 0001 00:00:00 +0000</pubDate><guid>https://docs2.aspose.com/cells/jasperreports/gettingstarted/featuretour/high+fidelity+to+the+report+design/</guid><description>
&lt;p>Aspose.Cells for JasperReports : High Fidelity to the Report Design&lt;/p>
&lt;h1 id="asposecells-for-jasperreports--high-fidelity-to-the-report-design">Aspose.Cells for JasperReports : High Fidelity to the Report Design&lt;/h1>
&lt;p>Aspose.Cells for JasperReports exports reports as Microsoft Excel spreadsheets that look identical to reports exported by the built-in exporters of &lt;a href="http://jasperforge.org/sf/projects/jasperreports">JasperReports&lt;/a>.&lt;/p>
&lt;p>&lt;strong>A sample XLS report exported using Aspose.Cells for JasperReports&lt;/strong>&lt;br>
&lt;img src="https://docs2.aspose.com/cells/jasperreports/attachments/6619144/6848531.png" alt="">&lt;/p>
&lt;p>&lt;strong>A sample XLS report exported using the built-in &lt;a href="http://jasperforge.org/sf/projects/jasperreports">JasperReports&lt;/a> exporters&lt;/strong>&lt;br>
&lt;img src="https://docs2.aspose.com/cells/jasperreports/attachments/6619144/6848516.png" alt="">&lt;/p>
&lt;h2 id="attachments">Attachments:&lt;/h2>
&lt;p>&lt;img src="https://docs2.aspose.com/cells/jasperreports/images/icons/bullet_blue.gif" alt=""> &lt;a href="https://docs2.aspose.com/cells/jasperreports/attachments/6619144/6848531.png">High Fidelity to the Report Design-001.png&lt;/a> (image/png)&lt;br>
&lt;img src="https://docs2.aspose.com/cells/jasperreports/images/icons/bullet_blue.gif" alt=""> &lt;a href="https://docs2.aspose.com/cells/jasperreports/attachments/6619144/6848516.png">High Fidelity to the Report Design-002.png&lt;/a> (image/png)&lt;/p></description></item><item><title>Jasperreports: Easy and Lightweight Deployment</title><link>https://docs2.aspose.com/cells/jasperreports/gettingstarted/featuretour/easy+and+lightweight+deployment/</link><pubDate>Mon, 01 Jan 0001 00:00:00 +0000</pubDate><guid>https://docs2.aspose.com/cells/jasperreports/gettingstarted/featuretour/easy+and+lightweight+deployment/</guid><description>
&lt;p>Aspose.Cells for JasperReports : Easy and Lightweight Deployment&lt;/p>
&lt;h1 id="asposecells-for-jasperreports--easy-and-lightweight-deployment">Aspose.Cells for JasperReports : Easy and Lightweight Deployment&lt;/h1>
&lt;p>Aspose.Cells for JasperReports is an external exporter for &lt;a href="http://jasperforge.org/sf/projects/jasperreports">JasperReports&lt;/a>.&lt;/p>
&lt;p>Aspose.Cells for JasperReports is provided as a single JAR file and can be easily installed on computers running JasperReports. &lt;a href="http://www.aspose.com/community/files/67/jasperreports-exporters/aspose.cells-for-jasperreports/default.aspx">Download it to start a trial&lt;/a>.&lt;/p>
&lt;p>&lt;a href="https://docs2.aspose.com/cells/jasperreports/installation/">To install the exporter&lt;/a>, &lt;strong>aspose.cells.jasperreports.jar&lt;/strong> should be copied to the &lt;strong>JasperReports\lib&lt;/strong> directory.&lt;/p></description></item><item><title>Jasperreports: Simple and Affordable Licensing</title><link>https://docs2.aspose.com/cells/jasperreports/gettingstarted/featuretour/simple+and+affordable+licensing/</link><pubDate>Mon, 01 Jan 0001 00:00:00 +0000</pubDate><guid>https://docs2.aspose.com/cells/jasperreports/gettingstarted/featuretour/simple+and+affordable+licensing/</guid><description>
&lt;p>Aspose.Cells for JasperReports : Simple and Affordable Licensing&lt;/p>
&lt;h1 id="asposecells-for-jasperreports--simple-and-affordable-licensing">Aspose.Cells for JasperReports : Simple and Affordable Licensing&lt;/h1>
&lt;p>Every Aspose license comes with 1-year worth of &lt;a href="http://www.aspose.com/corporate/purchase/policies/Subscriptions.aspx">free upgrades&lt;/a> to any new version of the product that comes out and unlimited free technical support.&lt;/p>
&lt;p>Aspose.Cells for JasperReports evaluation and paid versions are the same download. Simply &lt;a href="http://www.aspose.com/community/files/67/jasperreports-exporters/aspose.cells-for-jasperreports/default.aspx">download Aspose.Cells for JasperReports&lt;/a> and &lt;a href="https://docs2.aspose.com/cells/jasperreports/installation/">install it&lt;/a>. By default, the exporter works in evaluation mode. Evaluation mode injects watermarks into exported reports. To remove the watermark, &lt;a href="http://www.aspose.com/community/forums/aspose.purchase/220/showforum.aspx">purchase a license&lt;/a> and follow the instructions on &lt;a href="https://docs2.aspose.com/cells/jasperreports/gettingstarted/licensing">how to apply the license&lt;/a>.&lt;/p>
&lt;p>Make sure to take advantage of the Aspose.Cells for JasperReports evaluation as it does not have a time limit and comes with free technical support.&lt;/p></description></item><item><title>Jasperreports: World Class Free Technical Support</title><link>https://docs2.aspose.com/cells/jasperreports/gettingstarted/featuretour/world+class+free+technical+support/</link><pubDate>Mon, 01 Jan 0001 00:00:00 +0000</pubDate><guid>https://docs2.aspose.com/cells/jasperreports/gettingstarted/featuretour/world+class+free+technical+support/</guid><description>
&lt;p>Aspose.Cells for JasperReports : World Class Free Technical Support&lt;/p>
&lt;h1 id="asposecells-for-jasperreports--world-class-free-technical-support">Aspose.Cells for JasperReports : World Class Free Technical Support&lt;/h1>
&lt;p>Aspose is renowned for its free and unlimited technical support provided directly by the developers of the products. If a new version of a product is available, or if resolving a question results in a fix, all new releases are free if you have an active subscription.&lt;/p>
&lt;h3 id="getting-support">Getting Support&lt;/h3>
&lt;h4 id="forums">Forums&lt;/h4>
&lt;p>&lt;a href="https://forum.aspose.com/">Aspose&amp;rsquo;s Support Forums&lt;/a> is the place not only to resolve technical issues, but to participate in discussions with the vibrant and growing community of Aspose users. Currently there are over 190,000 users registered at the Aspose website.&lt;/p>
&lt;h4 id="blogs">Blogs&lt;/h4>
&lt;p>&lt;a href="https://blog.aspose.com/">Aspose.Blogs&lt;/a> is the place to look for information about the latest releases and about what Aspose developers have to say.&lt;/p>
&lt;h4 id="need-more-support">Need more support?&lt;/h4>
&lt;p>Aspose offers free support to all users. For companies want that their issue will get prioritized, or who want to influence our product development road map, there are &lt;a href="http://www.aspose.com/corporate/services/support-options.aspx">advanced support options&lt;/a> like Priority Support and Enterprise Support.&lt;/p>
&lt;h2 id="attachments">Attachments:&lt;/h2>
&lt;p>&lt;img src="https://docs2.aspose.com/cells/jasperreports/images/icons/bullet_blue.gif" alt=""> &lt;a href="https://docs2.aspose.com/cells/jasperreports/attachments/6619156/6848519.png">World Class free Technical Support-001.png&lt;/a> (image/png)&lt;/p></description></item><item><title>Jasperreports: Miscellaneous</title><link>https://docs2.aspose.com/cells/jasperreports/gettingstarted/featuretour/miscellaneous/</link><pubDate>Mon, 01 Jan 0001 00:00:00 +0000</pubDate><guid>https://docs2.aspose.com/cells/jasperreports/gettingstarted/featuretour/miscellaneous/</guid><description>
&lt;p>Aspose.Cells for JasperReports : Miscellaneous&lt;/p>
&lt;h1 id="asposecells-for-jasperreports--miscellaneous">Aspose.Cells for JasperReports : Miscellaneous&lt;/h1>
&lt;p>Some effective features of Aspose.Cells for JasperReports are listed below:&lt;/p>
&lt;ol>
&lt;li>Aspose.Cells for JasperReports supports Microsoft Excel charts so that charts are exported as editable charts rather than static pictures. This way, users can edit the charts manually in Microsoft Excel if they need to.&lt;/li>
&lt;li>Aspose.Cells for JasperReports is &lt;a href="https://docs2.aspose.com/cells/jasperreports/installation/integration+with+jasperserver">easily integrated with JasperServer&lt;/a>.&lt;/li>
&lt;/ol></description></item></channel></rss>