<rss version="2.0" xmlns:atom="http://www.w3.org/2005/Atom"><channel><title>Documentation – Preview Multiple Documents</title><link>https://docs2.aspose.com/cells/sharepoint/usersguide/preview+multiple+documents/</link><description>Recent content in Preview Multiple Documents on Documentation</description><generator>Hugo -- gohugo.io</generator><atom:link href="https://docs2.aspose.com/cells/sharepoint/usersguide/preview+multiple+documents/index.xml" rel="self" type="application/rss+xml"/></channel></rss>