<rss version="2.0" xmlns:atom="http://www.w3.org/2005/Atom"><channel><title>Documentation – Set Hide Option for Excel Row Column and Sheet using Dyn-Hide Form</title><link>https://docs2.aspose.com/cells/reportingservices/newfeatures/addhidefunction/set+hide+option+for+excel+row+column+and+sheet+using+dyn-hide+form/</link><description>Recent content in Set Hide Option for Excel Row Column and Sheet using Dyn-Hide Form on Documentation</description><generator>Hugo -- gohugo.io</generator><atom:link href="https://docs2.aspose.com/cells/reportingservices/newfeatures/addhidefunction/set+hide+option+for+excel+row+column+and+sheet+using+dyn-hide+form/index.xml" rel="self" type="application/rss+xml"/></channel></rss>