<rss version="2.0" xmlns:atom="http://www.w3.org/2005/Atom"><channel><title>Documentation – Set DeviceInfo in rsreportserver.config</title><link>https://docs2.aspose.com/cells/reportingservices/userguide/configuration/set+deviceinfo+in+rsreportserver.config/</link><description>Recent content in Set DeviceInfo in rsreportserver.config on Documentation</description><generator>Hugo -- gohugo.io</generator><atom:link href="https://docs2.aspose.com/cells/reportingservices/userguide/configuration/set+deviceinfo+in+rsreportserver.config/index.xml" rel="self" type="application/rss+xml"/></channel></rss>