<rss version="2.0" xmlns:atom="http://www.w3.org/2005/Atom"><channel><title>Documentation – Aspose.Cells for JasperReports 18.11 Release Notes</title><link>https://docs2.aspose.com/cells/jasperreports/releasenotes/2018/aspose.cells+for+jasperreports+18.11+release+notes/</link><description>Recent content in Aspose.Cells for JasperReports 18.11 Release Notes on Documentation</description><generator>Hugo -- gohugo.io</generator><atom:link href="https://docs2.aspose.com/cells/jasperreports/releasenotes/2018/aspose.cells+for+jasperreports+18.11+release+notes/index.xml" rel="self" type="application/rss+xml"/></channel></rss>