<rss version="2.0" xmlns:atom="http://www.w3.org/2005/Atom"><channel><title>Documentation – Technical Articles</title><link>https://docs2.aspose.com/cells/sharepoint/technicalarticles/</link><description>Recent content in Technical Articles on Documentation</description><generator>Hugo -- gohugo.io</generator><atom:link href="https://docs2.aspose.com/cells/sharepoint/technicalarticles/index.xml" rel="self" type="application/rss+xml"/><item><title>Sharepoint: Aspose.Cells for SharePoint - Use and Benefits</title><link>https://docs2.aspose.com/cells/sharepoint/technicalarticles/aspose.cells+for+sharepoint+-+use+and+benefits/</link><pubDate>Mon, 01 Jan 0001 00:00:00 +0000</pubDate><guid>https://docs2.aspose.com/cells/sharepoint/technicalarticles/aspose.cells+for+sharepoint+-+use+and+benefits/</guid><description>
&lt;p>Aspose.Cells for SharePoint : Aspose.Cells for SharePoint - Use and Benefits&lt;/p>
&lt;h1 id="asposecells-for-sharepoint--asposecells-for-sharepoint---use-and-benefits">Aspose.Cells for SharePoint : Aspose.Cells for SharePoint - Use and Benefits&lt;/h1>
&lt;p>SharePoint sites are meant for collaboration, communication and content storage in order to fulfill particular business needs. Aspose.Cells for SharePoint has been introduced to perform certain operations on Microsoft Excel documents available in SharePoint document libraries. This article covers the following:&lt;/p>
&lt;ul>
&lt;li>&lt;a href="https://docs2.aspose.com/cells/sharepoint/technicalarticles/aspose.cells+for+sharepoint+-+use+and+benefits">A brief note about SharePoint document libraries&lt;/a>.&lt;/li>
&lt;li>&lt;a href="https://docs2.aspose.com/cells/sharepoint/technicalarticles/aspose.cells+for+sharepoint+-+use+and+benefits">The benefits Aspose.Cells for SharePoint&lt;/a>.&lt;/li>
&lt;li>&lt;a href="https://docs2.aspose.com/cells/sharepoint/technicalarticles/aspose.cells+for+sharepoint+-+use+and+benefits">How to convert Microsoft Excel documents into other formats&lt;/a>.&lt;/li>
&lt;/ul>
&lt;h3 id="a-brief-note-on-sharepoint-document-libraries">A Brief Note on SharePoint Document Libraries&lt;/h3>
&lt;p>The contents on SharePoint sites are in the form of documents shared at a centralized location called a SharePoint document library (sometimes known as a &amp;ldquo;shared document library&amp;rdquo;). Authorized users can upload documents from their local machine to the SharePoint site. These documents are stored in binary format in an SQL Server database used by the SharePoint site. Documents become available to other SharePoint users in the form of a list of hyperlinks as shown below:&lt;/p>
&lt;p>&lt;strong>A document library&lt;/strong>&lt;br>
&lt;img src="plugins/servlet/confluence/placeholder/unknown-attachment" alt="" title="Aspose.Cells for SharePoint – Usage and Benefits-001.png">&lt;/p>
&lt;h3 id="benefits">Benefits&lt;/h3>
&lt;p>The following list highlights a few benefits of using Aspose.Cells for SharePoint:&lt;/p>
&lt;ul>
&lt;li>The SharePoint site server does not have built-in capability to convert Microsoft Excel files directly on the server. Aspose.Cells for SharePoint adds this feature to the SharePoint site server.&lt;/li>
&lt;li>Aspose.Cells for SharePoint does not require Microsoft Excel to work. It is installed on the server so SharePoint users do not need Microsoft Excel on their local systems to convert Microsoft Excel documents from one format to another.&lt;/li>
&lt;li>Aspose.Cells for SharePoint does not require any pre-requisite except those required for creating a SharePoint site.&lt;/li>
&lt;li>Aspose.Cells for SharePoint is &lt;a href="https://docs2.aspose.com/cells/sharepoint/productinformation/install/installing+aspose.cells+for+sharepoint">easy to deploy on a SharePoint site server&lt;/a>.&lt;/li>
&lt;li>Aspose.Cells for SharePoint supports &lt;a href="https://docs2.aspose.com/cells/sharepoint/productinformation/features/multiple+format+support">a number of input and output formats&lt;/a>.&lt;/li>
&lt;li>Aspose.Cells for SharePoint exposes a public API for developers who need to develop their own SharePoint solutions.&lt;/li>
&lt;/ul>
&lt;h3 id="converting-microsoft-excel-documents-with-asposecells-for-sharepoint">Converting Microsoft Excel Documents with Aspose.Cells for SharePoint&lt;/h3>
&lt;p>Once Aspose.Cells for SharePoint is installed on the SharePoint server, the option &lt;strong>Convert with Aspose.Cells.SharePoint&lt;/strong> is available in the context menu:&lt;/p>
&lt;p>&lt;strong>Finding the Convert with&amp;hellip; option&lt;/strong>&lt;br>
&lt;img src="plugins/servlet/confluence/placeholder/unknown-attachment" alt="" title="Aspose.Cells for SharePoint – Usage and Benefits-002.png">&lt;/p>
&lt;p>To convert a Microsoft Excel document from your SharePoint document library into other formats, follow the below steps:&lt;/p>
&lt;ol>
&lt;li>
&lt;p>Click on the desired Microsoft Excel document and then click Convert with Aspose.Cells for SharePoint&lt;br>
The Conversion Settings screen is displayed.&lt;/p>
&lt;p>&lt;strong>Deciding to convert&lt;/strong>&lt;br>
&lt;img src="plugins/servlet/confluence/placeholder/unknown-attachment" alt="" title="Aspose.Cells for SharePoint – Usage and Benefits-003.png">&lt;/p>
&lt;/li>
&lt;li>
&lt;p>Select the output format.&lt;br>
Here, you can also change the output file name and the destination folder.&lt;/p>
&lt;/li>
&lt;li>
&lt;p>Click &lt;strong>Convert&lt;/strong>.&lt;/p>
&lt;p>&lt;strong>Selecting the output format&lt;/strong>&lt;br>
&lt;img src="plugins/servlet/confluence/placeholder/unknown-attachment" alt="" title="Aspose.Cells for SharePoint – Usage and Benefits-004.png">&lt;/p>
&lt;/li>
&lt;li>
&lt;p>When the conversion is complete, a success message is displayed.&lt;/p>
&lt;p>&lt;strong>Successful conversion&lt;/strong>&lt;br>
&lt;img src="plugins/servlet/confluence/placeholder/unknown-attachment" alt="" title="Aspose.Cells for SharePoint – Usage and Benefits-005.png">&lt;/p>
&lt;/li>
&lt;li>
&lt;p>Click &lt;strong>Return&lt;/strong> to get back to the document library.&lt;/p>
&lt;/li>
&lt;li>
&lt;p>The converted document is listed in the SharePoint document library.&lt;/p>
&lt;p>&lt;strong>The converted file is listed in the document library&lt;/strong>&lt;br>
&lt;img src="plugins/servlet/confluence/placeholder/unknown-attachment" alt="" title="Aspose.Cells for SharePoint – Usage and Benefits-006.png">&lt;/p>
&lt;/li>
&lt;/ol>
&lt;h3 id="summary">Summary&lt;/h3>
&lt;p>Installing and using Aspose.Cells for SharePoint is easy. It not only adds a feature for converting Microsoft Excel files directly on the SharePoint server, but also eliminates the need for Microsoft Excel to be installed on the client machines. Moreover, developers can use Aspose.Cells for SharePoint&amp;rsquo;s public API to develop their own SharePoint solutions.&lt;/p>
&lt;p>In other words, it is beneficial for SharePoint site administrators, developers and end users.&lt;/p>
&lt;h2 id="attachments">Attachments:&lt;/h2>
&lt;p>&lt;img src="https://docs2.aspose.com/cells/sharepoint/images/icons/bullet_blue.gif" alt=""> &lt;a href="https://docs2.aspose.com/cells/sharepoint/attachments/6357037/6488139.png">Aspose.Cells for SharePoint - Usage and Benefits-001.png&lt;/a> (image/png)&lt;br>
&lt;img src="https://docs2.aspose.com/cells/sharepoint/images/icons/bullet_blue.gif" alt=""> &lt;a href="https://docs2.aspose.com/cells/sharepoint/attachments/6357037/6488134.png">Aspose.Cells for SharePoint - Usage and Benefits-002.png&lt;/a> (image/png)&lt;br>
&lt;img src="https://docs2.aspose.com/cells/sharepoint/images/icons/bullet_blue.gif" alt=""> &lt;a href="https://docs2.aspose.com/cells/sharepoint/attachments/6357037/6488133.png">Aspose.Cells for SharePoint - Usage and Benefits-003.png&lt;/a> (image/png)&lt;br>
&lt;img src="https://docs2.aspose.com/cells/sharepoint/images/icons/bullet_blue.gif" alt=""> &lt;a href="https://docs2.aspose.com/cells/sharepoint/attachments/6357037/6488136.png">Aspose.Cells for SharePoint - Usage and Benefits-004.png&lt;/a> (image/png)&lt;br>
&lt;img src="https://docs2.aspose.com/cells/sharepoint/images/icons/bullet_blue.gif" alt=""> &lt;a href="https://docs2.aspose.com/cells/sharepoint/attachments/6357037/6488135.png">Aspose.Cells for SharePoint - Usage and Benefits-005.png&lt;/a> (image/png)&lt;br>
&lt;img src="https://docs2.aspose.com/cells/sharepoint/images/icons/bullet_blue.gif" alt=""> &lt;a href="https://docs2.aspose.com/cells/sharepoint/attachments/6357037/6488121.png">Aspose.Cells for SharePoint - Usage and Benefits-006.png&lt;/a> (image/png)&lt;/p></description></item></channel></rss>