<rss version="2.0" xmlns:atom="http://www.w3.org/2005/Atom"><channel><title>Documentation – Create Slicer to a Pivot Table</title><link>https://docs2.aspose.com/cells/pythonjava/developerguide/slicers/create+slicer+to+a+pivot+table/</link><description>Recent content in Create Slicer to a Pivot Table on Documentation</description><generator>Hugo -- gohugo.io</generator><atom:link href="https://docs2.aspose.com/cells/pythonjava/developerguide/slicers/create+slicer+to+a+pivot+table/index.xml" rel="self" type="application/rss+xml"/></channel></rss>