<rss version="2.0" xmlns:atom="http://www.w3.org/2005/Atom"><channel><title>Documentation – Release Notes - 2016</title><link>https://docs2.aspose.com/cells/cpp/releasenotes/2016/</link><description>Recent content in Release Notes - 2016 on Documentation</description><generator>Hugo -- gohugo.io</generator><atom:link href="https://docs2.aspose.com/cells/cpp/releasenotes/2016/index.xml" rel="self" type="application/rss+xml"/><item><title>Cpp: Aspose.Cells for CPP 16.12.0 Release Notes</title><link>https://docs2.aspose.com/cells/cpp/releasenotes/2016/aspose.cells+for+cpp+16.12.0+release+notes/</link><pubDate>Mon, 01 Jan 0001 00:00:00 +0000</pubDate><guid>https://docs2.aspose.com/cells/cpp/releasenotes/2016/aspose.cells+for+cpp+16.12.0+release+notes/</guid><description>
&lt;p>Aspose.Cells for C++ : Aspose.Cells for CPP 16.12.0 Release Notes&lt;/p>
&lt;h1 id="asposecells-for-c--asposecells-for-cpp-16120-release-notes">Aspose.Cells for C++ : Aspose.Cells for CPP 16.12.0 Release Notes&lt;/h1>
&lt;div class="table table-striped" role="alert">
&lt;table>
&lt;thead>
&lt;tr>
&lt;th align="left">Key&lt;/th>
&lt;th align="left">Summary&lt;/th>
&lt;th align="left">Category&lt;/th>
&lt;/tr>
&lt;/thead>
&lt;tbody>
&lt;tr>
&lt;td align="left">CELLSPORTINGC-432&lt;/td>
&lt;td align="left">Apply Conditional formatting to the cells&lt;/td>
&lt;td align="left">New Feature &lt;/td>
&lt;/tr>
&lt;tr>
&lt;td align="left">CELLSPORTINGC-433&lt;/td>
&lt;td align="left">Read/Write Custom Document Properties&lt;/td>
&lt;td align="left">New Feature &lt;/td>
&lt;/tr>
&lt;tr>
&lt;td align="left">CELLSPORTINGC-434&lt;/td>
&lt;td align="left">Read/Write Built-in document properties&lt;/td>
&lt;td align="left">New Feature &lt;/td>
&lt;/tr>
&lt;tr>
&lt;td align="left">CELLSPORTINGC-435&lt;/td>
&lt;td align="left">Add Hyperlinks to the cells&lt;/td>
&lt;td align="left">New Feature &lt;/td>
&lt;/tr>
&lt;tr>
&lt;td align="left">CELLSPORTINGC-436&lt;/td>
&lt;td align="left">Support MS Excel Themes&lt;/td>
&lt;td align="left">New Feature &lt;/td>
&lt;/tr>
&lt;tr>
&lt;td align="left">CELLSPORTINGC-437&lt;/td>
&lt;td align="left">Add and manipulate PivotTables in the spreadsheet&lt;/td>
&lt;td align="left">New Feature &lt;/td>
&lt;/tr>
&lt;tr>
&lt;td align="left">CELLSPORTINGC-438&lt;/td>
&lt;td align="left">Group rows and columns in the worksheet&lt;/td>
&lt;td align="left">New Feature &lt;/td>
&lt;/tr>
&lt;tr>
&lt;td align="left">CELLSPORTINGC-439&lt;/td>
&lt;td align="left">Add Table/List Object to the worksheet&lt;/td>
&lt;td align="left">New Feature &lt;/td>
&lt;/tr>
&lt;tr>
&lt;td align="left">CELLSPORTINGC-426&lt;/td>
&lt;td align="left">License problem with Aspose.Cells for C++ APIs&lt;/td>
&lt;td align="left">Bug &lt;/td>
&lt;/tr>
&lt;tr>
&lt;td align="left">CELLSPORTINGC-425&lt;/td>
&lt;td align="left">Optimize the performance of saving XLS files&lt;/td>
&lt;td align="left">Improvement &lt;/td>
&lt;/tr>
&lt;/tbody>
&lt;/table>
&lt;/div>
&lt;h3 id="public-api-and-backwards-incompatible-changes">Public API and Backwards Incompatible Changes&lt;/h3>
&lt;p>The following is a list of any changes made to the public API such as added, renamed, removed or deprecated members as well as any non-backward compatible change made to Aspose.Cells for C++. If you have concerns about any change listed, please raise it on the Aspose.Cells support forum.&lt;/p>
&lt;h4 id="renames-icellsetstyle-method-to-icellsetistyle">Renames ICell::SetStyle method to ICell::SetIStyle&lt;/h4>
&lt;h4 id="renames-icellsetcharacters-method-to-icellsetifontsettings">Renames ICell::SetCharacters method to ICell::SetIFontSettings&lt;/h4>
&lt;h4 id="renames-icellscolorsetthemecolor-method-to-icellscolorsetithemecolor">Renames ICellsColor::SetThemeColor method to ICellsColor::SetIThemeColor&lt;/h4>
&lt;h4 id="renames-icellssetstyle-method-to-icellssetistyle">Renames ICells::SetStyle method to ICells::SetIStyle&lt;/h4>
&lt;h4 id="renames-icellshelpergetdpi_i-method-to-icellshelpergetdpi">Renames ICellsHelper::GetDPI_i method to ICellsHelper::GetDPI&lt;/h4>
&lt;h4 id="renames-icellshelpersetdpi_i-method-to-icellshelpersetdpi">Renames ICellsHelper::SetDPI_i method to ICellsHelper::SetDPI&lt;/h4>
&lt;h4 id="renames-icellshelpergetversion_i-method-to-icellshelpergetversion">Renames ICellsHelper::GetVersion_i method to ICellsHelper::GetVersion&lt;/h4>
&lt;h4 id="renames-icellshelperisprotectedbyrms_i-method-to-icellshelperisprotectedbyrms">Renames ICellsHelper::IsProtectedByRMS_i method to ICellsHelper::IsProtectedByRMS&lt;/h4>
&lt;h4 id="renames-icellshelperisprotectedbyrms_i-method-to-icellshelperisprotectedbyrms-1">Renames ICellsHelper::IsProtectedByRMS_i method to ICellsHelper::IsProtectedByRMS&lt;/h4>
&lt;h4 id="renames-icellshelpercellnametoindex_i-method-to-icellshelpercellnametoindex">Renames ICellsHelper::CellNameToIndex_i method to ICellsHelper::CellNameToIndex&lt;/h4>
&lt;h4 id="renames-icellshelpercellindextoname_i-method-to-icellshelpercellindextoname">Renames ICellsHelper::CellIndexToName_i method to ICellsHelper::CellIndexToName&lt;/h4>
&lt;h4 id="renames-icellshelpercolumnindextoname_i-method-to-icellshelpercolumnindextoname">Renames ICellsHelper::ColumnIndexToName_i method to ICellsHelper::ColumnIndexToName&lt;/h4>
&lt;h4 id="renames-icellshelpercolumnnametoindex_i-method-to-icellshelpercolumnnametoindex">Renames ICellsHelper::ColumnNameToIndex_i method to ICellsHelper::ColumnNameToIndex&lt;/h4>
&lt;h4 id="renames-icellshelperrowindextoname_i-method-to-icellshelperrowindextoname">Renames ICellsHelper::RowIndexToName_i method to ICellsHelper::RowIndexToName&lt;/h4>
&lt;h4 id="renames-icellshelperrownametoindex_i-method-to-icellshelperrownametoindex">Renames ICellsHelper::RowNameToIndex_i method to ICellsHelper::RowNameToIndex&lt;/h4>
&lt;h4 id="renames-icellshelperconvertr1c1formulatoa1_i-method-to-icellshelperconvertr1c1formulatoa1">Renames ICellsHelper::ConvertR1C1FormulaToA1_i method to ICellsHelper::ConvertR1C1FormulaToA1&lt;/h4>
&lt;h4 id="renames-icellshelperconverta1formulator1c1_i-method-to-icellshelperconverta1formulator1c1">Renames ICellsHelper::ConvertA1FormulaToR1C1_i method to ICellsHelper::ConvertA1FormulaToR1C1&lt;/h4>
&lt;h4 id="renames-icellshelpergetdatetimefromdouble_i-method-to-icellshelpergetdatetimefromdouble">Renames ICellsHelper::GetDateTimeFromDouble_i method to ICellsHelper::GetDateTimeFromDouble&lt;/h4>
&lt;h4 id="renames-icellshelpergetdoublefromdatetime_i-method-to-icellshelpergetdoublefromdatetime">Renames ICellsHelper::GetDoubleFromDateTime_i method to ICellsHelper::GetDoubleFromDateTime&lt;/h4>
&lt;h4 id="renames-icellshelperdetectloadformat_i-method-to-icellshelperdetectloadformat">Renames ICellsHelper::DetectLoadFormat_i method to ICellsHelper::DetectLoadFormat&lt;/h4>
&lt;h4 id="renames-icellshelperdetectfileformat_i-method-to-icellshelperdetectfileformat">Renames ICellsHelper::DetectFileFormat_i method to ICellsHelper::DetectFileFormat&lt;/h4>
&lt;h4 id="renames-icellshelpergetfontdir_i-method-to-icellshelpergetfontdir">Renames ICellsHelper::GetFontDir_i method to ICellsHelper::GetFontDir&lt;/h4>
&lt;h4 id="renames-icellshelpersetfontdir_i-method-to-icellshelpersetfontdir">Renames ICellsHelper::SetFontDir_i method to ICellsHelper::SetFontDir&lt;/h4>
&lt;h4 id="renames-icellshelpergetfontdirs_i-method-to-icellshelpergetfontdirs">Renames ICellsHelper::GetFontDirs_i method to ICellsHelper::GetFontDirs&lt;/h4>
&lt;h4 id="renames-icellshelpersetfontdirs_i-method-to-icellshelpersetfontdirs">Renames ICellsHelper::SetFontDirs_i method to ICellsHelper::SetFontDirs&lt;/h4>
&lt;h4 id="renames-icellshelpergetfontfiles_i-method-to-icellshelpergetfontfiles">Renames ICellsHelper::GetFontFiles_i method to ICellsHelper::GetFontFiles&lt;/h4>
&lt;h4 id="renames-icellshelpersetfontfiles_i-method-to-icellshelpersetfontfiles">Renames ICellsHelper::SetFontFiles_i method to ICellsHelper::SetFontFiles&lt;/h4>
&lt;h4 id="renames-icellshelpergetstartuppath_i-method-to-icellshelpergetstartuppath">Renames ICellsHelper::GetStartupPath_i method to ICellsHelper::GetStartupPath&lt;/h4>
&lt;h4 id="renames-icellshelpersetstartuppath_i-method-to-icellshelpersetstartuppath">Renames ICellsHelper::SetStartupPath_i method to ICellsHelper::SetStartupPath&lt;/h4>
&lt;h4 id="renames-icellshelpergetaltstartpath_i-method-to-icellshelpergetaltstartpath">Renames ICellsHelper::GetAltStartPath_i method to ICellsHelper::GetAltStartPath&lt;/h4>
&lt;h4 id="renames-icellshelpersetaltstartpath_i-method-to-icellshelpersetaltstartpath">Renames ICellsHelper::SetAltStartPath_i method to ICellsHelper::SetAltStartPath&lt;/h4>
&lt;h4 id="renames-icellshelpergetlibrarypath_i-method-to-icellshelpergetlibrarypath">Renames ICellsHelper::GetLibraryPath_i method to ICellsHelper::GetLibraryPath&lt;/h4>
&lt;h4 id="renames-icellshelpersetlibrarypath_i-method-to-icellshelpersetlibrarypath">Renames ICellsHelper::SetLibraryPath_i method to ICellsHelper::SetLibraryPath&lt;/h4>
&lt;h4 id="renames-icellshelpergetusedcolors_i-method-to-icellshelpergetusedcolors">Renames ICellsHelper::GetUsedColors_i method to ICellsHelper::GetUsedColors&lt;/h4>
&lt;h4 id="renames-icellshelperaddaddinfunction_i-method-to-icellshelperaddaddinfunction">Renames ICellsHelper::AddAddInFunction_i method to ICellsHelper::AddAddInFunction&lt;/h4>
&lt;h4 id="renames-icellshelpermergefiles_i-method-to-icellshelpermergefiles">Renames ICellsHelper::MergeFiles_i method to ICellsHelper::MergeFiles&lt;/h4>
&lt;h4 id="renames-icolumncollectiongetbyindex_i-method-to-icolumncollectiongeticolumn">Renames IColumnCollection::GetByIndex_i method to IColumnCollection::GetIColumn&lt;/h4>
&lt;h4 id="renames-ifileformatutildetectfileformat_i-method-to-ifileformatutildetectfileformat">Renames IFileFormatUtil::DetectFileFormat_i method to IFileFormatUtil::DetectFileFormat&lt;/h4>
&lt;h4 id="renames-ifileformatutilextensiontosaveformat_i-method-to-ifileformatutilextensiontosaveformat">Renames IFileFormatUtil::ExtensionToSaveFormat_i method to IFileFormatUtil::ExtensionToSaveFormat&lt;/h4>
&lt;h4 id="renames-ifileformatutilistemplateformat_i-method-to-ifileformatutilistemplateformat">Renames IFileFormatUtil::IsTemplateFormat_i method to IFileFormatUtil::IsTemplateFormat&lt;/h4>
&lt;h4 id="renames-ifileformatutilloadformattoextension_i-method-to-ifileformatutilloadformattoextension">Renames IFileFormatUtil::LoadFormatToExtension_i method to IFileFormatUtil::LoadFormatToExtension&lt;/h4>
&lt;h4 id="renames-ifileformatutilloadformattosaveformat_i-method-to-ifileformatutilloadformattosaveformat">Renames IFileFormatUtil::LoadFormatToSaveFormat_i method to IFileFormatUtil::LoadFormatToSaveFormat&lt;/h4>
&lt;h4 id="renames-ifileformatutilsaveformattoextension_i-method-to-ifileformatutilsaveformattoextension">Renames IFileFormatUtil::SaveFormatToExtension_i method to IFileFormatUtil::SaveFormatToExtension&lt;/h4>
&lt;h4 id="renames-ifileformatutilsaveformattoloadformat_i-method-to-ifileformatutilsaveformattoloadformat">Renames IFileFormatUtil::SaveFormatToLoadFormat_i method to IFileFormatUtil::SaveFormatToLoadFormat&lt;/h4>
&lt;h4 id="renames-irangesetstyle-method-to-irangesetistyle">Renames IRange::SetStyle method to IRange::SetIStyle&lt;/h4>
&lt;h4 id="renames-ifindoptionssetrange-method-to-ifindoptionssetirange">Renames IFindOptions::SetRange method to IFindOptions::SetIRange&lt;/h4>
&lt;h4 id="renames-iloadoptionssetloaddataoptions-method-to-iloadoptionssetiloaddataoptions">Renames ILoadOptions::SetLoadDataOptions method to ILoadOptions::SetILoadDataOptions&lt;/h4>
&lt;h4 id="renames-iworkbooksetsettings-method-to-iworkbooksetisettings">Renames IWorkbook::SetSettings method to IWorkbook::SetISettings&lt;/h4>
&lt;h4 id="renames-iworkbooksetdefaultstyle-method-to-setdefaultistyle">Renames IWorkbook::SetDefaultStyle method to SetDefaultIStyle&lt;/h4></description></item><item><title>Cpp: Aspose.Cells for CPP 16.11.0 Release Notes</title><link>https://docs2.aspose.com/cells/cpp/releasenotes/2016/aspose.cells+for+cpp+16.11.0+release+notes/</link><pubDate>Mon, 01 Jan 0001 00:00:00 +0000</pubDate><guid>https://docs2.aspose.com/cells/cpp/releasenotes/2016/aspose.cells+for+cpp+16.11.0+release+notes/</guid><description>
&lt;p>Aspose.Cells for C++ : Aspose.Cells for CPP 16.11.0 Release Notes&lt;/p>
&lt;h1 id="asposecells-for-c--asposecells-for-cpp-16110-release-notes">Aspose.Cells for C++ : Aspose.Cells for CPP 16.11.0 Release Notes&lt;/h1>
&lt;p>We are pleased to launch our brand new product, Aspose.Cells for C++!&lt;/p>
&lt;p>&lt;strong>Major Features&lt;/strong>&lt;/p>
&lt;div class="table table-striped" role="alert">
&lt;table>
&lt;thead>
&lt;tr>
&lt;th align="left">Key&lt;/th>
&lt;th align="left">Summary&lt;/th>
&lt;th align="left">Category&lt;/th>
&lt;/tr>
&lt;/thead>
&lt;tbody>
&lt;tr>
&lt;td align="left">CELLSPORTINGC-417&lt;/td>
&lt;td align="left">Open/Save XLS, OOXML file formats&lt;/td>
&lt;td align="left">New Feature  &lt;/td>
&lt;/tr>
&lt;tr>
&lt;td align="left">CELLSPORTINGC-418&lt;/td>
&lt;td align="left">Set Styles and Formatting to worksheet cells&lt;/td>
&lt;td align="left">New Feature  &lt;/td>
&lt;/tr>
&lt;tr>
&lt;td align="left">CELLSPORTINGC-419&lt;/td>
&lt;td align="left">Apply data validation to the cells &lt;/td>
&lt;td align="left">New Feature&lt;/td>
&lt;/tr>
&lt;tr>
&lt;td align="left">CELLSPORTINGC-420&lt;/td>
&lt;td align="left">Filter data by using an AutoFilter&lt;/td>
&lt;td align="left">New Feature&lt;/td>
&lt;/tr>
&lt;tr>
&lt;td align="left">CELLSPORTINGC-421                 &lt;/td>
&lt;td align="left">Apply Page Setup options&lt;/td>
&lt;td align="left">New Feature  &lt;/td>
&lt;/tr>
&lt;tr>
&lt;td align="left">CELLSPORTINGC-422&lt;/td>
&lt;td align="left">Set data and Formulas to the cells&lt;/td>
&lt;td align="left">New Feature&lt;/td>
&lt;/tr>
&lt;/tbody>
&lt;/table>
&lt;/div></description></item></channel></rss>