<rss version="2.0" xmlns:atom="http://www.w3.org/2005/Atom"><channel><title>Documentation – Add Footer to a document</title><link>https://docs2.aspose.com/cells/sharepoint/usersguide/add+footer+to+a+document/</link><description>Recent content in Add Footer to a document on Documentation</description><generator>Hugo -- gohugo.io</generator><atom:link href="https://docs2.aspose.com/cells/sharepoint/usersguide/add+footer+to+a+document/index.xml" rel="self" type="application/rss+xml"/></channel></rss>