<rss version="2.0" xmlns:atom="http://www.w3.org/2005/Atom"><channel><title>Documentation – Rows and Columns</title><link>https://docs2.aspose.com/cells/cpp/developerguide/rowsandcolumns/</link><description>Recent content in Rows and Columns on Documentation</description><generator>Hugo -- gohugo.io</generator><atom:link href="https://docs2.aspose.com/cells/cpp/developerguide/rowsandcolumns/index.xml" rel="self" type="application/rss+xml"/><item><title>Cpp: Adjusting Row Height and Column Width</title><link>https://docs2.aspose.com/cells/cpp/developerguide/rowsandcolumns/adjusting+row+height+and+column+width/</link><pubDate>Mon, 01 Jan 0001 00:00:00 +0000</pubDate><guid>https://docs2.aspose.com/cells/cpp/developerguide/rowsandcolumns/adjusting+row+height+and+column+width/</guid><description>
&lt;p>Aspose.Cells for C++ : Adjusting Row Height and Column Width&lt;/p>
&lt;h1 id="asposecells-for-c--adjusting-row-height-and-column-width">Aspose.Cells for C++ : Adjusting Row Height and Column Width&lt;/h1>
&lt;p>When working with spreadsheets and adding data to rows or columns, you might need to change the height of rows or the width of columns. Sometimes, applying formatting on rows or columns means that the current height or width needs to change to show the data. Normally, users adjust row heights and column widths in a WYSIWYG environment using Microsoft Excel. But, with Aspose.Cells developers can perform these operations at runtime.&lt;/p>
&lt;p>
&lt;div class="card my-3 border-top-0 border-right-0 border-bottom-0 border-left border-primary rounded" style="border-width:4px !important;">
&lt;div class="wrap border border-left-0 rounded">
&lt;div class="card-header border-0 bg-white pl-3 text-primary">
&lt;h3>Contents Summary&lt;/h3>
&lt;/div>
&lt;div class="card-body pt-1">
&lt;ul>
&lt;li>1 &lt;a href="#working-with-rows">Working with Rows&lt;/a>
&lt;ul>
&lt;li>1.1 &lt;a href="#adjusting-row-height">Adjusting Row Height&lt;/a>
&lt;ul>
&lt;li>1.1.1 &lt;a href="#setting-the-height-of-a-row">Setting the Height of a Row&lt;/a>&lt;/li>
&lt;li>1.1.2 &lt;a href="#setting-the-height-of-all-rows-in-a-worksheet">Setting the Height of All Rows in a Worksheet&lt;/a>&lt;/li>
&lt;/ul>
&lt;/li>
&lt;/ul>
&lt;/li>
&lt;li>2 &lt;a href="#working-with-columns">Working with Columns&lt;/a>
&lt;ul>
&lt;li>2.1 &lt;a href="#setting-the-width-of-a-column">Setting the Width of a Column&lt;/a>&lt;/li>
&lt;li>2.2 &lt;a href="#setting-the-width-of-all-columns-in-a-worksheet">Setting the Width of All Columns in a Worksheet&lt;/a>&lt;/li>
&lt;/ul>
&lt;/li>
&lt;/ul>
&lt;/div>
&lt;/div>
&lt;/div>
 &lt;/p>
&lt;p> &lt;/p>
&lt;h2 id="working-with-rows">Working with Rows&lt;/h2>
&lt;h3 id="adjusting-row-height">Adjusting Row Height&lt;/h3>
&lt;p>Aspose.Cells provides a class, &lt;a href="https://apireference.aspose.com/cpp/cells/class/aspose.cells.i_workbook/">IWorkbook&lt;/a> that represents a Microsoft Excel file. The &lt;a href="https://apireference.aspose.com/cpp/cells/class/aspose.cells.i_workbook/">IWorkbook&lt;/a> class contains a &lt;a href="https://apireference.aspose.com/cpp/cells/class/aspose.cells.i_worksheet_collection/">IWorksheetCollection&lt;/a> that allows access to each worksheet in the Excel file. A worksheet is represented by the &lt;a href="https://apireference.aspose.com/cpp/cells/class/aspose.cells.i_worksheet/">IWorksheet&lt;/a> class. The &lt;a href="https://apireference.aspose.com/cpp/cells/class/aspose.cells.i_worksheet/">IWorksheet&lt;/a> class provides a &lt;a href="https://apireference.aspose.com/cpp/cells/class/aspose.cells.i_cells/">ICells&lt;/a> collection that represents all cells in the worksheet. The &lt;a href="https://apireference.aspose.com/cpp/cells/class/aspose.cells.i_cells/">ICells&lt;/a> collection provides several methods to manage rows or columns in a worksheet. Some of these are discussed below in more detail.&lt;/p>
&lt;h4 id="setting-the-height-of-a-row">Setting the Height of a Row&lt;/h4>
&lt;p>It is possible to set the height of a single row by calling the &lt;a href="https://apireference.aspose.com/cpp/cells/class/aspose.cells.i_cells/">ICells&lt;/a> collection&amp;rsquo;s &lt;a href="https://apireference.aspose.com/cpp/cells/class/aspose.cells.i_cells/#a7aa441877e03639232299627261a7d1f">SetRowHeight&lt;/a> method. The &lt;a href="https://apireference.aspose.com/cpp/cells/class/aspose.cells.i_cells/#a7aa441877e03639232299627261a7d1f">SetRowHeight&lt;/a> method takes the following parameters as follows:&lt;/p>
&lt;ul>
&lt;li>&lt;strong>Row index&lt;/strong>, the index of the row that you&amp;rsquo;re changing the height of.&lt;/li>
&lt;li>&lt;strong>Row height&lt;/strong>, the row height to apply on the row.&lt;/li>
&lt;/ul>
&lt;h4 id="setting-the-height-of-all-rows-in-a-worksheet">Setting the Height of All Rows in a Worksheet&lt;/h4>
&lt;p>If developers need to set the same row height for all rows in the worksheet, they can do it by using the &lt;a href="https://apireference.aspose.com/cpp/cells/class/aspose.cells.i_cells/#a0b79a3163e2b601aa1b6a6a1e3f1467f">SetStandardHeight&lt;/a> method of the &lt;a href="https://apireference.aspose.com/cpp/cells/class/aspose.cells.i_cells/">ICells&lt;/a> collection.&lt;/p>
&lt;h2 id="working-with-columns">Working with Columns&lt;/h2>
&lt;h3 id="setting-the-width-of-a-column">Setting the Width of a Column&lt;/h3>
&lt;p>Set the width of a column by calling the &lt;a href="https://apireference.aspose.com/cpp/cells/class/aspose.cells.i_cells/">ICells&lt;/a> collection&amp;rsquo;s &lt;a href="https://apireference.aspose.com/cpp/cells/class/aspose.cells.i_cells/#ab1c6a4e89760d2a022d5bfba8bc40987">SetColumnWidth&lt;/a> method. The &lt;a href="https://apireference.aspose.com/cpp/cells/class/aspose.cells.i_cells/#ab1c6a4e89760d2a022d5bfba8bc40987">SetColumnWidth&lt;/a> method takes the following parameters:&lt;/p>
&lt;ul>
&lt;li>&lt;strong>Column index&lt;/strong>, the index of the column that you&amp;rsquo;re changing the width of.&lt;/li>
&lt;li>&lt;strong>Column width&lt;/strong>, the desired column width.&lt;/li>
&lt;/ul>
&lt;h3 id="setting-the-width-of-all-columns-in-a-worksheet">Setting the Width of All Columns in a Worksheet&lt;/h3>
&lt;p>To set the same column width for all columns in the worksheet, use the &lt;a href="https://apireference.aspose.com/cpp/cells/class/aspose.cells.i_cells/">ICells&lt;/a> collection&amp;rsquo;s &lt;a href="https://apireference.aspose.com/cpp/cells/class/aspose.cells.i_cells/#a48f5dbccc3bf4bb9e6e882094b500bd7">SetStandardWidth&lt;/a> method.&lt;/p></description></item><item><title>Cpp: Copying Rows and Columns</title><link>https://docs2.aspose.com/cells/cpp/developerguide/rowsandcolumns/copying+rows+and+columns/</link><pubDate>Mon, 01 Jan 0001 00:00:00 +0000</pubDate><guid>https://docs2.aspose.com/cells/cpp/developerguide/rowsandcolumns/copying+rows+and+columns/</guid><description>
&lt;p>Aspose.Cells for C++ : Copying Rows and Columns&lt;/p>
&lt;h1 id="asposecells-for-c--copying-rows-and-columns">Aspose.Cells for C++ : Copying Rows and Columns&lt;/h1>
&lt;p>
&lt;div class="card my-3 border-top-0 border-right-0 border-bottom-0 border-left border-primary rounded" style="border-width:4px !important;">
&lt;div class="wrap border border-left-0 rounded">
&lt;div class="card-header border-0 bg-white pl-3 text-primary">
&lt;h3>Contents Summary&lt;/h3>
&lt;/div>
&lt;div class="card-body pt-1">
&lt;ul>
&lt;li>1 &lt;a href="#introduction">Introduction&lt;/a>&lt;/li>
&lt;li>2 &lt;a href="#copying-rows-and-columns-with-microsoft-excel">Copying Rows and Columns with Microsoft Excel&lt;/a>&lt;/li>
&lt;li>3 &lt;a href="#using-aspose.cells">Using Aspose.Cells&lt;/a>
&lt;ul>
&lt;li>3.1 &lt;a href="#copying-rows">Copying Rows&lt;/a>&lt;/li>
&lt;li>3.2 &lt;a href="#copying-columns">Copying Columns&lt;/a>&lt;/li>
&lt;/ul>
&lt;/li>
&lt;/ul>
&lt;/div>
&lt;/div>
&lt;/div>
 &lt;/p>
&lt;h2 id="introduction">Introduction&lt;/h2>
&lt;p>Sometimes you need to copy rows and columns in a worksheet without copying the entire worksheet. With Aspose.Cells, it is possible to copy rows and columns within or between workbooks.&lt;br>
When a row (or column) is copied, the data contained in it, including formulas - with updated references - and values, comments, formatting, hidden cells, images and other drawing objects are copied too.&lt;/p>
&lt;h2 id="copying-rows-and-columns-with-microsoft-excel">Copying Rows and Columns with Microsoft Excel&lt;/h2>
&lt;ol>
&lt;li>Select the row or column that you want to copy.&lt;/li>
&lt;li>To copy rows or columns, click &lt;strong>Copy&lt;/strong> on the &lt;strong>Standard&lt;/strong> toolbar, or press &lt;strong>CTRL&lt;/strong>+&lt;strong>C&lt;/strong>.&lt;/li>
&lt;li>Select a row or column below or to the right of where you want to copy your selection.&lt;/li>
&lt;li>When you are copying rows or columns, click &lt;strong>Copied Cells&lt;/strong> on the &lt;strong>Insert&lt;/strong> menu.&lt;/li>
&lt;/ol>
&lt;p>If you click &lt;strong>Paste&lt;/strong> on the &lt;strong>Standard&lt;/strong> toolbar or press &lt;strong>CTRL&lt;/strong>+&lt;strong>V&lt;/strong> instead of clicking a command on the &lt;strong>Insert&lt;/strong> menu, any contents of the destination cells is replaced.&lt;/p>
&lt;h2 id="using-asposecells">Using Aspose.Cells&lt;/h2>
&lt;h3 id="copying-rows">Copying Rows&lt;/h3>
&lt;p>Aspose.Cells provides the &lt;code>CopyRow&lt;/code> method of the &lt;code>Aspose::Cells::ICells&lt;/code> class. This method copies all types of data including formulas, values, comments, cell formats, hidden cells, images and other drawing objects from the source row to the destination row.&lt;/p>
&lt;p>The &lt;code>CopyRow&lt;/code> method takes the following parameters:&lt;/p>
&lt;ul>
&lt;li>the source &lt;code>Cells&lt;/code> object,&lt;/li>
&lt;li>the source row index, and&lt;/li>
&lt;li>the destination row index.&lt;/li>
&lt;/ul>
&lt;p>Use this method to copy a row within a sheet, or to another sheet. The &lt;code>CopyRow&lt;/code> method works in a similar way to Microsoft Excel. So, for example, you don&amp;rsquo;t need to set the height of the destination row explicitly, that value is copied too.&lt;/p>
&lt;p>The following example shows how to copy a row in a worksheet. It uses a template Microsoft Excel file and copies the second row (complete with data, formatting, comments, images and so on) and paste it to 12th row in the same worksheet.&lt;/p>
&lt;p>You can skip the step that gets the source row height using the &lt;strong>GetRowHeigh&lt;/strong> method and then sets the destination row height using the &lt;strong>SetRowHeight&lt;/strong> method as the &lt;strong>CopyRow&lt;/strong> method automatically takes care of the row height.&lt;/p>
&lt;p>When copying rows, it is important to note related images, charts or other drawing objects as this is same with Microsoft Excel:&lt;/p>
&lt;ol>
&lt;li>If the source row index is 5, the image, chart etc., is copied if it is contained in the three rows (the starting row index is 4 and the ending row index is 6).&lt;/li>
&lt;li>The existing images, charts etc. in the destination row will not be removed.&lt;/li>
&lt;/ol>
&lt;h3 id="copying-columns">Copying Columns&lt;/h3>
&lt;p>Aspose.Cells provides the &lt;code>CopyColumn&lt;/code> method of the &lt;code>Aspose::Cells::ICells&lt;/code> class, this method copies all types of data, including formulas - with updated references - and values, comments, cell formats, hidden cells, images and other drawing objects from the source column to the destination column.&lt;/p>
&lt;p>The &lt;code>CopyColumn&lt;/code> method takes the following parameters:&lt;/p>
&lt;ul>
&lt;li>the source &lt;code>Cells&lt;/code> object,&lt;/li>
&lt;li>source column index, and&lt;/li>
&lt;li>the destination column index.&lt;/li>
&lt;/ul>
&lt;p>Use the &lt;code>CopyColumn&lt;/code> method to copy a column within a sheet or to another sheet.&lt;/p>
&lt;p>This example copies a column from a worksheet and pastes it into a worksheet in another workbook.&lt;/p></description></item><item><title>Cpp: Grouping Ungrouping Rows and Columns</title><link>https://docs2.aspose.com/cells/cpp/developerguide/rowsandcolumns/grouping+ungrouping+rows+and+columns/</link><pubDate>Mon, 01 Jan 0001 00:00:00 +0000</pubDate><guid>https://docs2.aspose.com/cells/cpp/developerguide/rowsandcolumns/grouping+ungrouping+rows+and+columns/</guid><description>
&lt;p>Aspose.Cells for C++ : Grouping, Ungrouping Rows and Columns&lt;/p>
&lt;h1 id="asposecells-for-c--grouping-ungrouping-rows-and-columns">Aspose.Cells for C++ : Grouping, Ungrouping Rows and Columns&lt;/h1>
&lt;p>
&lt;div class="card my-3 border-top-0 border-right-0 border-bottom-0 border-left border-primary rounded" style="border-width:4px !important;">
&lt;div class="wrap border border-left-0 rounded">
&lt;div class="card-header border-0 bg-white pl-3 text-primary">
&lt;h3>Contents Summary&lt;/h3>
&lt;/div>
&lt;div class="card-body pt-1">
&lt;ul>
&lt;li>1 &lt;a href="#introduction">Introduction&lt;/a>&lt;/li>
&lt;li>2 &lt;a href="#group-management-of-rows-&amp;amp;-columns">Group Management of Rows &amp;amp; Columns&lt;/a>
&lt;ul>
&lt;li>2.1 &lt;a href="#grouping-rows-&amp;amp;-columns">Grouping Rows &amp;amp; Columns&lt;/a>
&lt;ul>
&lt;li>2.1.1 &lt;a href="#group-settings">Group Settings&lt;/a>&lt;/li>
&lt;/ul>
&lt;/li>
&lt;/ul>
&lt;/li>
&lt;li>3 &lt;a href="#ungrouping-rows-&amp;amp;-columns">Ungrouping Rows &amp;amp; Columns&lt;/a>&lt;/li>
&lt;/ul>
&lt;/div>
&lt;/div>
&lt;/div>
 &lt;/p>
&lt;h2 id="introduction">Introduction&lt;/h2>
&lt;p>In a Microsoft Excel file, you can create an outline for the data to let you show and hide levels of detail with a single mouse click.&lt;/p>
&lt;p>Click the &lt;strong>Outline Symbols&lt;/strong>, 1,2,3, + and - to quickly display only the rows or columns that provide summaries or headings for sections in a worksheet, or you can use the symbols to see details under an individual summary or heading.&lt;/p>
&lt;h2 id="group-management-of-rows--columns">Group Management of Rows &amp;amp; Columns&lt;/h2>
&lt;p>Aspose.Cells provides a class, &lt;a href="https://apireference.aspose.com/cpp/cells/class/aspose.cells.i_workbook/">IWorkbook&lt;/a> that represents a Microsoft Excel file. The &lt;a href="https://apireference.aspose.com/cpp/cells/class/aspose.cells.i_workbook/">IWorkbook&lt;/a> class contains a &lt;a href="https://apireference.aspose.com/cpp/cells/class/aspose.cells.i_worksheet_collection/">IWorksheets&lt;/a> collection that allows access to each worksheet in the Excel file. A worksheet is represented by the &lt;a href="https://apireference.aspose.com/cpp/cells/class/aspose.cells.i_worksheet/">IWorksheet&lt;/a> class. The &lt;a href="https://apireference.aspose.com/cpp/cells/class/aspose.cells.i_worksheet/">IWorksheet&lt;/a> class provides an &lt;a href="https://apireference.aspose.com/cpp/cells/class/aspose.cells.i_cells/">ICells&lt;/a> collection that represents all cells in the worksheet.&lt;/p>
&lt;p>The &lt;a href="https://apireference.aspose.com/cpp/cells/class/aspose.cells.i_cells/">ICells&lt;/a> collection provides several methods to manage rows or columns in a worksheet, few of these are discussed below in more detail.&lt;/p>
&lt;h3 id="grouping-rows--columns">Grouping Rows &amp;amp; Columns&lt;/h3>
&lt;p>It is possible to group rows or columns by calling the &lt;a href="https://apireference.aspose.com/cpp/cells/class/aspose.cells.i_cells/#a88e0180ed1a4a423e0bd3ac599ef9332">GroupRows&lt;/a> and &lt;a href="https://apireference.aspose.com/cpp/cells/class/aspose.cells.i_cells/#aaa14179e2a84ba5c2857f8434570d3d8">GroupColumns&lt;/a> methods of the &lt;a href="https://apireference.aspose.com/cpp/cells/class/aspose.cells.i_cells/">ICells&lt;/a> collection. Both methods take the following parameters:&lt;/p>
&lt;ul>
&lt;li>The first row/column index, the first row or column in the group.&lt;/li>
&lt;li>The last row/column index, the last row or column in the group.&lt;/li>
&lt;li>Is hidden, a Boolean parameter that specifies whether to hide rows/columns after grouping or not.&lt;/li>
&lt;/ul>
&lt;h4 id="group-settings">Group Settings&lt;/h4>
&lt;p>Microsoft Excel allows you to configure group settings for displaying:&lt;/p>
&lt;ul>
&lt;li>Summary rows below detail.&lt;/li>
&lt;li>Summary columns to the right of detail.&lt;/li>
&lt;/ul>
&lt;h2 id="ungrouping-rows--columns">Ungrouping Rows &amp;amp; Columns&lt;/h2>
&lt;p>To ungroup any grouped rows or columns, call the &lt;a href="https://apireference.aspose.com/cpp/cells/class/aspose.cells.i_cells/">ICells&lt;/a> collection&amp;rsquo;s &lt;a href="https://apireference.aspose.com/cpp/cells/class/aspose.cells.i_cells/#adc1f6418506854ab41707bfef453ddb1">UngroupRows&lt;/a> and &lt;a href="https://apireference.aspose.com/cpp/cells/class/aspose.cells.i_cells/#aa3bf9a9510d4e85f68db9ebdcadc8406">UngroupColumns&lt;/a> methods. Both methods take two parameters:&lt;/p>
&lt;ul>
&lt;li>The first row or column index, the first row/column to be ungrouped.&lt;/li>
&lt;li>The last row or column index, the last row/column to be ungrouped.&lt;/li>
&lt;/ul></description></item><item><title>Cpp: Inserting Deleting Rows and Columns</title><link>https://docs2.aspose.com/cells/cpp/developerguide/rowsandcolumns/inserting+deleting+rows+and+columns/</link><pubDate>Mon, 01 Jan 0001 00:00:00 +0000</pubDate><guid>https://docs2.aspose.com/cells/cpp/developerguide/rowsandcolumns/inserting+deleting+rows+and+columns/</guid><description>
&lt;p>Aspose.Cells for C++ : Inserting, Deleting Rows and Columns&lt;/p>
&lt;h1 id="asposecells-for-c--inserting-deleting-rows-and-columns">Aspose.Cells for C++ : Inserting, Deleting Rows and Columns&lt;/h1>
&lt;p>
&lt;div class="card my-3 border-top-0 border-right-0 border-bottom-0 border-left border-primary rounded" style="border-width:4px !important;">
&lt;div class="wrap border border-left-0 rounded">
&lt;div class="card-header border-0 bg-white pl-3 text-primary">
&lt;h3>Contents Summary&lt;/h3>
&lt;/div>
&lt;div class="card-body pt-1">
&lt;ul>
&lt;li>1 &lt;a href="#introduction">Introduction&lt;/a>
&lt;ul>
&lt;li>1.1 &lt;a href="#managing-rows-and-columns">Managing Rows and Columns&lt;/a>
&lt;ul>
&lt;li>1.1.1 &lt;a href="#insert-a-row">Insert a Row&lt;/a>&lt;/li>
&lt;li>1.1.2 &lt;a href="#inserting-multiple-rows">Inserting Multiple Rows&lt;/a>&lt;/li>
&lt;li>1.1.3 &lt;a href="#deleting-multiple-rows">Deleting Multiple Rows&lt;/a>&lt;/li>
&lt;li>1.1.4 &lt;a href="#insert-a-column">Insert a Column&lt;/a>&lt;/li>
&lt;li>1.1.5 &lt;a href="#delete-a-column">Delete a Column&lt;/a>&lt;/li>
&lt;/ul>
&lt;/li>
&lt;/ul>
&lt;/li>
&lt;/ul>
&lt;/div>
&lt;/div>
&lt;/div>
 &lt;/p>
&lt;h2 id="introduction">Introduction&lt;/h2>
&lt;p>Whether creating a new worksheet from scratch or working on an existing worksheet, we may need to add extra rows or columns to accommodate more data. Inversely, we may also need to delete rows or columns from specified positions in the worksheet. To fulfill these requirements, Aspose.Cells provides a very simplest set of classes and methods, discussed below.&lt;/p>
&lt;h3 id="managing-rows-and-columns">Managing Rows and Columns&lt;/h3>
&lt;p>Aspose.Cells provides a class, &lt;a href="https://apireference.aspose.com/cpp/cells/class/aspose.cells.i_workbook/">IWorkbook&lt;/a>, that represents a Microsoft Excel file. The &lt;a href="https://apireference.aspose.com/cpp/cells/class/aspose.cells.i_workbook/">IWorkbook&lt;/a> class contains an &lt;a href="https://apireference.aspose.com/cpp/cells/class/aspose.cells.i_worksheet_collection/">IWorksheets&lt;/a> collection that allows access to each worksheet in an Excel file. A worksheet is represented by the &lt;a href="https://apireference.aspose.com/cpp/cells/class/aspose.cells.i_worksheet/">IWorksheet&lt;/a> class. The &lt;a href="https://apireference.aspose.com/cpp/cells/class/aspose.cells.i_worksheet/">IWorksheet&lt;/a> class provides an &lt;a href="https://apireference.aspose.com/cpp/cells/class/aspose.cells.i_cells/">ICells&lt;/a> collection that represents all cells in the worksheet.&lt;/p>
&lt;p>The &lt;a href="https://apireference.aspose.com/cpp/cells/class/aspose.cells.i_cells/">ICells&lt;/a> collection provides several methods managing rows and columns in a worksheet. Some of these are discussed below.&lt;/p>
&lt;p>When rows or columns are added, the content in the worksheet is shifted down or to the right, and if rows or columns are removed, the content is shifted up or the left.&lt;/p>
&lt;h4 id="insert-a-row">Insert a Row&lt;/h4>
&lt;p>Insert a row into the worksheet at any location by calling the &lt;a href="https://apireference.aspose.com/cpp/cells/class/aspose.cells.i_cells/#ad9c067ccb5f34a7740f5d1cc3dbefbe7">InsertRow&lt;/a> method of the &lt;a href="https://apireference.aspose.com/cpp/cells/class/aspose.cells.i_cells/">ICells&lt;/a> collection. The &lt;a href="https://apireference.aspose.com/cpp/cells/class/aspose.cells.i_cells/#ad9c067ccb5f34a7740f5d1cc3dbefbe7">InsertRow&lt;/a> method takes the index of the row where the new row will be inserted.&lt;/p>
&lt;h4 id="inserting-multiple-rows">Inserting Multiple Rows&lt;/h4>
&lt;p>To insert multiple rows into a worksheet, call the &lt;a href="https://apireference.aspose.com/cpp/cells/class/aspose.cells.i_cells/#a61e4cd6dcaeeb0d11afd54616df75ee0">InsertRows&lt;/a> method of the &lt;a href="https://apireference.aspose.com/cpp/cells/class/aspose.cells.i_cells/">ICells&lt;/a> collection. The &lt;a href="https://apireference.aspose.com/cpp/cells/class/aspose.cells.i_cells/#a61e4cd6dcaeeb0d11afd54616df75ee0">InsertRows&lt;/a> method takes two parameters:&lt;/p>
&lt;ul>
&lt;li>Row index, the index of the row from where the new rows will be inserted.&lt;/li>
&lt;li>Number of rows, the total number of rows that need to be inserted.&lt;/li>
&lt;/ul>
&lt;h4 id="deleting-multiple-rows">Deleting Multiple Rows&lt;/h4>
&lt;p>To delete multiple rows from a worksheet, call the &lt;a href="https://apireference.aspose.com/cpp/cells/class/aspose.cells.i_cells/#a251261027b564ebdf27c2c6d5149c0e1">DeleteRows&lt;/a> method of the &lt;a href="https://apireference.aspose.com/cpp/cells/class/aspose.cells.i_cells/">ICells&lt;/a> collection. The &lt;a href="https://apireference.aspose.com/cpp/cells/class/aspose.cells.i_cells/#a251261027b564ebdf27c2c6d5149c0e1">DeleteRows&lt;/a> method takes two parameters:&lt;/p>
&lt;ul>
&lt;li>Row index, the index of the row from where the rows will be deleted.&lt;/li>
&lt;li>Number of rows, the total number of rows that need to be deleted.&lt;/li>
&lt;/ul>
&lt;h4 id="insert-a-column">Insert a Column&lt;/h4>
&lt;p>Developers can also insert a column into the worksheet at any location by calling the &lt;a href="https://apireference.aspose.com/cpp/cells/class/aspose.cells.i_cells/#a8e8cb6d0812129669258378649b3fd55">InsertColumn&lt;/a> method of the &lt;a href="https://apireference.aspose.com/cpp/cells/class/aspose.cells.i_cells/">ICells&lt;/a> collection. &lt;a href="https://apireference.aspose.com/cpp/cells/class/aspose.cells.i_cells/#a8e8cb6d0812129669258378649b3fd55">InsertColumn&lt;/a> method takes the index of the column where the new column will be inserted.&lt;/p>
&lt;h4 id="delete-a-column">Delete a Column&lt;/h4>
&lt;p>To delete a column from the worksheet at any location, call the &lt;a href="https://apireference.aspose.com/cpp/cells/class/aspose.cells.i_cells/#ae00721fd2be220e7b73b2cab6a70e89b">DeleteColumn&lt;/a> method of the &lt;a href="https://apireference.aspose.com/cpp/cells/class/aspose.cells.i_cells/">ICells&lt;/a> collection. The &lt;a href="https://apireference.aspose.com/cpp/cells/class/aspose.cells.i_cells/#ae00721fd2be220e7b73b2cab6a70e89b">DeleteColumn&lt;/a> method takes the index of the column to delete.&lt;/p></description></item></channel></rss>