<rss version="2.0" xmlns:atom="http://www.w3.org/2005/Atom"><channel><title>Documentation – Adding Table Group</title><link>https://docs2.aspose.com/cells/reportingservices/userguide/creatingtabularreport/adding+table+group/</link><description>Recent content in Adding Table Group on Documentation</description><generator>Hugo -- gohugo.io</generator><atom:link href="https://docs2.aspose.com/cells/reportingservices/userguide/creatingtabularreport/adding+table+group/index.xml" rel="self" type="application/rss+xml"/></channel></rss>