<rss version="2.0" xmlns:atom="http://www.w3.org/2005/Atom"><channel><title>Documentation – Managing Document Properties</title><link>https://docs2.aspose.com/cells/cpp/developerguide/ld-sv-cvt/managing+document+properties/</link><description>Recent content in Managing Document Properties on Documentation</description><generator>Hugo -- gohugo.io</generator><atom:link href="https://docs2.aspose.com/cells/cpp/developerguide/ld-sv-cvt/managing+document+properties/index.xml" rel="self" type="application/rss+xml"/></channel></rss>