<rss version="2.0" xmlns:atom="http://www.w3.org/2005/Atom"><channel><title>Documentation – Extracting OLE Objects from Worksheet</title><link>https://docs2.aspose.com/cells/cpp/developerguide/drawingobjects/extracting+ole+objects+from+worksheet/</link><description>Recent content in Extracting OLE Objects from Worksheet on Documentation</description><generator>Hugo -- gohugo.io</generator><atom:link href="https://docs2.aspose.com/cells/cpp/developerguide/drawingobjects/extracting+ole+objects+from+worksheet/index.xml" rel="self" type="application/rss+xml"/></channel></rss>