<rss version="2.0" xmlns:atom="http://www.w3.org/2005/Atom"><channel><title>Documentation – Read and Manipulate Excel 2016 Charts</title><link>https://docs2.aspose.com/cells/cpp/developerguide/charts/read+and+manipulate+excel+2016+charts/</link><description>Recent content in Read and Manipulate Excel 2016 Charts on Documentation</description><generator>Hugo -- gohugo.io</generator><atom:link href="https://docs2.aspose.com/cells/cpp/developerguide/charts/read+and+manipulate+excel+2016+charts/index.xml" rel="self" type="application/rss+xml"/></channel></rss>