<rss version="2.0" xmlns:atom="http://www.w3.org/2005/Atom"><channel><title>Documentation – Count the number of cells in the Worksheet</title><link>https://docs2.aspose.com/cells/pythonjava/developerguide/worksheets/count+the+number+of+cells+in+the+worksheet/</link><description>Recent content in Count the number of cells in the Worksheet on Documentation</description><generator>Hugo -- gohugo.io</generator><atom:link href="https://docs2.aspose.com/cells/pythonjava/developerguide/worksheets/count+the+number+of+cells+in+the+worksheet/index.xml" rel="self" type="application/rss+xml"/></channel></rss>