<rss version="2.0" xmlns:atom="http://www.w3.org/2005/Atom"><channel><title>Documentation – Tables</title><link>https://docs2.aspose.com/cells/pythonjava/developerguide/tables/</link><description>Recent content in Tables on Documentation</description><generator>Hugo -- gohugo.io</generator><atom:link href="https://docs2.aspose.com/cells/pythonjava/developerguide/tables/index.xml" rel="self" type="application/rss+xml"/><item><title>Pythonjava: Creating a List Object</title><link>https://docs2.aspose.com/cells/pythonjava/developerguide/tables/creating+a+list+object/</link><pubDate>Mon, 01 Jan 0001 00:00:00 +0000</pubDate><guid>https://docs2.aspose.com/cells/pythonjava/developerguide/tables/creating+a+list+object/</guid><description>
&lt;p>Aspose.Cells for Python via Java : Creating a List Object&lt;/p>
&lt;h1 id="asposecells-for-python-via-java--creating-a-list-object">Aspose.Cells for Python via Java : Creating a List Object&lt;/h1>
&lt;p>
&lt;div class="card my-3 border-top-0 border-right-0 border-bottom-0 border-left border-primary rounded" style="border-width:4px !important;">
&lt;div class="wrap border border-left-0 rounded">
&lt;div class="card-header border-0 bg-white pl-3 text-primary">
&lt;h3>Contents Summary&lt;/h3>
&lt;/div>
&lt;div class="card-body pt-1">
&lt;ul>
&lt;li>1 &lt;a href="#advantages-of-a-list-object">Advantages of a List Object&lt;/a>&lt;/li>
&lt;li>2 &lt;a href="#creating-a-list-object-using-microsoft-excel">Creating a List Object using Microsoft Excel&lt;/a>&lt;/li>
&lt;li>3 &lt;a href="#creating-a-list-object-using-aspose.cells-api">Creating a List Object using Aspose.Cells API&lt;/a>&lt;/li>
&lt;/ul>
&lt;/div>
&lt;/div>
&lt;/div>
 &lt;/p>
&lt;p> &lt;/p>
&lt;p>The use of worksheets make is easy to work with different types of lists, for example. phone lists, task lists. etc. Aspose.Cells supports creating and managing lists.&lt;/p>
&lt;h3 id="advantages-of-a-list-object">Advantages of a List Object&lt;/h3>
&lt;p>There are quite a few advantages when you convert a list of data to an actual List Object:&lt;/p>
&lt;ul>
&lt;li>New rows and columns are automatically included.&lt;/li>
&lt;li>A total row at the bottom of your list can be easily added to display SUM, AVERAGE, COUNT, etc.&lt;/li>
&lt;li>Columns added to the right are automatically incorporated into the List object.&lt;/li>
&lt;li>Charts based on rows and columns will be expanded automatically.&lt;/li>
&lt;li>Named ranges assigned to rows and columns will be expanded automatically.&lt;/li>
&lt;li>The list is protected from accidental row and column deletion.&lt;/li>
&lt;/ul>
&lt;h3 id="creating-a-list-object-using-microsoft-excel">Creating a List Object using Microsoft Excel&lt;/h3>
&lt;p>&lt;strong>Selecting data range for creating a list object&lt;/strong>&lt;br>
&lt;img src="download/attachments/5276801/2007166704" alt="">&lt;/p>
&lt;p>This displays the Create List dialog.&lt;/p>
&lt;p>&lt;strong>Create List dialog&lt;/strong>&lt;br>
&lt;img src="download/attachments/5276801/355131023" alt="">&lt;/p>
&lt;p>Implementing the List object and specifying Total Row (Select &lt;strong>Data&lt;/strong>, then &lt;strong>List&lt;/strong>, followed by &lt;strong>Total Row&lt;/strong>).&lt;/p>
&lt;p>&lt;strong>Creating a List object&lt;/strong>&lt;br>
&lt;img src="download/attachments/5276801/121132945" alt="">&lt;/p>
&lt;h3 id="creating-a-list-object-using-asposecells-api">Creating a List Object using Aspose.Cells API&lt;/h3>
&lt;p>Aspose.Cells provides a class, &lt;a href="https://apireference.aspose.com/cells/python/asposecells.api/Workbook">Workbook&lt;/a>, that represents a Microsoft Excel file. The &lt;a href="https://apireference.aspose.com/cells/python/asposecells.api/Workbook">Workbook&lt;/a> class contains a &lt;a href="https://apireference.aspose.com/cells/python/asposecells.api/worksheetcollection">Worksheets&lt;/a> collection that allows access to each worksheet in an Excel file.&lt;/p>
&lt;p>A worksheet is represented by the &lt;a href="https://apireference.aspose.com/cells/python/asposecells.api/Worksheet">Worksheet&lt;/a> class. The &lt;a href="https://apireference.aspose.com/cells/python/asposecells.api/Worksheet">Worksheet&lt;/a> class provides a wide range of properties and methods for managing a worksheet. To create a &lt;a href="https://apireference.aspose.com/cells/python/asposecells.api/ListObject">ListObject&lt;/a> in a worksheet, use &lt;a href="https://apireference.aspose.com/cells/python/asposecells.api/worksheet#ListObjects">ListObjects&lt;/a> collection property of the &lt;a href="https://apireference.aspose.com/cells/python/asposecells.api/Worksheet">Worksheet&lt;/a> class. Each &lt;a href="https://apireference.aspose.com/cells/python/asposecells.api/ListObject">ListObject&lt;/a> is, in fact, an object of the &lt;a href="https://apireference.aspose.com/cells/python/asposecells.api/ListObjectCollection">ListObjectCollection&lt;/a> class, which further provides the &lt;a href="https://apireference.aspose.com/cells/python/asposecells.api/listobjectcollection#add(int,%20int,%20int,%20int,%20boolean)">add&lt;/a> method for adding a List object and specifying a range of cells for the list.&lt;/p>
&lt;p>According to the specified range of cells, the List object is created in the worksheet by Aspose.Cells. Use attributes (for example, ShowTotals, ListColumns, etc.) of the &lt;a href="https://apireference.aspose.com/cells/python/asposecells.api/ListObject">ListObject&lt;/a> class to control the list.&lt;/p>
&lt;p>In the example given below, we have created the same &lt;a href="https://apireference.aspose.com/cells/python/asposecells.api/ListObject">ListObject&lt;/a> using Aspose.Cells for Python via Java API as we created using Microsoft Excel in the above section.&lt;/p></description></item><item><title>Pythonjava: Formatting List Object</title><link>https://docs2.aspose.com/cells/pythonjava/developerguide/tables/formatting+list+object/</link><pubDate>Mon, 01 Jan 0001 00:00:00 +0000</pubDate><guid>https://docs2.aspose.com/cells/pythonjava/developerguide/tables/formatting+list+object/</guid><description>
&lt;p>Aspose.Cells for Python via Java : Formatting List Object&lt;/p>
&lt;h1 id="asposecells-for-python-via-java--formatting-list-object">Aspose.Cells for Python via Java : Formatting List Object&lt;/h1>
&lt;p>
&lt;div class="card my-3 border-top-0 border-right-0 border-bottom-0 border-left border-primary rounded" style="border-width:4px !important;">
&lt;div class="wrap border border-left-0 rounded">
&lt;div class="card-header border-0 bg-white pl-3 text-primary">
&lt;h3>Contents Summary&lt;/h3>
&lt;/div>
&lt;div class="card-body pt-1">
&lt;ul>
&lt;li>1 &lt;a href="#formatting-list-object">Formatting List Object&lt;/a>&lt;/li>
&lt;/ul>
&lt;/div>
&lt;/div>
&lt;/div>
 &lt;/p>
&lt;p> &lt;/p>
&lt;h2 id="formatting-list-object">Formatting List Object&lt;/h2>
&lt;p>A table is a series of rows and columns that contain related data managed independently from the data in other rows and columns. By default, every column in the table has filtering enabled in the header row so that you can filter or sort your list object data quickly. You can add a total row (a special row in a list that provides a selection of aggregate functions useful for working with numerical data) to the list object that provides a drop-down list of aggregate functions for each total row cell.&lt;/p>
&lt;p>Aspose.Cells supports formatting List objects. For this, thee API provides the &lt;a href="https://apireference.aspose.com/cells/python/asposecells.api/ListObject">ListObject&lt;/a> and &lt;a href="https://apireference.aspose.com/cells/python/asposecells.api/TableStyleType">TableStyleType&lt;/a> classes. The &lt;a href="https://apireference.aspose.com/cells/python/asposecells.api/TableStyleType">TableStyleType&lt;/a> class contains constants that represent the built-in table styles. The following code snippet creates a new List Object and sets it table style type to &lt;a href="https://apireference.aspose.com/cells/python/asposecells.api/tablestyletype#TABLE_STYLE_MEDIUM_10">TABLE_STYLE_MEDIUM_10&lt;/a>&lt;/p></description></item><item><title>Pythonjava: Hide Overlaid Content while converting Excel to HTML</title><link>https://docs2.aspose.com/cells/pythonjava/developerguide/tables/hide+overlaid+content+while+converting+excel+to+html/</link><pubDate>Mon, 01 Jan 0001 00:00:00 +0000</pubDate><guid>https://docs2.aspose.com/cells/pythonjava/developerguide/tables/hide+overlaid+content+while+converting+excel+to+html/</guid><description>
&lt;p>Aspose.Cells for Python via Java : Hide Overlaid Content while converting Excel to HTML&lt;/p>
&lt;h1 id="asposecells-for-python-via-java--hide-overlaid-content-while-converting-excel-to-html">Aspose.Cells for Python via Java : Hide Overlaid Content while converting Excel to HTML&lt;/h1>
&lt;p>
&lt;div class="card my-3 border-top-0 border-right-0 border-bottom-0 border-left border-primary rounded" style="border-width:4px !important;">
&lt;div class="wrap border border-left-0 rounded">
&lt;div class="card-header border-0 bg-white pl-3 text-primary">
&lt;h3>Contents Summary&lt;/h3>
&lt;/div>
&lt;div class="card-body pt-1">
&lt;ul>
&lt;li>1 &lt;a href="#hide-overlaid-content-while-converting-excel-to-html">Hide Overlaid Content while converting Excel to HTML&lt;/a>&lt;/li>
&lt;li>2 &lt;a href="#sample-code">Sample Code&lt;/a>&lt;/li>
&lt;/ul>
&lt;/div>
&lt;/div>
&lt;/div>
 &lt;/p>
&lt;p> &lt;/p>
&lt;h2 id="hide-overlaid-content-while-converting-excel-to-html">Hide Overlaid Content while converting Excel to HTML&lt;/h2>
&lt;p>When you save your Excel file to HTML, you can specify different cross types for cell strings. By default, Aspose.Cells generates HTML as per Microsoft Excel but when you change the &lt;a href="https://apireference.aspose.com/cells/python/asposecells.api/htmlsaveoptions#HtmlCrossStringType">HtmlSaveOptions.HtmlCrossStringType&lt;/a> to &lt;a href="https://apireference.aspose.com/cells/python/asposecells.api/htmlcrosstype#CROSS_HIDE_RIGHT">CROSS_HIDE_RIGHT&lt;/a> then it hides all the strings at the right side of the cell which are overlaid or overlapping with cell string.&lt;/p>
&lt;p>The following sample code loads the &lt;a href="https://docs.aspose.com/download/attachments/64456354/sampleHidingOverlaidContentWithCrossHideRight.xlsx?version=1&amp;amp;modificationDate=1525009682893&amp;amp;api=v2">sample Excel file&lt;/a> and saves it to &lt;a href="https://docs.aspose.com/download/attachments/64456354/HTML-outputHidingOverlaidContentWithCrossHideRight.zip?version=1&amp;amp;modificationDate=1525009682893&amp;amp;api=v2">output HTML&lt;/a> after setting the &lt;a href="https://apireference.aspose.com/cells/python/asposecells.api/htmlsaveoptions#HtmlCrossStringType">HtmlSaveOptions.HtmlCrossStringType&lt;/a> as &lt;a href="https://apireference.aspose.com/cells/python/asposecells.api/htmlcrosstype#CROSS_HIDE_RIGHT">CROSS_HIDE_RIGHT&lt;/a>. The screenshot explains how &lt;a href="https://apireference.aspose.com/cells/python/asposecells.api/htmlcrosstype#CROSS_HIDE_RIGHT">CROSS_HIDE_RIGHT&lt;/a> affects the output HTML from the default output.&lt;/p>
&lt;p>&lt;img src="https://docs.aspose.com/download/attachments/64456354/Hiding-Overlaid-Content-With-CrossHideRight.png?version=1&amp;amp;modificationDate=1525009682893&amp;amp;api=v2" alt="">&lt;/p>
&lt;h2 id="sample-code">Sample Code&lt;/h2></description></item><item><title>Pythonjava: Read and Write Table with Query Table Data Source</title><link>https://docs2.aspose.com/cells/pythonjava/developerguide/tables/read+and+write+table+with+query+table+data+source/</link><pubDate>Mon, 01 Jan 0001 00:00:00 +0000</pubDate><guid>https://docs2.aspose.com/cells/pythonjava/developerguide/tables/read+and+write+table+with+query+table+data+source/</guid><description>
&lt;p>Aspose.Cells for Python via Java : Read and Write Table with Query Table Data Source&lt;/p>
&lt;h1 id="asposecells-for-python-via-java--read-and-write-table-with-query-table-data-source">Aspose.Cells for Python via Java : Read and Write Table with Query Table Data Source&lt;/h1>
&lt;p>
&lt;div class="card my-3 border-top-0 border-right-0 border-bottom-0 border-left border-primary rounded" style="border-width:4px !important;">
&lt;div class="wrap border border-left-0 rounded">
&lt;div class="card-header border-0 bg-white pl-3 text-primary">
&lt;h3>Contents Summary&lt;/h3>
&lt;/div>
&lt;div class="card-body pt-1">
&lt;ul>
&lt;li>1 &lt;a href="#read-and-write-table-with-query-table-data-source">Read and Write Table with Query Table Data Source&lt;/a>&lt;/li>
&lt;/ul>
&lt;/div>
&lt;/div>
&lt;/div>
 &lt;/p>
&lt;p> &lt;/p>
&lt;h2 id="read-and-write-table-with-query-table-data-source">Read and Write Table with Query Table Data Source&lt;/h2>
&lt;p>With Aspose.Cells for Python via Java, you can read and write a table which has a QueryTable as Datasource. The support for this feature also exists for XLS files. The following code snippet demonstrates reading and writing such a table by first reading the table and then modifying it to add the totals row.&lt;/p>
&lt;p>The source and output excel files are attached for reference.&lt;/p>
&lt;p>&lt;a href="https://docs.aspose.com/download/attachments/96764758/SampleTableWithQueryTable.xls?version=1&amp;amp;modificationDate=1575556545937&amp;amp;api=v2">Source File&lt;/a>&lt;/p>
&lt;p>&lt;a href="https://docs.aspose.com/download/attachments/96764758/SampleTableWithQueryTable_out.xls?version=1&amp;amp;modificationDate=1575556545941&amp;amp;api=v2">Output File&lt;/a>&lt;/p></description></item><item><title>Pythonjava: Set the Comment of Table or List Object</title><link>https://docs2.aspose.com/cells/pythonjava/developerguide/tables/set+the+comment+of+table+or+list+object/</link><pubDate>Mon, 01 Jan 0001 00:00:00 +0000</pubDate><guid>https://docs2.aspose.com/cells/pythonjava/developerguide/tables/set+the+comment+of+table+or+list+object/</guid><description>
&lt;p>Aspose.Cells for Python via Java : Set the Comment of Table or List Object&lt;/p>
&lt;h1 id="asposecells-for-python-via-java--set-the-comment-of-table-or-list-object">Aspose.Cells for Python via Java : Set the Comment of Table or List Object&lt;/h1>
&lt;p>
&lt;div class="card my-3 border-top-0 border-right-0 border-bottom-0 border-left border-primary rounded" style="border-width:4px !important;">
&lt;div class="wrap border border-left-0 rounded">
&lt;div class="card-header border-0 bg-white pl-3 text-primary">
&lt;h3>Contents Summary&lt;/h3>
&lt;/div>
&lt;div class="card-body pt-1">
&lt;ul>
&lt;li>1 &lt;a href="#set-the-comment-of-table-or-list-object-inside-the-worksheet">Set the Comment of Table or List Object inside the Worksheet&lt;/a>&lt;/li>
&lt;/ul>
&lt;/div>
&lt;/div>
&lt;/div>
 &lt;/p>
&lt;p> &lt;/p>
&lt;h2 id="set-the-comment-of-table-or-list-object-inside-the-worksheet">Set the Comment of Table or List Object inside the Worksheet&lt;/h2>
&lt;p>Aspose.Cells for Python via Java supports adding the comment of List Object. For this, the API provides the &lt;a href="https://apireference.aspose.com/cells/python/asposecells.api/listobject#Comment">ListObject.Comment&lt;/a> property. The comment added by the &lt;a href="https://apireference.aspose.com/cells/python/asposecells.api/listobject#Comment">ListObject.Comment&lt;/a> property will be visible inside the &lt;em>xl/tables/tableName.xml&lt;/em> file.&lt;/p>
&lt;p>The following screenshot shows the comment created by the sample code in the red rectangle.&lt;/p>
&lt;p>&lt;img src="https://docs.aspose.com/download/attachments/5276080/setting-list-object-comment.png?version=1&amp;amp;modificationDate=1467533626620&amp;amp;api=v2" alt="">&lt;/p>
&lt;p>The following sample code loads the &lt;a href="https://docs.aspose.com/download/attachments/5276080/source.xlsx?version=1&amp;amp;modificationDate=1469506992817&amp;amp;api=v2">source excel file&lt;/a>, sets the comment of the first table or list object inside the worksheet &lt;/p></description></item></channel></rss>