<rss version="2.0" xmlns:atom="http://www.w3.org/2005/Atom"><channel><title>Documentation – Using ICustomFunction Feature</title><link>https://docs2.aspose.com/cells/cpp/developerguide/formulas/using+icustomfunction+feature/</link><description>Recent content in Using ICustomFunction Feature on Documentation</description><generator>Hugo -- gohugo.io</generator><atom:link href="https://docs2.aspose.com/cells/cpp/developerguide/formulas/using+icustomfunction+feature/index.xml" rel="self" type="application/rss+xml"/></channel></rss>