<rss version="2.0" xmlns:atom="http://www.w3.org/2005/Atom"><channel><title>Documentation – Release Notes - 2012</title><link>https://docs2.aspose.com/cells/sharepoint/releasenotes/2012/</link><description>Recent content in Release Notes - 2012 on Documentation</description><generator>Hugo -- gohugo.io</generator><atom:link href="https://docs2.aspose.com/cells/sharepoint/releasenotes/2012/index.xml" rel="self" type="application/rss+xml"/><item><title>Sharepoint: Aspose.Cells for SharePoint 3.0.0 Release Notes</title><link>https://docs2.aspose.com/cells/sharepoint/releasenotes/2012/aspose.cells+for+sharepoint+3.0.0+release+notes/</link><pubDate>Mon, 01 Jan 0001 00:00:00 +0000</pubDate><guid>https://docs2.aspose.com/cells/sharepoint/releasenotes/2012/aspose.cells+for+sharepoint+3.0.0+release+notes/</guid><description>
&lt;p>Aspose.Cells for SharePoint : Aspose.Cells for SharePoint 3.0.0 Release Notes&lt;/p>
&lt;h1 id="asposecells-for-sharepoint--asposecells-for-sharepoint-300-release-notes">Aspose.Cells for SharePoint : Aspose.Cells for SharePoint 3.0.0 Release Notes&lt;/h1>
&lt;p>This page contains release notes for &lt;a href="http://www.aspose.com/downloads/cells/sharepoint/new-releases/aspose.cells-for-sharepoint-3.0.0/">Aspose.Cells for SharePoint 3.0.0&lt;/a>&lt;/p>
&lt;p>We are happy to announce Aspose.Cells for SharePoint v3.0.0!&lt;/p>
&lt;p>New Features&lt;/p>
&lt;ul>
&lt;li>Allow&lt;br>
conversions of multiple files at a time&lt;/li>
&lt;li>Document&lt;br>
preview within SharePoint&lt;/li>
&lt;/ul>
&lt;p>Enhancements&lt;/p>
&lt;ul>
&lt;li>Add support&lt;br>
for new formats (XLSB, MHtml, XPS, TIFF, SVG, DIF) for conversion&lt;/li>
&lt;li>Optimize Aspose.Cells&lt;br>
for SharePoint component&lt;/li>
&lt;/ul></description></item></channel></rss>