<rss version="2.0" xmlns:atom="http://www.w3.org/2005/Atom"><channel><title>Documentation – Conversion Options</title><link>https://docs2.aspose.com/cells/sharepoint/productinformation/features/conversion+options/</link><description>Recent content in Conversion Options on Documentation</description><generator>Hugo -- gohugo.io</generator><atom:link href="https://docs2.aspose.com/cells/sharepoint/productinformation/features/conversion+options/index.xml" rel="self" type="application/rss+xml"/></channel></rss>