<rss version="2.0" xmlns:atom="http://www.w3.org/2005/Atom"><channel><title>Documentation – Exclude Unused Styles during Excel to HTML conversion</title><link>https://docs2.aspose.com/cells/pythonjava/developerguide/html/exclude+unused+styles+during+excel+to+html+conversion/</link><description>Recent content in Exclude Unused Styles during Excel to HTML conversion on Documentation</description><generator>Hugo -- gohugo.io</generator><atom:link href="https://docs2.aspose.com/cells/pythonjava/developerguide/html/exclude+unused+styles+during+excel+to+html+conversion/index.xml" rel="self" type="application/rss+xml"/></channel></rss>